"Data Source","World Development Indicators",

"Last Updated Date","2026-07-13",

"Country Name","Country Code","Indicator Name","Indicator Code","1960","1961","1962","1963","1964","1965","1966","1967","1968","1969","1970","1971","1972","1973","1974","1975","1976","1977","1978","1979","1980","1981","1982","1983","1984","1985","1986","1987","1988","1989","1990","1991","1992","1993","1994","1995","1996","1997","1998","1999","2000","2001","2002","2003","2004","2005","2006","2007","2008","2009","2010","2011","2012","2013","2014","2015","2016","2017","2018","2019","2020","2021","2022","2023","2024","2025",
"Aruba","ABW","GDP, PPP (constant 2021 international $)","NY.GDP.MKTP.PP.KD","","","","","","","","","","","","","","","","","","","","","","","","","","","","","","","2080053016.89093","2245684970.59034","2377784109.23919","2551545277.97822","2760871534.03284","2831194899.01943","2864766882.86583","3066643423.92541","3127730484.03819","3166453096.13781","3407829303.05377","3550344780.07138","3516795673.47901","3555849851.186","3815203869.94321","3800586386.65142","3843434633.27817","3962179252.17603","4034915162.71834","3563728205.54199","3466315234.84113","3583103616.65552","3545810678.35662","3773858102.43237","3827677074.39797","3965912830.6505","4014865495.60672","4155122005.38428","4288604099.7748","4341317223.56609","3302003307.24337","3791812306.88464","4194046268.57238","4593166819.42881","4905997154.64835","",
"Africa Eastern and Southern","AFE","GDP, PPP (constant 2021 international $)","NY.GDP.MKTP.PP.KD","","","","","","","","","","","","","","","","","","","","","","","","","","","","","","","1097361352929.95","1097560859299.79","1070281245549.71","1058236105998.23","1076871623439.96","1125027067808.14","1188897600053.51","1236483404729.79","1260394802084.08","1293458597518.75","1333147871941.85","1381256627181.14","1433495037687.56","1474648996018.76","1559168811568.26","1656986832773.17","1768633714663.86","1889590178109.18","1975659958616.54","1997429669729.9","2109635476332.51","2197030327730.59","2267229376524.11","2373479256458.46","2473943054608.06","2554388329731.86","2624968461862.1","2703088426508.4","2782393100453.08","2839349753092.81","2762599295409.12","2887996518425.35","2999096418677.03","3059171608102.83","3153966875412.08","3285283363655.06",
"Afghanistan","AFG","GDP, PPP (constant 2021 international $)","NY.GDP.MKTP.PP.KD","","","","","","","","","","","","","","","","","","","","","","","","","","","","","","","","","","","","","","","","","32567375969.9946","29495629513.1972","37931379899.2707","41281584746.4411","41865355064.2988","46566715049.4503","49061481753.757","55844878995.5875","58036781460.4599","70451155676.9393","80569661676.7348","80913174277.9269","91231454557.6403","96341095375.7699","98965950294.897","100402257640.593","102671664129.973","105389386367.805","106642706595.941","110814146350.335","108208794210.783","85767546197.7544","80415503801.351","82238478027.9442","83778963277.5713","",
"Africa Western and Central","AFW","GDP, PPP (constant 2021 international $)","NY.GDP.MKTP.PP.KD","","","","","","","","","","","","","","","","","","","","","","","","","","","","","","","871808591101.062","881328022133.11","903445775628.026","891441306921.239","888417797464.42","903903661318.667","945417344856.209","985088843540.41","1019788009861.79","1035079945453.8","1075225907835.43","1132612873837.15","1248915658620.85","1321518613992.46","1428562786878.45","1512002554865.45","1593477047759.22","1680649680407.19","1785698952455.93","1897789088653.21","2031733937059.71","2133330300928.38","2241511584433.09","2377079409792.61","2513223143214.49","2586400342461.08","2587717748116.66","2645089430890.63","2720346480339.28","2807641988234.52","2699435606244.16","2765414500385.42","2888097581226.73","2992365292841.64","3128662366520.15","3271233094656.88",
"Angola","AGO","GDP, PPP (constant 2021 international $)","NY.GDP.MKTP.PP.KD","","","","","","","","","","","","","","","","","","","","","","","","","","","","","","","97270926147.8572","98235230521.4368","92499981986.3706","70315325171.9569","71257102927.5281","81945668386.8447","93044692712.028","99813021723.2397","104495396750.617","106774953085.802","110036526679.168","114664661403.411","130334377149.719","134879544046.795","150282603718.612","171554771947.879","191869975599.026","216818231706.545","240205625250.035","244999142520.042","257968578162.008","267239632476.322","289963346699.383","304122434657.21","318281534508.389","320710588237.715","319963085764.912","319436142856.195","317817567766.92","314463848273.215","297880624646.341","301129262182.548","311841911795.375","315958742285.78","331607163313.255","341998191245.856",
"Albania","ALB","GDP, PPP (constant 2021 international $)","NY.GDP.MKTP.PP.KD","","","","","","","","","","","","","","","","","","","","","","","","","","","","","","","18275914282.1066","13158266876.3027","12212567642.1161","13380017258.6391","14490942242.2782","16421473870.0004","17626207211.1673","15561901036.9304","16855098935.2945","18919971293.1672","20331942020.2171","22134110598.9356","23158564860.6313","24393672323.4953","25678306955.7089","26995815160.3894","28620688210.5827","30481059450.3427","32586405218.4534","33463224413.3624","34458137751.3624","35307019777.3272","35654486708.7655","36263190202.3313","37075567963.5612","37901501901.7584","39383047169.7925","40676061896.2716","42169450675.4784","43039228446.4049","41613013272.6414","45345524203.3941","47534262248.3438","49442961175.9912","51443388009.2045","53392546272.4088",
"Andorra","AND","GDP, PPP (constant 2021 international $)","NY.GDP.MKTP.PP.KD","","","","","","","","","","","","","","","","","","","","","","","","","","","","","","","2631759311.90244","2698763996.90569","2723841290.8748","2695745293.15108","2759989816.43446","2836096580.14852","2967967659.48467","3237093233.43958","3340511674.18327","3477441884.0993","3600138634.67129","3892446768.89736","4069411497.98481","4423214423.66702","4783072832.92882","5041253346.26448","5283671526.22279","5365736885.77917","5067445572.25505","4798726709.88385","4703953872.84549","4703574275.36736","4469597620.27972","4311034330.8461","4419002699.26687","4482377402.04324","4648659173.53205","4664746876.17637","4738858764.76253","4834372720.68675","4293699379.34509","4649508748.84024","5094216232.49801","5225828100.9848","5426978612.24989","5636896017.65261",
"Arab World","ARB","GDP, PPP (constant 2021 international $)","NY.GDP.MKTP.PP.KD","","","","","","","","","","","","","","","","","","","","","","","","","","","","","","","2534296010520.15","2495405007694.93","2654461042365","2740264687100.34","2824819255198.88","2905208206072.21","3051945711880.5","3214887070359.26","3390213478939.79","3495823558009.69","3711127039908.79","3799597860059.05","3851719510664.59","3973332343325.91","4330062773831.31","4561446005653.4","4835734765524.9","5062379429092.46","5353241632603.29","5421443845685.48","5678437130596.32","5932483774226.28","6167458824475.79","6301970522004.08","6472790054965.28","6726097917183.27","6982432749518.81","7096681180747.23","7302922932433.89","7467769982996.74","7154326658654.49","7459817240462.31","7981484001549.19","8114209762223.33","8277088919828.83","8582649844300.49",
"United Arab Emirates","ARE","GDP, PPP (constant 2021 international $)","NY.GDP.MKTP.PP.KD","","","","","","","","","","","","","","","","","","","","","","","","","","","","","","","211418019277.323","213236434810.875","220369794161.501","223148873072.821","238537388359.437","254489980053.1","269246711016.229","291298723806.336","292149975856.004","300628324209.139","333255028999.121","337917005618.237","346139793122.447","376602095951.24","412629834366.593","432663576394.787","475225900525.199","490359054999.81","506010395898.845","479480665998.703","487166022061.582","519984018033.759","544336202989.075","571109110186.963","597568126146.03","639921760403.668","676127903104.977","668951676639.983","679234844226.268","687869897064.677","628070384049.187","656665181293.844","706010444877.864","736376917710.375","765771699903.412","",
"Argentina","ARG","GDP, PPP (constant 2021 international $)","NY.GDP.MKTP.PP.KD","","","","","","","","","","","","","","","","","","","","","","","","","","","","","","","557088925124.231","607968472614.51","656224702857.102","710080926887.272","751522674939.001","730140279566.018","770492868120.735","832987905019.268","865059429174.392","835773213823.75","829178972033.759","792621800475.08","706269738674.223","768683083609.037","838091886093.454","912276929668.686","985689236302.599","1074476681421.66","1118070705029.3","1051897409980.83","1158406210935.09","1227956360246.09","1215352364993.03","1244585524448.65","1213313877880.72","1246451419104.46","1220521143173.66","1254921567938.2","1222075295207.81","1197623267200.44","1079052757506.56","1191725417699.43","1263476170672.42","1240028731129.33","1223376004342.6","1276804911991.02",
"Armenia","ARM","GDP, PPP (constant 2021 international $)","NY.GDP.MKTP.PP.KD","","","","","","","","","","","","","","","","","","","","","","","","","","","","","","","21801542439.2043","19250762304.759","11203943132.7907","10217996272.3038","10769768354.9844","11512882201.2876","12188158880.2036","12592937350.635","13512221775.6837","13958125094.3598","14781654475.3627","16200693304.8905","18339184820.8016","20906670695.9981","23101871118.8312","26313031204.1439","29786351322.9505","33867081454.6554","36203910075.1721","31099158754.3195","31783340246.9814","33277157238.1681","35673112559.6373","36850325274.1053","38176936984.1905","39398598967.2899","39477396165.156","42438200878.1907","44644987323.7094","48038006359.6591","44579269902.145","47164867556.762","53107640868.8087","57515575060.7049","60908993989.5524","65294441556.8002",
"American Samoa","ASM","GDP, PPP (constant 2021 international $)","NY.GDP.MKTP.PP.KD","","","","","","","","","","","","","","","","","","","","","","","","","","","","","","","","","","","","","","","","","","","","","","","","","","","","","","","","","","","","","","","","","","",
"Antigua and Barbuda","ATG","GDP, PPP (constant 2021 international $)","NY.GDP.MKTP.PP.KD","","","","","","","","","","","","","","","","","","","","","","","","","","","","","","","1329089237.51845","1358021545.47963","1373754914.64808","1446287619.53479","1542847660.8934","1475582825.14792","1573044257.44848","1659109532.84019","1737606636.23234","1802032675.8295","1913822712.19418","1826779954.41738","1845545274.936","1957692355.7647","2070594497.83697","2204638354.72935","2484807048.41132","2716271365.28872","2715890908.07296","2390992152.19408","2203526249.02176","2160364841.19134","2233237030.97826","2219815671.04401","2268613698.85554","2300864764.37569","2395668849.3539","2460656794.99278","2625816198.94599","2709112916.44459","2197936454.54413","2377570792.25983","2579611133.38953","2679326043.04494","2747392765.53747","2884708554.48535",
"Australia","AUS","GDP, PPP (constant 2021 international $)","NY.GDP.MKTP.PP.KD","","","","","","","","","","","","","","","","","","","","","","","","","","","","","","","618913643446.503","616533107500.768","619203101930.394","644255029953.675","669888934759.576","695948765791.245","722851881792.893","751172915991.526","786303874098.678","825840965575.829","858181372548.649","875614973582.609","910200060722.256","938336894067.504","977924778471.004","1008783011135.19","1036735643627.06","1076022442250.27","1115017334537.73","1136814231533.92","1161938371187.43","1189763715381.94","1236788785736.22","1269618763083.48","1302643956617.56","1330837702518.83","1367510807305.48","1398872073529.42","1439078040530.65","1470651657904.5","1468687868740.01","1498163677059.36","1561881261293.28","1617856290055.37","1640076053462.49","1662223605239.38",
"Austria","AUT","GDP, PPP (constant 2021 international $)","NY.GDP.MKTP.PP.KD","","","","","","","","","","","","","","","","","","","","","","","","","","","","","","","332129313719.582","343559967476.548","350752479314.521","352600277642.302","361070153904.914","370703447438.453","378917372579.809","387048314391.114","400567447669.474","415636492029.155","428893313247.407","434541784552.826","440991987121.633","446026197499.75","457467908351.938","468082834236.228","483386034916.23","501634943841.308","508925232679.167","490673826580.359","499550029893.949","514174197171.534","517404477229.639","516107207489.792","520007939830.401","526786364582.904","537939588980.735","550162920863.053","563830184451.977","573725269977.751","537475843892.721","563936272645.242","593999511161.214","589329223930.428","585445016463.851","589049878234.238",
"Azerbaijan","AZE","GDP, PPP (constant 2021 international $)","NY.GDP.MKTP.PP.KD","","","","","","","","","","","","","","","","","","","","","","","","","","","","","","","77320440974.017","76779197751.3472","59427098808.9013","45699439745.4021","36696649548.9196","32366445229.598","32787208824.8853","34688866985.2399","38157753549.0105","40981427807.5299","45530365943.133","50037872110.1904","54760904961.4934","60351062094.3736","65935829763.1458","84372501929.3344","113452505308.198","142341161487.557","157417136589.874","172166339299.871","180411096889.001","177573235113.827","181485065016.474","192089992170.555","197463873390.025","199536348388.484","193423355966.906","193720482600.912","196627067960.229","201503043278.675","193042009776.134","203884098954.124","213496582468.561","216388345622.489","225385920186.809","228653691273.711",
"Burundi","BDI","GDP, PPP (constant 2021 international $)","NY.GDP.MKTP.PP.KD","","","","","","","","","","","","","","","","","","","","","","","","","","","","","","","8133776822.56641","8540208347.42898","8626464312.6177","8088172939.39041","7778395916.11925","7162346959.27109","6589359202.67688","6484588391.56134","6792606339.8425","6724001016.04796","6666385468.05337","6803433494.37579","7105949485.40259","7018991994.70958","7358266046.50379","7424490440.98869","7826438034.95642","8096019195.82841","8493431882.98473","8815084589.00566","9264101811.9374","9636928913.52127","10063173284.6331","10558676374.8119","11006882476.2001","10962356819.3498","11313171389.2548","11746676003.6109","12374212183.5829","12926020627.5734","12965631617.8794","13385338810.8296","13695570972.2189","14141330166.9337","14722860377.262","15347125160.2593",
"Belgium","BEL","GDP, PPP (constant 2021 international $)","NY.GDP.MKTP.PP.KD","","","","","","","","","","","","","","","","","","","","","","","","","","","","","","","415042243228.463","422650276394.01","429119592931.532","424992007099.322","438706377851.314","449168459997.638","455103916410.221","472369064689.756","481636154069.939","498699164738.038","517234342061.056","522921869631.948","531847593236.43","537367932888.76","556558452616.109","569480281308.211","584015359292.995","605489163853.545","608195125992.804","596600244415.435","612769969464.048","624603507515.61","625951424446.068","627863671927.578","638948858596.223","648368014803.358","656106304760.985","665780379748.385","678283525385.043","694853246102.298","661549041829.955","702925341289.82","731215334523.366","742631473385.752","750783738889.172","758164828720.451",
"Benin","BEN","GDP, PPP (constant 2021 international $)","NY.GDP.MKTP.PP.KD","","","","","","","","","","","","","","","","","","","","","","","","","","","","","","","11656583104.9364","12149166926.2602","12508504151.8532","13238521979.4165","13505993136.7465","14322457251.5743","14941800983.3964","15798666707.4387","16424453813.4141","17301757698.4924","18315245216.9866","19292022099.3023","20187756640.9639","20882937540.2307","21807985798.8406","22181592483.5838","23056376559.0627","24436611800.8323","25633169334.4503","26227677415.8337","26782147492.6578","27575904170.7536","28902642501.7287","30981156880.988","32950839416.3041","33536755116.7638","34656773215.4406","36622353578.7467","39075045480.191","41757815652.7983","43364987288.175","46467947984.7692","49373564169.2145","52510156788.1442","56423799507.9997","60979504779.1972",
"Burkina Faso","BFA","GDP, PPP (constant 2021 international $)","NY.GDP.MKTP.PP.KD","","","","","","","","","","","","","","","","","","","","","","","","","","","","","","","10147246626.4723","11067600318.4869","11093355815.5061","11477339562.9845","11628267412.8817","12292982651.9561","13647023204.9982","14509083107.0829","15569366222.1532","16720757878.4085","17036525024.9961","18163219549.8152","18953857927.1605","20432731533.6007","21347801635.5542","23196921150.2789","24647462832.3919","25660813447.6573","27149138508.3087","27953282649.4762","30314295612.087","32321878819.7076","34407503766.8525","36400587615.628","37975584844.5378","39464694412.0733","41815991712.8466","44410042330.9491","47343134249.8795","50131268465.3998","51139294287.7971","54689652540.5665","55579306937.4917","57246838520.8113","60014126709.4201","63191645700.6911",
"Bangladesh","BGD","GDP, PPP (constant 2021 international $)","NY.GDP.MKTP.PP.KD","","","","","","","","","","","","","","","","","","","","","","","","","","","","","","","231057491642.193","239110371611.813","252124397255.285","264003393854.592","274273459684.511","288319765753.339","301360235844.557","314890998518.98","331192990133.438","346660220655.243","365009967807.802","383542574281.815","398244236516.444","417119290521.284","438974393023.351","467665517646.591","498867716635.171","534080790061.383","566199285910.257","594764746496.571","627903778372.382","668493859146.43","712089410611.241","754911659700.223","800667303501.53","853132148522.175","913819518032.847","974042508801.188","1045336699213.33","1127729250889.44","1166613553390.4","1247561124482.2","1336135828193.28","1413299173688.33","1472986459828.03","1524392313250.22",
"Bulgaria","BGR","GDP, PPP (constant 2021 international $)","NY.GDP.MKTP.PP.KD","","","","","","","","","","","","","","","","","","","","","","","","","","","","","","","130374467717.231","119363880257.821","110683276463.06","109044926372.842","111027376104.805","114249740788.538","120196987287.951","103230729197.697","107142259719.978","98146501586.9854","102648702966.883","106573683706.898","112831617247.883","118740781477.996","126471309978.143","135395567200.694","144605976068.756","154228614628.24","163682148339.294","158203472629.751","160664110374.414","164022273023.361","165250495679.41","164353592994.944","165914047808.912","171551066380.406","176743279334.528","181596521429.684","185827993758.22","192877043553.018","186833751685.649","201459421189.973","209686749928.663","213212655187.504","220434358900.086","227259814305.039",
"Bahrain","BHR","GDP, PPP (constant 2021 international $)","NY.GDP.MKTP.PP.KD","","","","","","","","","","","","","","","","","","","","","","","","","","","","","","","21547623542.9407","23967421295.4797","25570841331.3228","28861810335.4429","28789655410.9651","29921086678.5728","31150845231.2916","32114340635.5879","33652618705.9848","35099680719.4909","36959988157.876","37880642522.1453","39149095031.5121","41614094816.0339","44519158861.3608","47532659557.3472","50606596422.5285","54803887940.4744","58226396743.3597","59705280668.7909","62293086037.1284","63494195104.0003","65908897751.0461","69397206737.5295","72387433086.8861","74202817290.9218","77033649779.8554","80849769947.2943","82509283148.6207","84203097859.2666","79225547127.628","82671890844.1512","87781147010.6722","91185401848.1927","93827139077.9038","97093614332.1889",
"Bahamas, The","BHS","GDP, PPP (constant 2021 international $)","NY.GDP.MKTP.PP.KD","","","","","","","","","","","","","","","","","","","","","","","","","","","","","","","9126097084.28185","8744463323.18584","8409936682.32087","8435823022.14948","8701460000.66375","9082475357.5023","9466076461.8695","9587976164.94212","10040221686.1403","10757505555.8684","11203771993.358","11497984146.8797","11808999587.3754","11659625582.3113","11762507057.1588","12161971701.4813","12468038934.77","12648339234.8784","12354436344.3072","11838585742.9678","12020741620.7789","12094449290.6346","12641123099.3681","12279182359.6993","12505975190.0244","12630711246.7032","12484636046.4438","12905542921.9971","13215012047.7406","13104192823.8318","10471643502.0086","12313201284.2481","13652619122.6178","14068783966.2643","14544121121.0956","",
"Bosnia and Herzegovina","BIH","GDP, PPP (constant 2021 international $)","NY.GDP.MKTP.PP.KD","","","","","","","","","","","","","","","","","","","","","","","","","","","","","","","10738771131.5863","9734908077.77335","9108281037.70605","8909597790.78792","9901411012.54263","11482498119.3763","17705931772.6882","24193584991.5475","28213681821.9928","30900067273.7706","32573094556.5227","33362442633.7475","35039720970.114","36394754465.8994","38696820205.0966","40204906183.1727","42381601008.4979","44864788553.1879","47306261838.4649","45884966234.4088","46282177353.4784","46726260264.7016","46342246450.9299","47431223775.6341","47978507971.104","50033969702.0735","51656200198.6899","53331978448.5292","55374062033.131","56972075742.8314","55254314473.1291","59338515900.5739","61846644202.7996","63080110055.8294","65115578919.7575","66501641590.1527",
"Belarus","BLR","GDP, PPP (constant 2021 international $)","NY.GDP.MKTP.PP.KD","","","","","","","","","","","","","","","","","","","","","","","","","","","","","","","125855114628.672","124344858608.043","112407750829.689","103864759496.476","91712578624.9464","82174470101.1084","84475359016.0183","94105554506.1518","102010412963.17","105478766191.919","111596538085.329","116869816052.306","122766210996.041","131412871519.541","146459307851.861","160226485010.038","176249125067.474","191406561452.395","210930029736.889","211351879738.658","227731686506.756","240370737529.069","244475915260.204","246917543408.931","250994459962.421","241382449996.074","235284051666.778","241241875588.79","248839058903.42","252438405112.393","250740143618.208","256855349956.29","244890010830.859","254995495258.99","266087790075.504","269546931346.486",
"Belize","BLZ","GDP, PPP (constant 2021 international $)","NY.GDP.MKTP.PP.KD","","","","","","","","","","","","","","","","","","","","","","","","","","","","","","","1510673148.38676","1688610855.91378","1903676106.20911","2020521564.48886","2020117736.19706","2034896069.34544","2057387893.35196","2144510367.7568","2227996585.17754","2437945041.63714","2736364436.57441","2873006492.94189","3028122216.72729","3320797096.63832","3479553282.9095","3556771200.08346","3717233318.06985","3841366510.22863","3778849124.42206","3761968641.22207","3815291198.27093","3810328606.16329","3960603897.65161","4121660493.33908","4282086263.77528","4400282989.79565","4399458310.94336","4318805800.60372","4354309346.66209","4539654316.6193","3925761416.40417","4632002927.90342","5060486974.58827","5085795883.93117","5264035959.20123","5408708371.07462",
"Bermuda","BMU","GDP, PPP (constant 2021 international $)","NY.GDP.MKTP.PP.KD","","","","","","","","","","","","","","","","","","","","","","","","","","","","","","","4590379564.71331","4428138011.31797","4425492720.73955","4558636639.79211","4585970834.42353","4787714493.79872","4912217832.81988","5138179894.5216","5338568915.24967","5519153857.55716","6033382055.02182","6469139184.67843","6373538854.05586","6590921569.30439","6743914471.40154","6856821499.81176","7236954521.70664","7479040761.11832","7339485164.281","6926514520.57873","6753152292.42592","6500399068.75531","6155533455.02526","6138315901.93518","5911132681.29325","5956975270.8176","5917825653.79463","6131543183.37846","6105005784.74993","6123754651.97402","5696829397.94582","5968282122.23483","6341714861.57326","6616594767.5261","6741531203.57636","",
"Bolivia","BOL","GDP, PPP (constant 2021 international $)","NY.GDP.MKTP.PP.KD","","","","","","","","","","","","","","","","","","","","","","","","","","","","","","","44542741932.5124","46888597300.353","47660617219.5625","49695390116.5934","52014805702.978","54448202185.3521","56822874479.9276","59637998290.2311","62637404793.5314","62904794715.94","64482327960.8834","65568080847.94","67197818618.9322","69019779824.2712","71900179252.2992","75079197602.2456","78680753326.2093","82272045239.9383","87330540195.5193","90262226066.1166","93987097739.3903","98878273199.4736","103943090862.517","111007075180.231","117068693660.783","122754939247.022","127989112720.435","133358520083.661","137183354525.027","139250324972.744","121538423042.526","133727570900.831","138738901712.879","142230080127.765","140632330052.604","138406998272.8",
"Brazil","BRA","GDP, PPP (constant 2021 international $)","NY.GDP.MKTP.PP.KD","","","","","","","","","","","","","","","","","","","","","","","","","","","","","","","1884169357425.44","1903617557305.84","1893260506241.88","1986497717136.91","2102764853268.8","2191581301268.73","2239990352767.53","2316034575352.12","2323865039642.62","2334739277157.34","2437186456368.9","2471060823210.57","2546513722962.3","2575565089958.24","2723916728335.27","2811140139216.53","2922517194189.03","3099910206337.3","3257825690916.84","3253726955188.17","3498674867880.87","3637727009304.74","3707614147035.21","3819021377420.85","3838267554873.44","3702171668999.07","3580891601337.74","3628262108190.7","3692978213439.46","3738061272499.81","3615574020935.6","3787769507585.78","3902034936461.01","4028525459920.96","4166273441898.69","4261503890871.01",
"Barbados","BRB","GDP, PPP (constant 2021 international $)","NY.GDP.MKTP.PP.KD","","","","","","","","","","","","","","","","","","","","","","","","","","","","","","","4963710882.23049","4770130763.39941","4498590077.33561","4534266993.59774","4625441221.88523","4718597530.52671","4906231425.97187","5138791878.03501","5330389893.41049","5348228371.93039","5586074222.08606","5453937638.66624","5496882033.37489","5616465658.70033","5695747567.97455","5921040419.25817","6280479948.57698","6411062657.9875","6451674202.79857","6127975936.90998","5632791285.55004","5628611125.50791","5467747079.20034","5478426792.55009","5522655520.84915","5479986375.4336","5557600763.32374","5593983908.10545","5579882295.54394","5593335379.99324","4619763257.13425","4990262588.49332","5785975958.13561","5890945028.55024","6089290158.48642","6253701006.0183",
"Brunei Darussalam","BRN","GDP, PPP (constant 2021 international $)","NY.GDP.MKTP.PP.KD","","","","","","","","","","","","","","","","","","","","","","","","","","","","","","","30166243054.8788","31044278629.3994","30075505025.988","29884931691.0154","30181609855.3671","30588244802.7798","30579889481.2155","32519860848.9052","30354961903.9354","31648302493.2464","32747978551.9656","33228083834.8158","34544394073.5811","35782267943.1599","35819674143.7482","35818268108.1303","37286248511.7355","35882934589.017","34483245006.226","33827975876.7617","34755323962.8481","36056704487.345","36385950944.2523","35612828470.8911","34719698877.079","34583464420.8093","33726514628.313","34174647802.9999","34192545422.1039","35515401787.8129","35917994917.4561","35346624887.2816","34771064644.0957","35163158531.4447","36588151541.3938","36833131954.828",
"Bhutan","BTN","GDP, PPP (constant 2021 international $)","NY.GDP.MKTP.PP.KD","","","","","","","","","","","","","","","","","","","","","","","","","","","","","","","2010284101.73056","2002084640.92525","2094198377.9646","2135796834.24767","2241550894.04795","2400120837.16429","2533691711.12436","2669848212.92984","2827743862.1805","3053510134.54544","3155957487.60289","3387237866.8337","3740993528.13294","4032288249.08933","4240243731.6635","4534307664.85762","4790079125.31122","5561511005.30764","5813416797.51818","6259160087.80709","7005995172.77908","7600752212.39253","7993317392.44933","8132108591.23954","8610364850.97851","9183884143.93099","9962304965.18771","10170202850.8859","10526350322.3541","11132157416.348","9994629330.03013","10436528611.9245","10980675420.6109","11489317549.0152","12350851156.5649","13339540146.427",
"Botswana","BWA","GDP, PPP (constant 2021 international $)","NY.GDP.MKTP.PP.KD","","","","","","","","","","","","","","","","","","","","","","","","","","","","","","","13737121068.3867","14761732983.9952","15192343096.0312","15483444653.4393","16045171042.8656","17173212392.227","18174376330.6385","19687555072.7688","19774901585.6152","21686588920.6307","22117652345.0963","22173073420.1559","23518874957.6575","24606833359.4871","25272650397.7149","26424235523.5188","28634324519.9699","30292983739.234","31278133671.5794","26854081061.458","29571639765.7295","31593869891.8653","31539889522.2001","35041734083.9438","37038112212.1504","35241272987.4299","37780203983.9733","39334624598.2957","40982231018.239","42224719394.7416","38538973278.1699","43131382328.6508","45497577323.3414","46957170597.845","45651812994.2027","45316775103.8301",
"Central African Republic","CAF","GDP, PPP (constant 2021 international $)","NY.GDP.MKTP.PP.KD","","","","","","","","","","","","","","","","","","","","","","","","","","","","","","","4254024013.57752","4230518701.45514","3958746871.83074","3972019587.50868","4166646537.85194","4466646986.79807","4287976954.96817","4515236990.05924","4727459557.33197","4897646915.00793","4775723303.89492","4988946886.03721","5169374255.08257","4890358043.7725","5183529346.83071","5230606705.4001","5480163419.84512","5732663859.49915","5850420282.78479","6352811108.50702","6646998256.28472","6925814264.62087","7275828382.42044","4628010583.77193","4631762535.80156","4832647682.81084","5062213759.5644","5291394260.22005","5491908660.98135","5662157829.47177","5713117249.75906","5769272621.61696","5795459458.30387","5836025843.19088","5923566230.74976","6190097093.53561",
"Canada","CAN","GDP, PPP (constant 2021 international $)","NY.GDP.MKTP.PP.KD","","","","","","","","","","","","","","","","","","","","","","","","","","","","","","","1120801480990.06","1097364903732.59","1107136567773.35","1136561012045.82","1187638624692.98","1219494991264.06","1240091788764.13","1293169785848.72","1343511418963.44","1412581387826.96","1485167436030.27","1513015782865.47","1558394989502.78","1586545604696.35","1635607366811.18","1688117795731.49","1732649393667.73","1768167053194","1785767500696.09","1733710837458.54","1787296481895.74","1843367447651.78","1875730737137.85","1919356737086.22","1974508814851.55","1987342549834.95","2007982114167.69","2068900976702.81","2125650173566.13","2166216760387.16","2057077703443.68","2179484689194.25","2281820645928.4","2326386554601.81","2373990612953.84","2415361799855.27",
"Central Europe and the Baltics","CEB","GDP, PPP (constant 2021 international $)","NY.GDP.MKTP.PP.KD","","","","","","","","","","","","","","","","","","","","","","","","","","","","","","","1915152613041.73","1706959311082.61","1621144341541.47","1625174907326.77","1684537423084.6","1780822699386.45","1860616646596.25","1889917138951.4","1936444076653.08","1968922197423.45","2046084294433.85","2109180702651.95","2186002550732.27","2271895783402.75","2410109174094.37","2527747682986.64","2696213158754","2866809747326.69","2989234880635.03","2883220714198.23","2919404445851.74","3026555481556.73","3054028387434.48","3073763320193.67","3174936819024.38","3300699357356.64","3393862149889.46","3571435443365.08","3749297299984.05","3901606008586.86","3773325679453.64","4020490549570.92","4186377207920.58","4219125669193.69","4307056584639.91","4407905028094.66",
"Switzerland","CHE","GDP, PPP (constant 2021 international $)","NY.GDP.MKTP.PP.KD","","","","","","","","","","","","","","","","","","","","","","","","","","","","","","","429265528873.315","424346254012.826","419429809409.757","410765998835.618","427261399863.452","444755147668.849","447246518902.219","456628037034.285","469304550695.018","477189222462.651","494526541149.393","502400381925.097","504311563892.176","502878197674.333","515887299379.815","531116730314.806","553074808875.439","575104850637.794","589664182918.999","578254714926.099","597109466386.141","605514741530.194","612321549212.933","623564531702.169","639424418394.23","648724868075.837","661125833893.439","670516109038.752","692827080377.758","700554332340.175","684755025118.471","727047059179.797","752743104247.183","758957457250.165","769509498082.176","779513721078.885",
"Channel Islands","CHI","GDP, PPP (constant 2021 international $)","NY.GDP.MKTP.PP.KD","","","","","","","","","","","","","","","","","","","","","","","","","","","","","","","","","","","","","","","","","","","","","","","","","","","","","","","","","","","","","","","","","","",
"Chile","CHL","GDP, PPP (constant 2021 international $)","NY.GDP.MKTP.PP.KD","","","","","","","","","","","","","","","","","","","","","","","","","","","","","","","147207604208.892","158625323193.373","176870299108.825","188695112235.7","198274792763.472","216625972612.204","232038612978.128","249190302251.56","259608666274.193","258898295450.835","271769738740.303","280341451214.666","289320224789.779","302985528618.296","323207552891.234","342073325521.33","362768730332.331","381517456258.289","395974651300.719","391547507252.358","414459500963.048","440255032518.993","467354226719.337","482816679853.52","491471890512.71","502048082999.281","510849180433.227","517784956121.223","538444728502.59","541913515453.842","508641667921.635","566308424865.614","577996570020.702","581909750325.514","598233054187.7","612945128975.802",
"China","CHN","GDP, PPP (constant 2021 international $)","NY.GDP.MKTP.PP.KD","","","","","","","","","","","","","","","","","","","","","","","","","","","","","","","1892142389584.21","2069542704119.26","2365438109816.25","2694851453397.64","3047411115925.43","3383096056447.43","3720501963122.96","4066419152960.9","4388623718710.96","4728357537869.67","5133746736757.23","5561082225597.16","6074706488413.83","6689090876282.43","7367393399860.69","8211218760900.65","9252014077440.76","10561245407109.6","11582388576956","12671839645498.1","14014001667285.4","15340013860009.9","16545404559826.4","17832377196873.3","19162852171599.4","20500730181112.6","21889385822096.5","23397835751144.9","24979016132706.6","26494587477979.8","27114429372606.6","29438240129870.1","30360791708735","32005133203227.2","33592044935159.1","35258193185780.8",
"Cote d'Ivoire","CIV","GDP, PPP (constant 2021 international $)","NY.GDP.MKTP.PP.KD","","","","","","","","","","","","","","","","","","","","","","","","","","","","","","","64063969515.7172","64090187805.2555","63933448450.5656","63810386089.2721","64328020203.7209","68911870712.2345","74238294830.258","81401429152.3938","84872309528.8268","85862650544.5371","85634436667.3589","83789860205.1408","81501955889.3608","77650282188.799","80123473358.9181","80921555686.4118","83199965685.0553","84116354874.022","88139359161.1609","91315303698.5402","97568620804.7272","92328749501.608","99364580390.6595","110056421017.543","120370908731.919","129031534740.34","138286656586.504","148534752172.885","155728507168.831","166195598940.9","167358517067.819","179178274483.429","190645475535.789","203228077783.043","215461462281.519","229466457329.817",
"Cameroon","CMR","GDP, PPP (constant 2021 international $)","NY.GDP.MKTP.PP.KD","","","","","","","","","","","","","","","","","","","","","","","","","","","","","","","51192848469.4072","49243117963.6864","47716579725.7047","43931668854.7992","44756182468.9157","46051427006.0364","47992527880.2293","50165300201.7225","52535878944.3715","54905932268.9424","57010156987.347","59475425081.572","62138155821.9261","65526644958.2901","70145528271.0204","71708560180.5984","74440357496.4561","77661830226.2754","79873388993.9853","81933524799.2723","84308797938.1703","87157770352.3957","91189670263.5506","95745076833.6667","101221521111.431","106957697125.582","111809078187.605","115768435044.329","120347671976.682","124529825764.752","124853519772.037","129022200845.744","133843481810.674","138323976561.878","143199513689.651","147781898351.342",
"Congo, Dem. Rep.","COD","GDP, PPP (constant 2021 international $)","NY.GDP.MKTP.PP.KD","","","","","","","","","","","","","","","","","","","","","","","","","","","","","","","88187396107.0833","80761090064.8763","72281168691.3869","62545581551.2351","60106305870.1376","60527049307.8438","59907753097.9687","56542706690.1002","55624366032.615","53249127266.922","49569118784.4926","48528081523.401","49958575414.2984","52745175980.65","56299343169.9548","59753392972.744","62806160556.1124","68197016170.7782","73266329348.7823","73663117953.28","80011904286.7904","79689325027.9783","86597268761.9141","101765570558.653","109196774929.16","116141403240.438","116598806178.636","121544006957.359","128923780701.176","129639803131.17","130645066453.882","139045034784.888","151991753572.518","164961954408.872","175028806248.544","185109143524.591",
"Congo, Rep.","COG","GDP, PPP (constant 2021 international $)","NY.GDP.MKTP.PP.KD","","","","","","","","","","","","","","","","","","","","","","","","","","","","","","","20709745611.1503","21205820117.027","21759705123.1923","21546528945.828","20362961790.3261","21174491870.6613","22082979539.5213","21945002399.7772","22765208444.8047","22177365378.4643","23857518231.7228","24764724673.0889","25899412178.5963","26110042793.8187","27017792797.8924","29113227688.4904","31438279446.956","29358953277.7384","31210439248.1357","34842488218.4079","38302788206.1274","39147716827.6844","43041800172.356","42735155559.2203","45575361950.4456","45764587690.9234","41789821841.049","39451775871.4041","38542681577.0867","38976083979.3992","36533151792.0523","36903988991.0873","37448454255.7938","38162545447.2186","38963954772.4324","40165185163.9463",
"Colombia","COL","GDP, PPP (constant 2021 international $)","NY.GDP.MKTP.PP.KD","","","","","","","","","","","","","","","","","","","","","","","","","","","","","","","324362108923.578","330854565533.009","344237399255.639","362775994368.943","383870191922.137","403840799094.197","412143179194.874","426280900614.625","428709781358.363","410686756804.185","422698775564.672","429791231167.284","440553119642.857","457815188748.605","482230573793.389","505516336190.343","539471204741.433","575821824818.307","594728624564.412","601506441278.546","628542104500.866","672212530981.313","698513758899.827","734375410017.75","767415180035.221","790099215895.953","806591608674.065","817556099366.045","838520888947.413","865243337113.698","803067693827.328","889808627041.398","955016270619.415","963055784346.104","977437166558.463","1003261207902.58",
"Comoros","COM","GDP, PPP (constant 2021 international $)","NY.GDP.MKTP.PP.KD","","","","","","","","","","","","","","","","","","","","","","","","","","","","","","","1413306114.84842","1326147887.82411","1423726052.2304","1459993278.51658","1401790390.55246","1480813229.88211","1473255620.74209","1538232464.17441","1538617649.87751","1580124729.95233","1564212575.73484","1648986636.07966","1724801808.26112","1758166859.50847","1812677277.62913","1915369114.30064","1881764982.27206","1896886841.68492","1972091029.64768","2036001387.08997","2112916770.25314","2200465617.93327","2270185388.07324","2371577481.64348","2421538498.97654","2449322174.04875","2530650607.79505","2627214234.18061","2722909229.19652","2770853676.73879","2765435082.79437","2821917777.54898","2891162327.4229","2983292487.20536","3081762469.37694","3197465480.0291",
"Cabo Verde","CPV","GDP, PPP (constant 2021 international $)","NY.GDP.MKTP.PP.KD","","","","","","","","","","","","","","","","","","","","","","","","","","","","","","","694075763.336612","703821607.213835","780803130.046865","848797899.326003","1011619758.53208","1155387478.81707","1286483805.22371","1429520555.86049","1608457729.23559","1788969285.58273","2044521201.70721","2090147852.0345","2199899241.02861","2291772738.2399","2525466468.96274","2700038276.85302","2915602594.87611","3357919567.09354","3594283904.72014","3540240729.11105","3605254387.81299","3746750463.41027","3787352067.99735","3811293311.41454","3837845328.09483","3873768577.6945","4039593563.54896","4223448183.68258","4380009912.03763","4684325394.4235","3709738572.10333","3970664151.46117","4599763302.14502","4820310977.0386","5157196862.29709","5481944784.54988",
"Costa Rica","CRI","GDP, PPP (constant 2021 international $)","NY.GDP.MKTP.PP.KD","","","","","","","","","","","","","","","","","","","","","","","","","","","","","","","34275670432.0954","35052238860.3287","38277431665.9539","40994054061.3528","42846587015.107","44626414228.5795","45229075884.6918","47705895149.0605","51087545317.2721","53206554755.5157","55229506332.7837","57157662363.6687","59110668901.9682","61662582878.2416","64390905388.7303","66951516832.819","71856850360.9373","77759985535.293","81444389817.1364","80733008834.3596","85060575407.3778","88805927974.619","93141959579.5062","95465633483.7456","98847131212.0163","102457108440.925","106764736429.099","111203692964.662","114376178192.295","117473644228.728","112608363525.864","121862721017.127","128517881298.661","134676300509.375","140175032100.212","146567483821.004",
"Caribbean small states","CSS","GDP, PPP (constant 2021 international $)","NY.GDP.MKTP.PP.KD","","","","","","","","","","","","","","","","","","","","","","","","","","","","","","","48108296084.4711","48654372358.6879","50442427658.6875","50541107130.6185","52302499453.52","53839791149.874","56511744119.0364","59388404713.4598","62310420067.2096","65404274608.68","68427818356.2363","70124846736.7361","73190957540.2027","78595696673.0467","82886567825.1515","86568385076.5588","93936322317.0444","97938172081.7547","100140512863.627","97224014316.1486","99124995736.2874","100321268993.721","104801787635.452","107043184369.401","109878762758.878","109598290450.903","105667288366.635","104440641869.835","105893180506.808","107060099079.341","99095122343.622","105238741181.781","121533315210.07","133793466179.063","154198915096.994","167290907627.541",
"Cuba","CUB","GDP, PPP (constant 2021 international $)","NY.GDP.MKTP.PP.KD","","","","","","","","","","","","","","","","","","","","","","","","","","","","","","","","","","","","","","","","","","","","","","","","","","","","","","","","","","","","","","","","","","",
"Curacao","CUW","GDP, PPP (constant 2021 international $)","NY.GDP.MKTP.PP.KD","","","","","","","","","","","","","","","","","","","","","","","","","","","","","","","","","","","","","","","","","4592351760.98622","4560400303.50395","4578508066.85435","4591702717.32137","4601274630.07989","4632398817.88009","4708181837.11493","4824472197.21636","4930033727.28333","4903840051.74022","4907876236.18843","4932830700.12045","4915617546.73094","4884369117.99736","4853236277.53565","4875471454.48291","4823415632.00394","4761858810.97066","4661664000.16232","4512204884.77334","3680223358.24171","3834193237.75327","4098982644.01736","4271221865.92818","4485931924.5165","",
"Cayman Islands","CYM","GDP, PPP (constant 2021 international $)","NY.GDP.MKTP.PP.KD","","","","","","","","","","","","","","","","","","","","","","","","","","","","","","","","","","","","","","","","","","","","","","","4447621081.81174","4588282668.1255","4571884090.76008","4242686379.32385","4127470491.9434","4175723189.21446","4227074297.8405","4281152570.57081","4394796963.61629","4519306933.19309","4665731318.12724","4814290345.95631","5019728990.95798","5216283273.42536","4957826506.47082","5199243731.07254","5493562191.0568","5812428845.49008","6030767618.50185","",
"Cyprus","CYP","GDP, PPP (constant 2021 international $)","NY.GDP.MKTP.PP.KD","","","","","","","","","","","","","","","","","","","","","","","","","","","","","","","16043768440.4467","16162412338.1737","17681678824.2752","17805450711.3216","18855972176.0218","20432796976.9453","20687908921.7604","21234262252.1152","22531863163.5256","23657995476.3396","25069266934.4397","26060145398.8744","27030358073.9201","27739445355.4103","29133705404.2332","30547560521.2595","31987506415.0156","33618301831.3344","34844357675.4196","34142215283.051","34921569730.4838","35067092056.1853","33858195607.2322","31627794585.9132","31066066395.7359","32128190473.7658","34240166249.9266","36209260812.6439","38480183843.0638","40741123921.8108","39429002986.5163","43922946896.619","47761174188.561","49490345378.2095","51440645737.3502","53381631692.6804",
"Czechia","CZE","GDP, PPP (constant 2021 international $)","NY.GDP.MKTP.PP.KD","","","","","","","","","","","","","","","","","","","","","","","","","","","","","","","288488025923.232","254980307983.252","253688724756.707","253845768839.722","261230927867.638","277483164458.171","289050284001.323","287328011372.846","286198380739.434","290143226484.397","301779912723.448","310583495272.003","315284050659.918","325691062731.455","341116897824.647","362863198510.266","386896255871.086","408132317969.282","418793828203.317","398698742735.364","409522078354.86","416780369262.004","413568375531.342","413395452601.536","422677057731.912","443636592213.908","455086276548.982","478630462236.121","492177168365.082","509727106573.064","482686697512.017","502134232985.641","516430851532.897","516676571040.913","523141801614.806","536641301771.55",
"Germany","DEU","GDP, PPP (constant 2021 international $)","NY.GDP.MKTP.PP.KD","","","","","","","","","","","","","","","","","","","","","","","","","","","","","","","3364408668736.5","3536271461528.46","3607478297865.67","3572376340589.17","3665145799105.64","3720306017682.99","3758918164874.37","3828620625801.24","3908853671004.67","3992095452496.84","4106929001350.64","4174124179614.9","4164596502590.61","4142532412253.28","4190672236468.95","4227780022781.92","4391254849477.53","4518123358018.23","4558239880619.94","4305505785322.75","4483522854367.86","4652012246388.68","4673574883099.88","4692128768990.39","4794425904531.16","4874157496108.45","4982472104226.7","5121877026080.44","5180045980946.54","5230693087824.81","5014565325214.46","5210634826523.96","5304908660450.76","5258774650739.63","5232698916861.29","5245235330174.32",
"Djibouti","DJI","GDP, PPP (constant 2021 international $)","NY.GDP.MKTP.PP.KD","","","","","","","","","","","","","","","","","","","","","","","","","","","","","","","","","","","","","","","","","","","","","","","","","","","","","","4401251430.7999","4717832886.58224","5062658614.52262","5423293675.39599","5719302007.44627","5992360893.70063","6324642147.77604","6400671630.66588","6682759257.72075","7028026489.29933","7506447816.97939","8030434256.31262","8552047985.77214",
"Dominica","DMA","GDP, PPP (constant 2021 international $)","NY.GDP.MKTP.PP.KD","","","","","","","","","","","","","","","","","","","","","","","","","","","","","","","787589429.447306","798204316.883768","814403182.104736","832005866.677222","832292721.72349","857518397.70405","884137447.144161","903461397.65519","937560112.725943","940879803.626726","962898455.112711","962283707.587451","932573962.904207","986709458.866985","1027143200.43247","1036544503.2021","1082160492.47032","1140141975.92976","1221335045.30383","1207463714.73825","1206188501.95276","1206704013.50435","1204804760.41957","1204859024.79342","1232995102.635","1191401460.07846","1208643964.86951","1117459467.66018","1150581084.84929","1196007148.80903","1008157452.63146","1062394694.29521","1172849827.26826","1215684767.37663","1240639596.30121","1278509346.20225",
"Denmark","DNK","GDP, PPP (constant 2021 international $)","NY.GDP.MKTP.PP.KD","","","","","","","","","","","","","","","","","","","","","","","","","","","","","","","236194723266.95","239638867608.013","244486309561.17","244293408853.674","257228002570.775","265042644604.758","272717618820.803","281358625950.872","287903879390.758","296446866642.967","307486574621.305","310407796232.328","311824901002.762","313200332597.503","321895875692.484","329491359198.489","342066356391.836","345443145895.294","344002031568.192","326889722553.242","332064050266.469","336416758326.16","336398483153.159","341083415452.405","345442460928.622","352712002388.209","363551002677.663","374662856327.488","381631613517.772","388162860536.286","381253150095.024","406035574978.675","407837693288.56","410303430088.036","424573110207.417","437006448427.315",
"Dominican Republic","DOM","GDP, PPP (constant 2021 international $)","NY.GDP.MKTP.PP.KD","","","","","","","","","","","","","","","","","","","","","","","","","","","","","","","52401790043.8969","52896535722.2631","58840764950.1049","63175384798.3725","64814017227.2756","68508408815.0769","72592327418.5479","79052719563.2087","84353880870.2012","89378428430.5037","93536067579.9783","95845819394.25","100145945599.352","98794618823.7098","101349019564.211","110908045567.163","121079651461.836","130061831321.551","134312364749.502","135660126109.185","147057130569.85","151751138699.977","155963251061.923","163659621091.02","175297827103.188","187547133198.006","200149814402.01","208023431421.52","222787928586.876","233691236904.41","215161736410.866","245311121758.829","258160411677.422","263820058464.731","276888443219.725","282751254571.257",
"Algeria","DZA","GDP, PPP (constant 2021 international $)","NY.GDP.MKTP.PP.KD","","","","","","","","","","","","","","","","","","","","","","","","","","","","","","","297621347987.272","294049890066.048","299342794857.839","293056593899.881","290419094656.528","301455005124.495","313814655727.401","317266616742.205","333447225652.787","344117542052.763","357194008656.222","367909828911.016","387776959672.211","412982462053.311","431566672844.747","454871273177.049","468062540094.901","482572478843.865","494636790811.553","500572432299.784","524599909054.858","540337906323.456","553306016077.079","567691972498.468","590967343363.326","609878298356.214","633663551993.181","643168505266.462","652172864345.87","658042420119.891","625140299119.911","648895630480.26","672255873183.709","699818363984.642","725711643445.634","753401488476.852",
"East Asia & Pacific (excluding high income)","EAP","GDP, PPP (constant 2021 international $)","NY.GDP.MKTP.PP.KD","","","","","","","","","","","","","","","","","","","","","","","","","","","","","","","4022895680131.55","4333836453576.68","4777411935660.59","5272612002189.62","5809588643258.73","6365468689544.26","6923490705611.68","7382898663802.82","7451970375569.64","7890570512841.36","8472153651847.53","9018219238402.6","9711925800049","10541797297895.1","11459576092882.5","12536411782900.4","13828375022786.7","15433872187389.4","16691256228281.3","17916876887322.3","19621692703850.7","21215952084003.9","22793029126840.8","24403332152728.5","26054064931053.1","27743372755493.7","29505826877141.8","31434278202130.4","33453760030172.2","35389607669901.1","35682305507068.2","38241809867059.8","39684718531108.5","41732396406907.5","43794455457487.4","45954908811720.5",
"Early-demographic dividend","EAR","GDP, PPP (constant 2021 international $)","NY.GDP.MKTP.PP.KD","","","","","","","","","","","","","","","","","","","","","","","","","","","","","","","10414551698725.4","10829703943429.4","11283137165442.4","11689184324862.5","12114862269399.4","12515448646900.1","13267113456888.6","13892611885863","14213478300352.5","14638129350521.8","15275615370478.7","15557046546109.3","15944378894829","16808398208240.1","17872467866857.4","18961347665389.5","20149711589473.4","21358066497400.2","22131824664557.3","22553638581201.5","24044372267821.3","25298188439793","26340405603324.6","27472764461889.3","28746731506420.1","30186506035321.3","31714831952801.1","33293903929476.6","34713250447401.5","35719037289594.9","34332969624227.5","36867181038103.4","39158884429436.3","40950935314092.9","42741448563559.5","44787813159399.7",
"East Asia & Pacific","EAS","GDP, PPP (constant 2021 international $)","NY.GDP.MKTP.PP.KD","","","","","","","","","","","","","","","","","","","","","","","","","","","","","","","10571588888008.5","11150991762841.1","11737656115004.1","12352593378327.8","13108667096860.5","13941926212531.9","14811792248368.5","15500197144643.9","15464986557174.3","16113853546592.3","17068768330959.7","17700275837848.4","18597522734134.4","19632626402637","20895436213789.2","22265965294712","23868289898737.7","25835305024512.7","27143069535025.4","28057607992014.5","30332003625791.5","32125372901219.3","33957031828330.7","35859173053706.8","37756244721950.7","39671221736332.6","41650526863868.6","43891525270263.3","46163720291347.7","48216974640703.5","48180338235499.5","51299181302194.7","53006893541536","55275789382119.5","57544550010265.8","60034147939060.2",
"Europe & Central Asia (excluding high income)","ECA","GDP, PPP (constant 2021 international $)","NY.GDP.MKTP.PP.KD","","","","","","","","","","","","","","","","","","","","","","","","","","","","","","","2841589640941.66","2664969242149.89","2472549362662.92","2320475250000.5","2006523603504.09","1954115382835.32","1973971185792.24","2054190860762.26","2086916435925.96","2072033521040.07","2209841662670.09","2256465363222.57","2397363019802.08","2569687818685.47","2824322074194.68","3041964581825.7","3298305905361.93","3552485237508.89","3671973248525.69","3491573235101.64","3718916099693.84","3997342224551.08","4132344766428.19","4356371416341.73","4421303482787.81","4494778167734.62","4609947879504.59","4856328296681.06","5038259174222.06","5178095521071.43","5155336894567.24","5586218863114.05","5595098738467.48","5876214866218.01","6117191661137.05","6365655164507.14",
"Europe & Central Asia","ECS","GDP, PPP (constant 2021 international $)","NY.GDP.MKTP.PP.KD","","","","","","","","","","","","","","","","","","","","","","","","","","","","","","","23885495560335.4","23579131010142.8","22897075030905.6","22424374932280.7","22226090967853.7","22580114786906.2","22877982681513.5","23521235970081.4","23970410743612","24670839565562.1","25870219704224.5","26534021536764.6","27093326165413.3","27790741060438.5","28894804201214.4","29854314904160.6","31242776637053.8","32639593265725.3","33194704048603.1","31597928313580.3","32511408814745.4","33424848180442.5","33668515451063.1","34039934965266.4","34613330947014","35170193656566.1","35805797319247.7","36909491732561.1","37818282215910.2","38592948688847","36745404887992.8","39225012376367.8","40240280419639.1","40895643268777.7","41768165337995.3","42530544701347.9",
"Ecuador","ECU","GDP, PPP (constant 2021 international $)","NY.GDP.MKTP.PP.KD","","","","","","","","","","","","","","","","","","","","","","","","","","","","","","","95360865487.2018","99453126801.9369","101555874853.459","103559793795.039","107969629156.948","110401697583.363","112313576360.414","117174356049.801","121001890775.815","115267144281.756","116525632861.708","121427017763.53","127411057157","131086229565.897","140042561662.556","147602930821.942","154010568863.797","156940509968.272","167243529966.003","169068178569.136","175880168594.665","190797403873.563","201831622871.475","216386178602.782","225530799602.73","225800742173.868","224247336380.859","237635796682.585","240117414491.159","240514579415.01","218278775193.129","238844767157.606","252861189718.137","257495732292.189","252489782930.728","261897422394.102",
"Egypt, Arab Rep.","EGY","GDP, PPP (constant 2021 international $)","NY.GDP.MKTP.PP.KD","","","","","","","","","","","","","","","","","","","","","","","","","","","","","","","467559613550.534","472821550926.766","493970193091.712","508299235005.655","528494838803.809","553029993809.571","580619170145.042","612508834675.441","646659249201.085","685804370996.916","729490135695.162","755279450116.841","773332169946.796","798028182765.097","830684067473.416","867830136332.652","927223026659.414","992942994650.176","1064000811007.15","1113727950782.45","1171054144082.48","1191718237005.56","1218248265992.71","1244872668294.96","1281172058327.22","1337185145136.95","1395307815742.91","1453648719144.03","1531144311298.43","1616154868510.62","1673531030393.55","1728601012503.64","1842478578397.89","1911760941518.01","1957627322501.19","2043606523691.66",
"Euro area","EMU","GDP, PPP (constant 2021 international $)","NY.GDP.MKTP.PP.KD","","","","","","","","","","","","","","","","","","","","","","","","","","","","","","","12098149916045.5","12350266913854.1","12457176969846.5","12361622078090.4","12668076637988","12984614796617.5","13218674750727.4","13567039007593.2","13975259032733.9","14377492069310.7","14939242530492","15274093123965.2","15433541528970.8","15567519277760.5","15936561639046.3","16232299042657.3","16782824252864.4","17299206824308.7","17380338821137.4","16593633988512","16929046235835","17209813534332.5","17038514232740.7","17001140003980.6","17243350030669.3","17611151515616.5","17933960290123.5","18402724642751.4","18734341403505","19042860924911.7","17865027001439.2","19023154432976","19733143911528.7","19843096579221.5","20045133521938.7","20327921813070.7",
"Eritrea","ERI","GDP, PPP (constant 2021 international $)","NY.GDP.MKTP.PP.KD","","","","","","","","","","","","","","","","","","","","","","","","","","","","","","","","","","","","","","","","","","","","","","","","","","","","","","","","","","","","","","","","","","",
"Spain","ESP","GDP, PPP (constant 2021 international $)","NY.GDP.MKTP.PP.KD","","","","","","","","","","","","","","","","","","","","","","","","","","","","","","","1234940234760.49","1266381819268.65","1278149235206.2","1264965230180.97","1295111823093.72","1330824453946.84","1365524519426.81","1414509976737.39","1475361877011.82","1540408597115","1620519722120.44","1684029329182.92","1730432018323.08","1781294426591.52","1836773402257.71","1902001369250.04","1978907561282.87","2048832262566.22","2064550201924.56","1986755203031.46","1988625182955.12","1975899560026.35","1919287791302.97","1891893369662.68","1920659342281.46","1998654758407.75","2056918662236.11","2116487892218.07","2167186481182.85","2209688876689.13","1967947352764.79","2099468112223.22","2233210888832.33","2288167036933.65","2367229021292.26","2434102152355.37",
"Estonia","EST","GDP, PPP (constant 2021 international $)","NY.GDP.MKTP.PP.KD","","","","","","","","","","","","","","","","","","","","","","","","","","","","","","","30067641545.7376","27662276695.3518","21806544675.5993","20554742148.4664","20217145060.5727","21132311207.8143","22176883941.9163","25070971888.013","26159008848.5896","26047826423.8968","28675437011.4972","30361766596.5224","32466748125.4979","34933020301.1092","37308710599.6402","40861639206.2393","44850785873.0278","48246402449.5503","45773624015.6788","39076840956.2847","40034125948.2659","43079511736.1314","44661399473.7489","45445874184.8098","46955945093.9305","47819067033.0662","49298119961.2556","52075907564.6222","54002558646.9805","56015044693.5049","54399678625.1939","58890307058.6033","58168211977.3083","56571948767.5085","56521009764.1371","56851266808.5734",
"Ethiopia","ETH","GDP, PPP (constant 2021 international $)","NY.GDP.MKTP.PP.KD","","","","","","","","","","","","","","","","","","","","","","","","","","","","","","","41627443416.4072","38656293086.0249","35303833755.1879","39943757998.7887","41217949732.1942","43743584307.4239","49179238111.7192","50720469624.5556","48966485215.1729","51494206586.1581","54621561742.3812","59155864900.8478","60051913993.5065","58753976111.8193","66728420118.5334","74614895913.9167","82699216238.215","92173376559.801","102117521279.626","111106470415.815","125050930577.754","139029494035.733","151052502797.23","167037286560.903","184171124475.052","203311040468.83","222490352216.955","243769751472.714","260385457989.617","282164320927.222","299262155121.379","316145121455.809","332969605707.368","354926440581.455","381946190059.215","419268131612.567",
"European Union","EUU","GDP, PPP (constant 2021 international $)","NY.GDP.MKTP.PP.KD","","","","","","","","","","","","","","","","","","","","","","","","","","","","","","","14055046900286.7","14163697291310.7","14246781423743.6","14165170093636.2","14548276355073.5","14965907122544.4","15272122048685.5","15664417730526.6","16123564133041.4","16590357951914.8","17242731410766.9","17630418686267.7","17850581067931.2","18048815545511.1","18551610186280.8","18946844284538.3","19653724210861","20305277396115.7","20481942205927","19611106610197.6","20004956152631.7","20396009895487.4","20241900939245.3","20229842702373.9","20576138491054.7","21076145421659","21494116675137.8","22134351131538.1","22631771734000.8","23088322198062.2","21793679288788.5","23189787125039.9","24049416863216","24178427617055.2","24466131679265","24851249652329.1",
"Finland","FIN","GDP, PPP (constant 2021 international $)","NY.GDP.MKTP.PP.KD","","","","","","","","","","","","","","","","","","","","","","","","","","","","","","","193509018830.916","182129534851.65","176098545485.687","174725302504.799","181652064937.134","189343880214.701","196278897419.098","208836233781.912","220226726284.75","229893095486.06","243120541202.207","249539560604.325","253750107597.597","258855052077.98","269223179327.584","276700339415.683","287822512283.44","303113951801.69","305491672319.439","280820069654.841","289717257976.64","296642643533.22","292125250313.596","289263179392.037","287880303466.839","289223275925.013","296661908125.348","306461748706.321","310117768713.058","314303547500.663","306474132809.155","314676442275.461","317077555419.616","312988095703.173","314160444473.182","314705338515.407",
"Fiji","FJI","GDP, PPP (constant 2021 international $)","NY.GDP.MKTP.PP.KD","","","","","","","","","","","","","","","","","","","","","","","","","","","","","","","6047885734.61799","5884592614.32498","6243552856.7984","6376542592.65655","6701746153.36527","6869289739.95832","7199015729.407","7040637413.56681","7132165673.35708","7759796169.02666","7627879807.84211","7780437424.68852","8029411314.69281","8109705347.15043","8539519800.79048","8599296404.63755","8758596957.87318","8684091659.03018","8773780409.52536","8652172521.05183","8907815899.48676","9148784996.48381","9277903093.89418","9717139472.35081","10261640740.9136","10723537780.1018","10985798198.9181","11573908003.2395","12015145993.7393","11945224261.3031","9892612438.48376","9462683261.20136","11141848421.3669","12193912842.1951","12624462706.4514","13027873450.8363",
"France","FRA","GDP, PPP (constant 2021 international $)","NY.GDP.MKTP.PP.KD","","","","","","","","","","","","","","","","","","","","","","","","","","","","","","","2252131019723.13","2279982279111.45","2314548203918.7","2306239026543.33","2361211943582.49","2415632986071.29","2449381308300.82","2511278683611.68","2597982949373.9","2686296393899.28","2797535926604.37","2850674198675.33","2881112280148.3","2908996467955.6","2992433774420.27","3048947856501.29","3131698267518.58","3210945324824.36","3223152421770.07","3132112820496.35","3194765248768.1","3272640096893.57","3278656363487.31","3304287470958.63","3337258740017.21","3372859106073.87","3401866742516.37","3472748543479.96","3529906814718.25","3601473785622.54","3333500874071.68","3562923665911.39","3659719845024.82","3712391079956.77","3756585907158.45","3788176914672.25",
"Faroe Islands","FRO","GDP, PPP (constant 2021 international $)","NY.GDP.MKTP.PP.KD","","","","","","","","","","","","","","","","","","","","","","","","","","","","","","","","","","","","","","","","","","","","","","","","","2634321707.17369","2514373183.21775","2504823141.50152","2594154231.7152","2777858834.16873","2940534244.76312","3100268242.5089","3129968872.24639","3173364261.80498","3284813248.63346","3375595945.18801","3528797714.39989","3471019962.01665","3646874430.17944","3787680245.24364","3907323167.86466","3940289911.86911","",
"Micronesia, Fed. Sts.","FSM","GDP, PPP (constant 2021 international $)","NY.GDP.MKTP.PP.KD","","","","","","","","","","","","","","","","","","","","","","","","","","","","","","","314751567.459162","338129170.236272","351681591.518003","380310744.125557","378277932.176351","404812097.929269","391295205.164926","366991478.739184","377402359.194952","381662535.888099","399312693.382035","406580837.340582","408382884.736945","415581679.762513","402323051.989951","413360634.995222","411652533.197721","404820126.007718","394571515.222712","399695820.615215","406528227.805219","421901143.982727","415068736.792723","399695820.615215","389447209.830209","406528227.805219","411652533.197721","420193042.185226","421901143.982727","437274060.160235","428279196.094595","441554563.264772","427804002.17453","432642371.326132","442598896.703764","447301984.193003",
"Gabon","GAB","GDP, PPP (constant 2021 international $)","NY.GDP.MKTP.PP.KD","","","","","","","","","","","","","","","","","","","","","","","","","","","","","","","23496300368.9089","24932512547.3373","24162061595.0351","25115630646.9265","26048112439.6404","27343705897.6147","28334928640.3643","29960890946.8137","31002880875.1831","28233510468.7563","27701882953.7642","28293382817.1091","28222922909.3916","28857185126.0581","29056167842.9632","29833769975.2504","28996461844.4385","30738600595.4445","29721635312.3364","29760371852.4668","31870348681.1982","34130515199.091","35922734804.5357","37948309693.9484","39585765763.2312","41121257791.9585","41981285134.0016","42179706332.6615","42533137085.7647","44200780065.2122","43388475339.4063","44025399637.0532","45362721558.0231","46469089599.7253","48046268621.4629","49234395003.9632",
"United Kingdom","GBR","GDP, PPP (constant 2021 international $)","NY.GDP.MKTP.PP.KD","","","","","","","","","","","","","","","","","","","","","","","","","","","","","","","1919566391185.43","1894757152165.77","1919289112945.71","1986281658495.8","2084670351228.72","2158329905035.32","2214768420554.8","2322848793991.13","2398255778841.44","2468871429734.97","2580572573397.46","2642274638992.58","2687431835567.63","2773927262589.34","2838449324816.32","2917660644802.27","2981552199768.68","3068938851175.2","3067422437153.46","2926707248980.16","2992866771927.44","3018349169102.23","3064477402594.21","3117139515557.64","3215646532943.97","3284474411422.03","3356947002982.57","3458434969965.38","3512086742067.32","3556209052603.05","3198884842788.99","3472169152711.61","3650975582470.56","3660893459405.78","3700441255614.06","3751819739100.41",
"Georgia","GEO","GDP, PPP (constant 2021 international $)","NY.GDP.MKTP.PP.KD","","","","","","","","","","","","","","","","","","","","","","","","","","","","","","","62027887438.1473","48940095710.7731","26966102946.7545","19064989882.9368","17082568368.5606","17526130080.082","19489502932.0001","21539955383.7262","22208019188.5023","22844788762.0974","23265219954.9197","24383648564.9521","25718415555.7572","28562108736.9832","30216621133.3328","33114739064.4387","36234637851.3052","40791350035.0017","41779159245.3223","40253905629.9375","42768329074.3899","46161712229.403","49198613272.7027","51723921667.1311","53839683818.7131","55643864277.2325","57563697329.2467","60533928053.9435","64203516814.5972","67658127813.2253","63402112372.6154","70150781357.7257","77838277278.2648","83934727816.341","92059436393.1422","98928557146.1918",
"Ghana","GHA","GDP, PPP (constant 2021 international $)","NY.GDP.MKTP.PP.KD","","","","","","","","","","","","","","","","","","","","","","","","","","","","","","","42884426695.246","45149507665.2141","46901046280.2739","49175747284.6024","50798546816.8804","52887595893.4894","55321726950.6424","57643224355.5805","60352681160.9515","63008197216.1091","65339500564.5476","67953080670.8158","71010969001.3317","74703539483.9173","78886937688.1248","83541270024.0622","88887838295.6953","92751631832.2215","101238219656.879","106142692099.579","114527659021.355","130615500817.727","142753324240.703","153192196788.091","157567733839.808","160909366269.164","166337588628.264","179858996355.462","191010393846.258","203440920110.743","204486487774.301","214867175690.96","223042548956.355","230046287964.093","243498172286.681","257997069211.336",
"Gibraltar","GIB","GDP, PPP (constant 2021 international $)","NY.GDP.MKTP.PP.KD","","","","","","","","","","","","","","","","","","","","","","","","","","","","","","","","","","","","","","","","","","","","","","","","","","","","","","","","","","","","","","","","","","",
"Guinea","GIN","GDP, PPP (constant 2021 international $)","NY.GDP.MKTP.PP.KD","","","","","","","","","","","","","","","","","","","","","","","","","","","","","","","13549165645.2759","13903262657.1127","14358031051.9641","15082270891.4258","15681051993.2358","16403583623.7909","17135441823.826","18023332469.868","18680124556.9295","19392211658.4973","19877610460.8138","20604802321.2874","21668959892.6223","21939518798.7052","22452929276.4778","23125904765.2172","23401011017.864","24996368183.6193","26029472119.9759","25737254320.9579","26976081069.211","28490008891.1435","30175274472.934","31365896381.0502","32525353401.2862","33769744334.8314","37423842474.5451","41278500248.8802","43903190354.9434","46369195006.2984","48550675963.3161","51260936277.8168","53297229730.4031","56250816533.4192","59260261425.4896","63673430388.7858",
"Gambia, The","GMB","GDP, PPP (constant 2021 international $)","NY.GDP.MKTP.PP.KD","","","","","","","","","","","","","","","","","","","","","","","","","","","","","","","2798934224.18109","2885898208.37632","2983403727.6687","3073266872.35296","3078010335.6057","3105153715.60048","3174198225.60891","3329733910.41328","3446274554.05956","3666836092.78297","3868512085.81848","4092885796.20548","3959867001.70167","4231909849.73992","4530259494.17394","4423720051.48552","4399142704.39283","4533019593.11356","4816601016.69387","5137662361.47514","5441212706.55878","4998817942.38871","5260834446.33585","5411966056.42096","5335798993.50162","5552329654.69098","5660231389.10106","5933202344.80689","6362463027.66407","6758338859.52741","6798313574.75296","7155630814.36372","7548689488.3493","7995330028.34755","8439171638.69258","8936499794.34673",
"Guinea-Bissau","GNB","GDP, PPP (constant 2021 international $)","NY.GDP.MKTP.PP.KD","","","","","","","","","","","","","","","","","","","","","","","","","","","","","","","1916268816.92269","2013998527.24724","2036152510.39775","2078911712.89443","2145436888.10477","2239836111.31239","2499657100.32289","2662134811.67426","2064599297.72347","2411762108.76129","2438298200.46147","2554994461.07919","2648352324.42128","2640779862.75181","2671726938.09842","2846986110.14794","2922901135.20819","2997722332.1822","3133356531.77328","3210059566.23733","3389995061.08723","3664077574.4459","3601316704.12205","3718578165.66184","3754444809.44888","3984745809.11917","4201224228.6079","4397155859.14934","4562552836.35131","4805622643.02886","4944577212.04801","5192661959.20682","5476065033.29571","5729635519.53366","5982266670.27324","6330323178.13106",
"Equatorial Guinea","GNQ","GDP, PPP (constant 2021 international $)","NY.GDP.MKTP.PP.KD","","","","","","","","","","","","","","","","","","","","","","","","","","","","","","","532523229.351088","527079569.871057","710215053.230577","788574593.078097","920020795.123031","1080898057.75111","1800559954.57002","4500913077.81623","5570981862.18854","7000719507.51825","8275815154.02212","13521016489.0496","16152589488.2834","18406723783.951","25401044477.6871","29655389367.8877","31940312684.5962","36821467655.2962","43375360867.775","43958046505.4614","40035153118.1574","42647015932.6991","46192207712.6692","44282992075.7645","44466795853.2098","40415852453.4227","36852622273.1796","34763996771.5807","32595924793.3504","30809073115.5301","29332985518.4104","29585328380.1352","30539013900.9581","28271475225.4808","28383494025.4737","26723972138.1359",
"Greece","GRC","GDP, PPP (constant 2021 international $)","NY.GDP.MKTP.PP.KD","","","","","","","","","","","","","","","","","","","","","","","","","","","","","","","274460040199.646","282968300639.851","284949079698.273","280389894360.802","285997691819.717","292002841216.934","296039694569.837","306705659183.728","317246935774.453","325681851692.904","339158003267.002","354930256549.08","371552127678.273","393090345917.419","414230219339.723","419132660309.661","446139044189.127","461784559445.877","462049965613.57","443016851961.775","417792618868.687","376528166256.652","345159099383.593","337316680813.317","339988988093.528","339212786800.531","339104934882.48","344100373528.791","351204917864.513","359202488307.731","326169395938.999","354397719330.584","373967511088.431","381955125490.765","389924903122.161","398008314728.985",
"Grenada","GRD","GDP, PPP (constant 2021 international $)","NY.GDP.MKTP.PP.KD","","","","","","","","","","","","","","","","","","","","","","","","","","","","","","","888009893.012127","900313676.673166","892650668.01054","875165287.637744","889986702.26319","908938747.922617","949279582.980399","996890649.292607","1114060221.58338","1190912133.39773","1249123348.46605","1223842340.5078","1265909761.24256","1385715124.70402","1376743307.74908","1559522342.11516","1497214305.50486","1588895489.08012","1603950951.10439","1497877162.02401","1490220820.02178","1501617634.69494","1484276381.17066","1519173173.73188","1630712751.32011","1735815827.02816","1800728464.3623","1880656960.58338","1962680692.92822","1975958458.21248","1704133317.15679","1784188797.38537","1914617246.08929","2001283831.20836","2049307595.54494","2139723251.59115",
"Greenland","GRL","GDP, PPP (constant 2021 international $)","NY.GDP.MKTP.PP.KD","","","","","","","","","","","","","","","","","","","","","","","","","","","","","","","2120448808.02707","2118042849.39105","2009774852.37418","1908724726.79368","2021804638.10145","2097191212.51615","2129270632.84126","2160548050.8893","2328162974.26548","2360242369.74772","2527857268.28103","2559936663.76327","2535075139.71739","2647380127.4732","2830223628.98122","2971380799.57478","3136461651.14011","3210244966.28669","3408192930.96277","3437706257.0214","3497378823.68204","3480013659.61219","3528531778.96615","3482721532.12093","3647876912.28742","3555610504.05362","3722082556.1739","3724045142.67106","3747248380.4983","3853377108.54753","3863040983.83104","3926166709.012","4004868911.83502","4039549554.24062","","",
"Guatemala","GTM","GDP, PPP (constant 2021 international $)","NY.GDP.MKTP.PP.KD","","","","","","","","","","","","","","","","","","","","","","","","","","","","","","","68540733673.6958","71048124206.6013","74485673200.0737","77410823866.7921","80533376391.8233","84518608777.6207","87018483189.1615","90816048065.8631","95350972675.671","99019183892.2299","102592656244.028","104985706758.029","109016409439.282","111807641241.042","115316072039.582","119093857609.476","125467043670.179","133418791946.858","137812971880.518","138470199334.06","142463922798.361","148395987885.459","152810336052.363","158456323672.984","165498088245.04","172270554177.492","176883620577.893","182331372926.408","188543171754.91","196118644663.861","192616845898.29","208106522477.527","216753186092.813","224392228038.433","232729710967.449","242690617254.718",
"Guam","GUM","GDP, PPP (constant 2021 international $)","NY.GDP.MKTP.PP.KD","","","","","","","","","","","","","","","","","","","","","","","","","","","","","","","","","","","","","","","","","","","","","","","","","","","","","","","","","","","","","","","","","","",
"Guyana","GUY","GDP, PPP (constant 2021 international $)","NY.GDP.MKTP.PP.KD","","","","","","","","","","","","","","","","","","","","","","","","","","","","","","","3805285434.56612","4035804534.16106","4348897640.06694","4704424609.92675","5105826025.2028","5362722933.0115","5789355296.63592","6147175988.50736","6043958480.3595","6222868826.29521","6138001098.38736","6277918162.8682","6349023556.63281","6308883417.80077","6407513479.85187","6282505608.96496","6604773603.95408","7079738476.96953","7204003710.167","7464176914.49627","7773077517.12589","8176986178.90967","8608431004.49892","8922930074.16731","9073414794.663","9135785864.48746","9483626915.63116","9837792161.02235","10274679940.6771","10824667122.0464","15531194686.2204","18646751960.8246","30456604136.2518","40749416889.6156","58605514975.359","69937483041.1105",
"High income","HIC","GDP, PPP (constant 2021 international $)","NY.GDP.MKTP.PP.KD","","","","","","","","","","","","","","","","","","","","","","","","","","","","","","","41433967583821.3","41596267172778.2","41772142462650.1","41977511104272.7","42892821840889.6","44000392263943.4","45168362488398.7","46701278280611.8","47748421422958.7","49449712682766.3","51698901691852.5","52613235270027.4","53569389820906.1","54934430855937.9","57019872409857.8","58853835826769.3","61008520666053.4","63048650049097.4","63743704245086.4","61455859508104.6","63407024709821.5","64883407588115.5","65911316697361.9","66941461722481.7","68388325874945.5","69875460639970.6","71133779229411.1","72918642018382.8","74717781139919.3","76161368688793.4","73166913632934.3","77573598174131.1","79959740876873.8","81409312943998.6","83154342267502.9","84791560358972.4",
"Hong Kong SAR, China","HKG","GDP, PPP (constant 2021 international $)","NY.GDP.MKTP.PP.KD","","","","","","","","","","","","","","","","","","","","","","","","","","","","","","","180254935094.551","190532955716.778","202412730989.952","214964719118.366","227940054858.517","233350961434.686","243288155490.6","255695121426.758","240653504282.91","246686004295.921","265590648051.452","267080258717.59","271504981833.735","279803148419.369","304146205766.21","326616995685.976","349586818199.97","372187005025.284","380106909461.868","370759732742.574","395851664507.564","414910607969.333","421965424917.879","435052904642.839","447070866045.334","457746029371.383","467704057142.908","485458614691.387","499279180784.386","490929092673.129","458798783063.318","488411631115.747","470412277408.847","485231885270.722","497990420157.803","515358577387.072",
"Honduras","HND","GDP, PPP (constant 2021 international $)","NY.GDP.MKTP.PP.KD","","","","","","","","","","","","","","","","","","","","","","","","","","","","","","","5837529410.25191","7358024890.63708","8022839738.34257","9116928380.15012","11762571679.053","14664923061.533","18031606802.3207","22075689647.3586","24631208119.8259","27482482323.7682","30124158654.5788","30944497716.6726","32106258710.4076","33566142510.9323","35658086204.4309","37815614090.9532","40299057568.9058","42792895096.3988","44603719292.4101","43519122818.6324","45142882367.617","46874423691.1832","48809722279.3804","50172274844.2635","51706583428.8613","53692157582.7701","55782378349.5786","58483870910.2802","60732572687.8795","62287104477.5612","56703014340.7969","63827909343.1217","66472658301.8488","68849619261.4123","71350517963.8647","74027183433.4088",
"Heavily indebted poor countries (HIPC)","HPC","GDP, PPP (constant 2021 international $)","NY.GDP.MKTP.PP.KD","","","","","","","","","","","","","","","","","","","","","","","","","","","","","","","790511525774.715","797959452894.311","788690282801.277","792069088832.335","794798119625.805","835286860497.334","880996673529.279","932355983817.888","967171583369.02","1000414908699.35","1030176439756.95","1067003150873.69","1111311797477.89","1158116133468.56","1224475697219.42","1293743428851.62","1368830309028.19","1444869104117.18","1527056517124.48","1583876902368.59","1685222895619.4","1754850700108.21","1825935392400.74","1937686511050.21","2044229835342.3","2141341992444.76","2235885266836.05","2348728940394.32","2446453030301.46","2549193536037.61","2544730367132.22","2643647810344.49","2763515700271.01","2853012218154.25","2990350143239.27","3162033602131.78",
"Croatia","HRV","GDP, PPP (constant 2021 international $)","NY.GDP.MKTP.PP.KD","","","","","","","","","","","","","","","","","","","","","","","","","","","","","","","111788689995.348","88213941328.2144","77881186109.891","71630767746.4088","75835833807.5882","80954541515.0769","85902022669.8153","91198160064.7387","93253267621.3224","92460197441.1832","95185608896.1507","98146731612.0885","103840631759.899","109622923630.573","114194739963.141","119137310466.609","125177411528.969","131497419713.732","134090243584.404","124956432221.81","123286810789.938","123149312554.372","120394437191.783","120234841025.501","119562081801.482","122336599769.152","126576947140.98","130733813441.214","134539568175.628","138713621755.308","127185867898.486","143251063528.984","153700929431.995","159483221302.669","165584705505.907","171219677838.475",
"Haiti","HTI","GDP, PPP (constant 2021 international $)","NY.GDP.MKTP.PP.KD","","","","","","","","","","","","","","","","","","","","","","","","","","","","","","","26891493438.0105","27397199999.0538","25942427056.4577","24534714176.8257","21602661437.2215","23740829675.9346","24723883619.1365","25392593943.6125","25946619798.9986","26649837545.889","26881706925.0787","26789570443.611","27071348539.4832","28013642552.593","27644462870.5896","28493748699.017","28997732050.9145","30362518991.8359","31169564556.2449","33005570025.1874","31140256428.1921","32727853199.0817","32892285920.3223","34314806276.7755","35306082966.89","35800368131.4618","36449238375.8212","37364213162.4031","37987377602.7178","37332818239.4774","36098779890.5937","35449637231.0451","34853380015.7574","34203753371.5896","32772343036.5366","31883258616.776",
"Hungary","HUN","GDP, PPP (constant 2021 international $)","NY.GDP.MKTP.PP.KD","","","","","","","","","","","","","","","","","","","","","","","","","","","","","","","220934829082.436","194661168931.908","188696399653.007","187609303620.644","193138439758.674","196015286022.694","196213720583.542","202056727892.303","209832089294.834","216307629516.242","225845444094.298","235019345142.265","246135913654.059","255830659917.208","268527856282.214","280075314531.929","291093285910.058","292060747073.055","294962186846.607","275081245566.525","278018977603.287","283347792830.222","279552393162.825","285233372770.368","297596395848.786","308487876817.988","316010789936.444","329043656039.943","347490297930.843","365133023043.188","349290903827.747","374519891736.617","390071382981.057","386884080960.455","389627362231.012","391612678491.852",
"IBRD only","IBD","GDP, PPP (constant 2021 international $)","NY.GDP.MKTP.PP.KD","","","","","","","","","","","","","","","","","","","","","","","","","","","","","","","21516083643537.7","21489643495593.4","21432524292664.5","21852230367874.8","22227221942295.3","22978662877798.4","24083277578777.2","25215252439976.5","25701674109350.9","26706604620536.8","28280416564450.2","29324707116886.6","30634680144467.7","32437688990633.5","34891339718088","37285485250821.1","40254898807025.1","43660335837186.7","46046190800539.9","46953008565915.6","50394898701979.1","53379252122761.6","56087600029222.1","58816861813940.6","61453954359150","63930897616512.4","66798183603879.5","70154598022027.6","73503750372354.2","76334090097356.5","74890602388187.8","80401310484470.5","83454040751329.5","87356416019930.7","91317564884595.7","95274849862933.2",
"IDA & IBRD total","IBT","GDP, PPP (constant 2021 international $)","NY.GDP.MKTP.PP.KD","","","","","","","","","","","","","","","","","","","","","","","","","","","","","","","24027956909962.4","24051480125667.2","24051332008025.3","24494562022444.5","24898627507880.7","25747007735319.9","26991862139172.4","28236554745959.3","28829368545309.8","29925256479335.6","31628033634601.7","32813369984393.4","34326112412429.1","36310697903517.4","39030889072388.9","41686224457710.5","44929228703550.2","48621070140603","51263232227292.3","52443300686169.5","56225821604028","59495427456113.8","62425869032765.5","65472626803851.2","68472826327959.8","71257714106370.3","74386931258060.1","78066215520670.4","81775986217953.8","84941849045088.9","83352531651946.9","89187156956590.1","92638373324925.1","96830711620585.4","101200288027945","105617170806364",
"IDA total","IDA","GDP, PPP (constant 2021 international $)","NY.GDP.MKTP.PP.KD","","","","","","","","","","","","","","","","","","","","","","","","","","","","","","","2521061434245.83","2572176979158.59","2630385310799.63","2653585518240.54","2682529936316.96","2779976711446.63","2920938344291.21","3033691433932.97","3141431726158.33","3232203839377.06","3360567999506.93","3502335074006.58","3706369550987.19","3888327780057.73","4155658558702.43","4417635107271.7","4691499346976.76","4977835976564.21","5234871600289.3","5510462549007.46","5851850568257.09","6137641778489.38","6359795360882.06","6678444659896.72","7043283527404.58","7352488784396.58","7614834391275.65","7938369054699.49","8300075735801.3","8636858653037.3","8490665972894.25","8813395761671.38","9213645201085.49","9501968799292.2","9911194137158.41","10372937185433.7",
"IDA blend","IDB","GDP, PPP (constant 2021 international $)","NY.GDP.MKTP.PP.KD","","","","","","","","","","","","","","","","","","","","","","","","","","","","","","","1317355708031.44","1342679871082.88","1382956852794.8","1377210690583.47","1389825796084.27","1422254382641.72","1490155989461.22","1526813420579.75","1569982820541.46","1600668448950.25","1658954032515.23","1727048421542.93","1841983931505.24","1926499156617.61","2070304307284.57","2194378225928.18","2320012263558.04","2444505739416.5","2546587873598.36","2698355473013.58","2858625500215.36","2981798801301.61","3116001583471.38","3293528326233.55","3481559079233.43","3612953272167.15","3690445615570.29","3790370985615.76","3936783433689.78","4050850364046.01","3914111859897.15","4079987333812.88","4272964994162.99","4388822619660.1","4564993675216.42","4768391425027.24",
"Indonesia","IDN","GDP, PPP (constant 2021 international $)","NY.GDP.MKTP.PP.KD","","","","","","","","","","","","","","","","","","","","","","","","","","","","","","","894210723157.611","956018414859.16","1018135773666.7","1084278028744.42","1166032278706.76","1261880218291.6","1360536374441.61","1424479935803.67","1237492364936.66","1247282489798.42","1308649633293.18","1356329843593.82","1417357571125.18","1485112494798.99","1559826632354.02","1648620875616.96","1739310715105.45","1849670366569.78","1960904059994.01","2051671782944.75","2179364842980.24","2313826950890.82","2453351888053.6","2589691121689.59","2719348369403.8","2851952560361.74","2995493305785.44","3147358403078.01","3310211902647.8","3476360960874.61","3404556313997.13","3530623140454.75","3718000273848.35","3905715830893.17","4102273900421.17","4311821704099.06",
"IDA only","IDX","GDP, PPP (constant 2021 international $)","NY.GDP.MKTP.PP.KD","","","","","","","","","","","","","","","","","","","","","","","","","","","","","","","1199836880713.96","1225660784471","1242766651056.44","1273011814842.63","1289484183817.6","1355733893661.56","1429007858516.06","1506593056392.3","1571979308996.8","1633177249336.89","1703715565874.15","1777577117700.17","1866049814205.94","1963888195239.5","2086953198657.52","2225298201163.26","2374206719014.34","2537123049558.66","2693552887644.97","2816807426052.7","2998546476655.58","3162209940814.57","3249135131445.06","3389502154610.82","3566184765804.98","3745186422981.63","3932626247825.01","4159223227367.58","4376248398836.87","4601608310634.34","4595051828101.23","4751816139119.67","4959567219375.95","5133866915316.94","5368707445630.27","5628915278573.73",
"Isle of Man","IMN","GDP, PPP (constant 2021 international $)","NY.GDP.MKTP.PP.KD","","","","","","","","","","","","","","","","","","","","","","","","","","","","","","","","","","","","","","","","","","","","","","","","","","","","","","","","","","","","","","","","","","",
"India","IND","GDP, PPP (constant 2021 international $)","NY.GDP.MKTP.PP.KD","","","","","","","","","","","","","","","","","","","","","","","","","","","","","","","1850891338088.27","1870452139539.16","1972997733224.49","2066730440347.37","2204352451049.46","2371320947585.03","2550344350115.51","2653628727328.42","2817740162166.71","3066990569260.08","3184793405807.25","3338426765280.63","3465419695548.26","3737814903343.74","4033959608849.92","4353587599749.13","4704518653498.4","5064923127246.4","5221262011130.32","5631751826126.82","6110314707739.01","6430575622401.57","6781452750161.58","7214523538314.82","7749136153132.49","8368776746134.84","9059728521056.53","9675371810785.02","10299805924524.6","10698556415907.6","10080423278586.9","11057175215742.4","11898556034131.2","12756468651839.4","13662085943276.7","14695849780451.9",
"Not classified","INX","GDP, PPP (constant 2021 international $)","NY.GDP.MKTP.PP.KD","","","","","","","","","","","","","","","","","","","","","","","","","","","","","","","","","","","","","","","","","","","","","","","","","","","","","","","","","","","","","","","","","","",
"Ireland","IRL","GDP, PPP (constant 2021 international $)","NY.GDP.MKTP.PP.KD","","","","","","","","","","","","","","","","","","","","","","","","","","","","","","","103679371585.15","105680010391.52","109213182835.334","112153866186.281","118609249786.358","130036564689.342","139632775081.129","155022771528.527","168612257827.187","186366935755.975","203891996711.69","214710141773.867","227376676859.648","234229443127.884","250129265428.95","264486140048.439","277678321626.36","292423369023.127","279310898089.883","265077821444.762","269539006308.089","273875529055.82","272766252598.303","278747846243.458","304910543063.094","379991671390.822","384637892678.51","423520389550.394","456083429683.947","478763911513.813","513013221788.168","596419876445.516","641217801698.032","624954119495.209","641199596943.635","720308232191.025",
"Iran, Islamic Rep.","IRN","GDP, PPP (constant 2021 international $)","NY.GDP.MKTP.PP.KD","","","","","","","","","","","","","","","","","","","","","","","","","","","","","","","563718236595.034","635401484357.393","656356910428.247","646701824911.74","635718977587.352","650982873466.016","692323710222.994","701672844581.654","716267722407.917","730612389099.44","773320537045.716","791819699909.824","855789461668.986","929723666914.367","970042676871.602","1000985137826.89","1051032345319.41","1136752163063.28","1139603780361.31","1151083983122.4","1217823122264.54","1250043286820.61","1203202022306.23","1184889537733.29","1243953615982.83","1226228708255.88","1334321831324.07","1374709814214.37","1323186238101.69","1291940050029.9","1349325554971.29","1405064801822.49","1466224615320.02","1544408860614.94","1600982419419.64","1555739110399.07",
"Iraq","IRQ","GDP, PPP (constant 2021 international $)","NY.GDP.MKTP.PP.KD","","","","","","","","","","","","","","","","","","","","","","","","","","","","","","","188735900982.395","67856016582.8241","89971792816.9657","117224095451.489","121742536248.658","124323504188.894","138024931090.925","167338577797.824","225908699227.221","265623833441.93","310238369622.053","315719067854.304","289818407492.744","183580310188.303","281585663496.714","286302867166.11","302445479298.28","308157281224.747","333512792372.178","344783187144.612","366858154275.21","394542999234.003","449528208827.683","483819505901.543","494771670848.058","507669212665.884","577663460717.272","567151427862.213","582089351365.752","614184539182.359","540256416973.078","548372044650.918","592017239176.915","595082145133.916","585886626484.614","573256421288.04",
"Iceland","ISL","GDP, PPP (constant 2021 international $)","NY.GDP.MKTP.PP.KD","","","","","","","","","","","","","","","","","","","","","","","","","","","","","","","10982893226.3274","10958343659.4561","10588620741.7614","10727696927.9362","11114844269.1309","11127802360.9565","11628292338.6218","12109804860.2949","12958760699.258","13463891587.6827","14124319993.124","14666826558.1297","14746362812.0158","15082781867.7851","16232482783.4888","17373519288.0611","18358877977.4394","19963687979.0107","20302992960.8312","18613486680.3439","18199928801.3673","18451087216.7677","18666837947.4745","19338276076.3442","19708375123.3412","20451103017.2397","21722770527.5692","22479823643.7383","23527556601.6283","23795350138.4919","22213940173.7329","23364749317.8553","25434235020.5308","26714151789.0417","26371442228.4537","26708854831.357",
"Israel","ISR","GDP, PPP (constant 2021 international $)","NY.GDP.MKTP.PP.KD","","","","","","","","","","","","","","","","","","","","","","","","","","","","","","","118088972984.443","127212662928.05","137083432139.228","142726823138.426","153328350831.619","163452506244.056","172996371471.306","179242000604.023","186594389911.038","192730281259.657","209288745786.466","209854812018.744","209533985158.082","212539874178.127","222421797879.005","232102849598.642","245079871949.854","260551939181.685","268930803575.288","272212229492.813","287305597506.66","303145960892.399","310451589544.996","323149486221.274","335164649937.126","342658927809.63","358202003224.747","373762101911.896","388912546952.038","402831678895.998","395572372962.38","432500426228.325","460025066258.848","469514118524.502","473991491874.434","487884891895.33",
"Italy","ITA","GDP, PPP (constant 2021 international $)","NY.GDP.MKTP.PP.KD","","","","","","","","","","","","","","","","","","","","","","","","","","","","","","","2419458129490.78","2456680224824.99","2477175704024.68","2456050207631.18","2508880428962.8","2581307710428.38","2616041393896.52","2666419058301.97","2714531211372.49","2760080816520.44","2867229882174.94","2924758937271.92","2932653729237.93","2934605521995.8","2977862244389.35","3000565784096.06","3054560362937.54","3099226956375.59","3067517571817.73","2904781040277.21","2949198213679.82","2969708800607.37","2876898309730.64","2824595576142.56","2824556381565.56","2849572563276.21","2884799580139.13","2931063109648.27","2955292646480.9","2967975655283.17","2704769008361.9","2946333608376.65","3088381557782.51","3116881036053.08","3141287434365.39","3158237307345.41",
"Jamaica","JAM","GDP, PPP (constant 2021 international $)","NY.GDP.MKTP.PP.KD","","","","","","","","","","","","","","","","","","","","","","","","","","","","","","","21132481829.1995","22154921754.8593","22588170665.6567","24715321864.9816","25057231108.3846","25646065274.277","25616897694.989","25324747255.9412","24733527472.516","24992654176.2574","25212265515.854","25551352729.0733","26061687582.6673","27017191818.8709","27374825169.5098","27619500791.6969","28420224739.2598","28827189294.936","28593188419.2201","27350728071.498","26952187700.8987","27418561961.138","27250311782.7101","27391382834.848","27580334718.291","27834483951.4757","28602837516.0503","29258710223.1433","29994813900.2622","30537549503.2454","28001583368.1464","29598984033.4944","31504952370.3526","32370186846.3016","32196993701.627","32223281094.1834",
"Jordan","JOR","GDP, PPP (constant 2021 international $)","NY.GDP.MKTP.PP.KD","","","","","","","","","","","","","","","","","","","","","","","","","","","","","","","29851058690.8529","30331222245.396","34683684713.777","36239938102.1622","38041598180.8777","40400509920.4653","41243676958.4103","42608213857.6427","43891646839.3579","45379367724.9941","47306044950.074","49799053449.4176","52679335050.293","54871673845.5045","59572647702.2228","64425789928.588","69639753180.2416","75333617754.4439","80772996024.9241","84905885513.7809","87145461493.3748","89679035529.3255","91835508883.003","94336292700.4289","97470968164.3622","99929787095.5734","102039972501.762","104598832954.098","106537921846.355","108515617321.204","107264893074.196","111289485557.448","114346453639.857","117924355340.779","120938571342.081","124357031156.611",
"Japan","JPN","GDP, PPP (constant 2021 international $)","NY.GDP.MKTP.PP.KD","","","","","","","","","","","","","","","","","","","","","","","","","","","","","","","4462228733381.41","4614725255850.21","4653861337001.87","4629758065480.19","4675734635527.23","4785242933945.75","4932411516279.22","4999638859486.9","4911013215692.4","4893942514175.64","5039700119943.19","5054043537700.39","5058338908909.1","5128149517565.88","5236504662399.88","5333290000811.46","5415759113732.35","5509363963912.38","5445090506695.21","5121873139285.37","5333737162547.5","5323050601266.36","5410824220670.02","5518893343125.06","5568889852579.88","5669128609009.08","5709095200093.08","5801779541655.51","5850174728658.72","5832127119739.3","5582320818677.27","5781285635750.58","5858271981764.86","5900497545321.7","5886331380867.35","5956561958993.67",
"Kazakhstan","KAZ","GDP, PPP (constant 2021 international $)","NY.GDP.MKTP.PP.KD","","","","","","","","","","","","","","","","","","","","","","","","","","","","","","","288834656343.715","257062844141.018","243438513404.283","221042170166.139","193190856728.926","177349206474.87","178235952510.922","181265963702.708","177821910393.399","182623101970.183","200520165967.172","227590388369.604","249894246428.934","273134411347.668","299355314840.782","328392780378.023","363530807878.472","395885049779.634","408949256423.197","413856647497.939","444068182778.938","476929228310.983","499821831247.413","529811141105.818","552063209062.287","558687967573.976","564833535212.271","587991710170.511","612099370246.921","639643841913.657","623652745889.61","650469813945.991","671284847990.359","705520375236.098","740796393997.686","788948159607.536",
"Kenya","KEN","GDP, PPP (constant 2021 international $)","NY.GDP.MKTP.PP.KD","","","","","","","","","","","","","","","","","","","","","","","","","","","","","","","95633729813.2119","97009274497.7782","96233691208.8466","96573585965.7625","99116160385.3891","103483433023.06","107774724660.321","108286548898.402","111849407789.869","114427971280.882","115114190550.448","119465399319.131","120118707240.57","123641158956.222","129952174356.235","137628015358.898","146535980808.419","156574764869.405","156938461030.929","162128321485.866","175193389475.644","184165228865.401","192579148133.479","199893012215.302","209927863314.401","220356494132.985","229641252624.049","238454787849.2","251922586472.068","264806307742.621","264084005302.165","284129273925.386","297937902775.433","314979928207.083","329658610051.218","344930410879.992",
"Kyrgyz Republic","KGZ","GDP, PPP (constant 2021 international $)","NY.GDP.MKTP.PP.KD","","","","","","","","","","","","","","","","","","","","","","","","","","","","","","","26767574229.8117","24641178145.0418","21231371881.7068","17949144416.0024","14344030249.7486","13566035592.5271","14527121709.0358","15967522710.1964","16306327241.1597","16902452223.9302","17822509597.691","18770956084.5805","18767704089.0757","20087128712.9416","21498613569.1635","21460880190.6936","22126789572.1528","24017053497.0464","26034874118.0585","26786317277.4343","26660001952.6433","28247944796.511","28223044176.7211","31303721942.4826","32563395806.3365","33825496186.795","35292120966.3226","36964945345.0664","38354054772.7972","40118581257.2035","37250512878.8033","39301901464.0311","42826301521.6796","46686361487.7722","52073833119.0344","57851956231.5079",
"Cambodia","KHM","GDP, PPP (constant 2021 international $)","NY.GDP.MKTP.PP.KD","","","","","","","","","","","","","","","","","","","","","","","","","","","","","","","19514316431.9046","20995706332.9199","22469088082.5023","23389954628.5213","15248229812.5098","16758333509.9709","17746657168.3519","18457698475.2305","19321820012.7551","21776730888.1836","23953005981.2005","25723063815.3573","27334632491.0909","30145638982.9605","32996721516.8066","37386385535.0717","41477712320.6486","45790754857.6479","49214239315.3323","51219610560.8403","53819988410.352","57741666976.1537","62159052652.6501","67043200062.8067","72406871106.3382","77625259450.4716","83761925237.7963","90525733498.0315","98470474432.232","106286026886.488","102506791315.638","105674090069.142","111095066386.193","116657963460.597","123675890227.632","130291710404.719",
"Kiribati","KIR","GDP, PPP (constant 2021 international $)","NY.GDP.MKTP.PP.KD","","","","","","","","","","","","","","","","","","","","","","","","","","","","","","","165715783.388444","156355022.490296","193816486.941004","193614928.107331","197574850.129685","203012521.547941","202906860.08323","205295343.886187","214415125.554894","206022420.301774","219913822.57158","212999447.910538","216081879.947078","212677581.46853","211382443.91098","214114414.653675","226483664.139768","233402920.848685","226436471.010315","227651984.691818","230442888.726712","237963915.955772","251774531.957179","271239024.354139","274666570.679708","305608641.390265","327270287.809198","339418566.509355","351042490.019949","362666413.530544","358016844.126306","388239045.253851","407999715.221862","420786031.083516","440546701.051526","459144978.668477",
"St. Kitts and Nevis","KNA","GDP, PPP (constant 2021 international $)","NY.GDP.MKTP.PP.KD","","","","","","","","","","","","","","","","","","","","","","","","","","","","","","","579230492.366387","568429644.343864","592695757.076888","633010622.664127","666571067.441893","702453538.912685","743496761.398274","794232733.377274","790366839.070653","815815753.604414","897746566.759705","944909232.245951","957832898.237166","920157548.247361","956930233.705024","1050066537.60414","1083147636.38898","1089653046.29303","1212969471.92886","1171671013.26522","1171036035.4564","1189967089.54084","1181189455.12484","1248839492.85438","1343463636.91338","1352789095.3213","1405990275.26394","1409096686.30904","1437328297.71085","1479560547.26981","1253159832.06339","1257766533.81363","1389586681.8695","1431569920.52305","1436039666.27531","1474648807.16043",
"Korea, Rep.","KOR","GDP, PPP (constant 2021 international $)","NY.GDP.MKTP.PP.KD","","","","","","","","","","","","","","","","","","","","","","","","","","","","","","","616369574721.637","683399605271.327","726806359900.876","777644414581.851","850523972035.444","933330082275.695","1007907167538.05","1071225837574.18","1018318746032.03","1136619512488.4","1241209630438.5","1299868398274.03","1400530193429.29","1443592668083.56","1518423269730.75","1584599749529.16","1667712093636.92","1765139223629","1818171146191.44","1833077636085.29","1961056909625.65","2033381317173.28","2085185071589.9","2153816768676.79","2223055089815.47","2287974804720.38","2360538554612.69","2441580369855.04","2519127786865.1","2577415418649.28","2559367265189.04","2677430056971.27","2750458690513.83","2793998855187.97","2849979724104.21","2878679544405.21",
"Kuwait","KWT","GDP, PPP (constant 2021 international $)","NY.GDP.MKTP.PP.KD","","","","","","","","","","","","","","","","","","","","","","","","","","","","","","","65594962981.0836","38695917872.9924","70739747824.1672","94784518857.4668","102780697873.835","107774083527.413","108426253776.993","111107987698.006","115176823014.636","113116299141.594","118426636414.006","118679279008.73","122256608520.713","143438813474.773","158127375506.359","174903179905.884","188046756846.013","199313720277.663","204256216094.172","189802930980.066","185303561311.772","203145763381.427","216605947427.762","219095758124.622","220193240917.2","221498482190.844","227979695769.876","217236784783.123","223196307649.362","228249063752.516","217253585235.581","220886348790.238","235815321817.755","231945880082.153","228526955638.064","234769913982.405",
"Latin America & Caribbean (excluding high income)","LAC","GDP, PPP (constant 2021 international $)","NY.GDP.MKTP.PP.KD","","","","","","","","","","","","","","","","","","","","","","","","","","","","","","","5093355549761.69","5255656571578.95","5383122563928.64","5634095060595.56","5937709177090.81","5966745106285.47","6198687952389.25","6531579506972.22","6716506033076.18","6745617200401.67","6986463698201.17","6996526341702.19","7023958909827.29","7191999839314.38","7568586283198.61","7864454811256.38","8270338946918.88","8706762276638.74","9031070715652.29","8814409268584.38","9403822609256.28","9828111397901.54","10064984079554","10352962399057.4","10499838596893.8","10537665829419.4","10499017885029.5","10711797125925.2","10882981425379.2","10958336948401.8","10240509192852","10976784251904.5","11420876879352","11667106688545.5","11900291694169.4","12165914550657.5",
"Lao PDR","LAO","GDP, PPP (constant 2021 international $)","NY.GDP.MKTP.PP.KD","","","","","","","","","","","","","","","","","","","","","","","","","","","","","","","8647627883.05425","9019178718.49532","9520632227.1012","10083544991.8575","10906263296.4981","11673110406.1407","12481861284.2437","13339626184.0424","13868890271.96","14882203552.1566","15745190141.8483","16650761035.6206","17636276902.7053","18706270228.634","19895557925.4518","21309648307.2208","23146383622.8786","24904774760.2269","26853549168.651","28868041983.2359","31329592647.869","33848069786.9643","36564749186.2825","39499545733.2195","42506236713.3166","45596468110.0697","48798633403.5084","52162094276.3004","55421161065.7887","58445901221.9388","58739902707.842","60225053628.2101","61855602705.6979","64172516512.0818","66822965068.7804","69855127705.6801",
"Lebanon","LBN","GDP, PPP (constant 2021 international $)","NY.GDP.MKTP.PP.KD","","","","","","","","","","","","","","","","","","","","","","","","","","","","","","","19218051453.9939","28720874228.4022","33442110823.4426","37042378047.9044","40044752422.8499","42627183473.0372","47438059997.4167","47938515718.0538","49695809290.9337","49434615753.1695","50097964832.271","52021560996.3529","53802336972.3502","55538591257.3537","59248260701.1235","60839538228.666","61782255999.9562","67534568644.4133","73659365299.9419","81196306155.0343","87671821639.3519","88432234310.6836","90700336595.223","94172230742.894","96511525556.7738","96957718406.6759","98464974044.7293","99354140787.4961","97481607576.9354","90740827788.8486","71322381662.8598","66328931529.5091","65916578510.7246","65415227251.247","60783899856.9988","",
"Liberia","LBR","GDP, PPP (constant 2021 international $)","NY.GDP.MKTP.PP.KD","","","","","","","","","","","","","","","","","","","","","","","","","","","","","","","4150264277.29327","3559880300.20954","2310872163.70863","1548852933.73391","1211786194.46679","1160088911.36762","1300705650.95751","2683093203.55195","3493605416.05604","4253165779.13864","5470248902.23688","5629995200.54977","5841852911.78275","4080818597.75469","4187729797.06933","4408892704.61405","4763540064.53089","5217756726.7023","5590601506.20888","5886933603.40207","6246026265.20687","6758248402.48728","7298490239.55171","7932531092.9132","7988169318.67705","7986686317.47471","7862496650.32942","8055533202.30941","8148782050.60971","7947727343.76708","7710687069.05964","8095196890.78495","8484422471.24775","8881812193.11901","9239025769.781","9702507140.71181",
"Libya","LBY","GDP, PPP (constant 2021 international $)","NY.GDP.MKTP.PP.KD","","","","","","","","","","","","","","","","","","","","","","","","","","","","","","","80577011297.0871","93191448517.5608","90663841015.0683","87251986019.8758","88940125877.526","86965293135.7884","88821239632.8019","93451198651.9624","90131583356.4677","90807263115.1245","94148307875.4155","92488624908.1511","91601753950.7175","103524672364.582","108143569517.785","120981029350.106","128845431915.895","136872480144.311","136650680700.835","130637802369.482","137205288248.347","68138183452.6324","127300352590.348","104388884046.847","80334756189.685","79657810344.0282","78470159296.4984","103966528230.367","112222892681.04","99658324600.1461","70303669374.7383","90199384483.2022","82712999632.9637","91149766774.4011","92881567242.442","105301419247.941",
"St. Lucia","LCA","GDP, PPP (constant 2021 international $)","NY.GDP.MKTP.PP.KD","","","","","","","","","","","","","","","","","","","","","","","","","","","","","","","2351388040.94079","2360221689.33008","2547931898.95605","2562791431.63042","2603759194.49324","2649278786.19467","2726706288.95853","2707779398.72144","2878003171.19098","2954863224.93539","2956303678.01604","2855550957.76143","2867442913.80413","2989728213.70035","3207003987.09012","3193845498.15877","3391712444.25983","3449087281.95511","3619793715.54034","3517393387.4718","3529001437.98875","3681699311.80949","3677695237.44736","3610806197.74154","3658760961.75666","3662489891.7684","3788035362.59101","3916064373.20784","4029112498.0105","3987638107.51094","3074448489.87747","3417148018.918","4078218523.91274","4237585027.90982","4439671312.62399","4414184257.00973",
"Latin America & Caribbean","LCN","GDP, PPP (constant 2021 international $)","NY.GDP.MKTP.PP.KD","","","","","","","","","","","","","","","","","","","","","","","","","","","","","","","5479159853313.93","5660629417928.66","5822981699138","6097185567183.32","6423104648765.54","6480197670764.02","6738319100003.13","7107504412599.23","7322457465014.35","7364707459534.04","7628739709478.73","7659033971376.03","7698568286427.93","7890493309520.36","8314506615025.69","8640552100123.67","9084682427898.94","9559726228777.31","9912947476744.52","9688892480933.25","10315490098908.8","10783025420824.8","11067991236079.1","11385575626725.4","11553699276154.6","11611769533593.6","11589431274782.5","11816892056526.5","12012263240740.9","12103412241878","11301780746657.8","12138326403000.8","12640957959784.1","12923304503633.9","13213350844125.2","13522982483474.4",
"Least developed countries: UN classification","LDC","GDP, PPP (constant 2021 international $)","NY.GDP.MKTP.PP.KD","","","","","","","","","","","","","","","","","","","","","","","","","","","","","","","1013925644512.42","1030790102129.53","1033908142927.28","1030399394021.51","1036020863155.99","1095576211969.24","1157637096648.87","1219144991137.02","1267275758899.25","1320861907210.03","1379349203052.3","1448653166166.03","1530300743353.63","1614225917274.48","1723369763743.31","1855246218274.59","1991077505740.97","2144938165752.03","2290022020367.42","2394835506017.63","2548535955300.78","2670828632969.88","2804418333402.48","2974872392021.12","3150661228398.58","3313307878295.35","3476677796246.67","3658823609844.3","3847189321014.27","4049901852224.21","4051017264769.71","4159340326703.73","4366211485554.95","4513418678887.92","4694932896815.92","4899459418117.44",
"Low income","LIC","GDP, PPP (constant 2021 international $)","NY.GDP.MKTP.PP.KD","","","","","","","","","","","","","","","","","","","","","","","","","","","","","","","537861076671.509","544295933301.935","543674234298.028","550851646596.155","556199901133.562","583729909114.101","620591842416.511","657697710869.556","684495574420.481","695133920269.15","711396279281.329","743459456941.081","789633224839.295","823468044417.763","879662624937.114","940715495056.814","999556229371.997","1068786181395.1","1131262507504.41","1179537388821.38","1263594229295.29","1304669806805.24","1255374406691.05","1270481418448.52","1318330220186.27","1373358321768.08","1420302360366.92","1478930258992.86","1535778941724.13","1597740246631.81","1609668313706.78","1637002032049.79","1695771948071.39","1719784073314.24","1790171048345.43","1904153206356.81",
"Liechtenstein","LIE","GDP, PPP (constant 2021 international $)","NY.GDP.MKTP.PP.KD","","","","","","","","","","","","","","","","","","","","","","","","","","","","","","","","","","","","","","","","","","","","","","","","","","","","","","","","","","","","","","","","","","",
"Sri Lanka","LKA","GDP, PPP (constant 2021 international $)","NY.GDP.MKTP.PP.KD","","","","","","","","","","","","","","","","","","","","","","","","","","","","","","","74593031179.5983","78024301098.8065","81457363521.4472","87077973127.4271","91954268850.0289","97011832013.2277","100698249815.361","107148375202.623","112182659158.401","117007119847.391","124027585835.794","122110853436.305","126952152751.401","134493452225.176","141816703114.882","150668544407.286","162222248195.544","173248212331.612","183556633674.528","190052541508.044","205287091221.954","223084420720.461","242341472540.86","252160534261.541","268243279922.925","279525472841.206","293651641710.406","312623538327.817","319845405464.306","319140197882.507","304381511441.913","317188291990.966","293877511885.587","287914943856.32","302288855994.337","317262534697.557",
"Lower middle income","LMC","GDP, PPP (constant 2021 international $)","NY.GDP.MKTP.PP.KD","","","","","","","","","","","","","","","","","","","","","","","","","","","","","","","4849467220719.4","4943799161903.64","5133340657619.7","5242371755037.34","5450594411035.58","5736337101846.3","6104415964010.72","6339045367458.77","6657126190282.27","7052447040120.66","7346673259162.51","7679325223876.45","8023904368888.99","8513778750935.79","9122556658237.13","9748300030625.52","10449009904171.3","11175890503458.2","11671721981223.1","12426975284989.5","13296473840809.1","13926336076164.7","14628210011159.9","15464064809013.6","16424750073160.2","17425736512507.5","18446402357487","19447486917682.8","20521248624725.2","21330680160960.8","20493905833893.5","21924225485340.3","23336603557932.9","24610031156729","25964971542209.2","27539278718351",
"Low & middle income","LMY","GDP, PPP (constant 2021 international $)","NY.GDP.MKTP.PP.KD","","","","","","","","","","","","","","","","","","","","","","","","","","","","","","","18280883718420.7","18634365087859.3","19260578488646.9","19989389742315.6","20751508771161.1","21634646317180.6","22909063815317.6","24086156588198.4","24777064379844.8","25691394902064.2","27063762506534.3","28057812257912.3","29372483656568.7","31057549855945.2","33414661017505.3","35749008611271.4","38533980156362.4","41722596684770.4","43998966134055.7","45598765737360.2","49143153351137.8","52098900636358.8","54771265073871.1","57704320018527.4","60590422353020","63396447863789.8","66453004831324.5","69913290321777.4","73336365633182.5","76281920534127.2","74976881504866.1","80256756983111.5","83626921300739","87544772861989.7","91518382983910.2","95776963853355.1",
"Lesotho","LSO","GDP, PPP (constant 2021 international $)","NY.GDP.MKTP.PP.KD","","","","","","","","","","","","","","","","","","","","","","","","","","","","","","","2573660195.77832","2752956994.7526","2944462730.33434","3047806486.76679","3230061460.27806","3336360784.2619","3523098100.40464","3653579682.7075","3709759166.05296","3727418549.0597","3871876398.45713","4009776444.89645","4038800653.01738","4222960962.8869","4294429263.58341","4443279430.83502","4631234382.0078","4825186499.67611","5091701799.9031","5027864191.47438","5292816081.65889","5537154381.35101","5887882377.05508","5993424173.35662","6095944684.88747","6286386067.74237","6513255914.50827","6308858549.7947","6215447498.18469","6127312836.10058","5627571783.56878","5755132494.46552","5892552408.75934","5992391796.64357","6305496293.64803","6430506591.8975",
"Late-demographic dividend","LTE","GDP, PPP (constant 2021 international $)","NY.GDP.MKTP.PP.KD","","","","","","","","","","","","","","","","","","","","","","","","","","","","","","","12244428056386.2","12147601982664.3","11890385992162.5","12150178002598.5","12397542537652.7","12949572984570.7","13485204755317.9","14134359851243.1","14364779670755.3","15012533070851.7","16073589105024.1","16877501365534","17856178957818.2","19063531434386","20579599274897.2","22110597853155.8","24095540305845.1","26452481244585.3","28212530071110.9","28900009408778.6","31068057317499.5","33152492077611.8","35017671389022.8","36825528799011.8","38580529251977.4","40123099250817.3","41731392539788.8","43801120414680.5","46074807572301.4","48146762503298.9","48013847274285.9","51483081198966.9","53082073402981.8","55373136721521.2","57872976403002.5","60301469114305",
"Lithuania","LTU","GDP, PPP (constant 2021 international $)","NY.GDP.MKTP.PP.KD","","","","","","","","","","","","","","","","","","","","","","","","","","","","","","","76153506435.3847","71831289077.8482","56560697296.7831","47382670824.9205","42755253974.2149","44161937156.1824","46381932904.0921","50231925714.5398","53980702759.5353","53388530034.5284","55213682102.8503","58793807179.565","62744656629.1836","69365407519.0099","73875570844.0282","79587221270.8175","85473079277.1503","94941725679.2631","97409699329.4575","82955452200.655","83309837532.8864","88578048950.6827","92460341434.2462","96202131183.3411","99831398714.7352","102659429000.112","105402409023.177","110263824363.879","115687004797.618","121098093039.729","121149942197.856","128897260180.564","132074990284.812","133051734231.618","137083461812.053","141086403854.393",
"Luxembourg","LUX","GDP, PPP (constant 2021 international $)","NY.GDP.MKTP.PP.KD","","","","","","","","","","","","","","","","","","","","","","","","","","","","","","","31103603673.8374","33792258598.014","34407161055.3424","35852483990.1594","37222379235.464","37755478241.2241","38283328635.3772","40358180327.7759","43051763996.5401","46571735533.5847","49802926809.9054","51334005838.744","52989675610.2417","54377607801.359","56678149792.8581","58085187691.8129","61579957007.949","66567022746.1427","66365808620.5895","64216251478.0991","66631043114.6122","67326861773.3245","68437560649.2532","70608184589.0449","72460299675.0178","74103964278.7818","77793000767.3091","78817627490.1375","80087615064.4419","82289480619.1025","81869761778.5619","87543117438.5069","86582408269.749","86668503270.4935","86979308660.2633","87534130698.4398",
"Latvia","LVA","GDP, PPP (constant 2021 international $)","NY.GDP.MKTP.PP.KD","","","","","","","","","","","","","","","","","","","","","","","","","","","","","","","46628543875.59","40755575151.3851","27665467090.8629","26286902758.151","26862561897.6866","26608774388.1379","27220765831.761","29717311929.784","31663796647.9693","32556210536.3906","34457827396.3243","36684002304.4657","39496010020.4827","42825181065.2032","46561739531.8517","51970033577.6406","58635199659.0156","64741784386.279","62547868753.7712","52515178389.2518","50592461906.5082","52128623506.3006","55936744860.3127","57109229533.1521","58305644917.4316","60511561516.8371","62055626572.3888","64164865501.3308","66930186963.3331","67382215222.2546","65044572876.3954","69560319491.8466","70887901972.229","70220417185.1967","70194396542.7632","71695060475.4464",
"Macao SAR, China","MAC","GDP, PPP (constant 2021 international $)","NY.GDP.MKTP.PP.KD","","","","","","","","","","","","","","","","","","","","","","","","","","","","","","","18522984291.558","19200812461.4655","21754319781.1399","22882550749.2541","23855877191.2354","24642196546.1124","24538733473.1023","24470273794.8863","23351712272.8477","22800940624.3751","24111343956.5558","24807737462.9287","27016819113.3861","30162483310.7372","38196826055.0474","41282346297.8075","46810948786.0574","53590004040.8185","55408053291.9742","56127460080.0072","70217196734.7722","85399774185.0143","93271476846.331","103327700765.073","101221115243.018","79201465861.5605","78645859490.05","86446395028.2495","91943668511.214","89681018129.4971","40892667620.9563","50078061226.1194","40584792457.9056","71148557780.7849","76733436445.1954","80317706716.5408",
"St. Martin (French part)","MAF","GDP, PPP (constant 2021 international $)","NY.GDP.MKTP.PP.KD","","","","","","","","","","","","","","","","","","","","","","","","","","","","","","","","","","","","","","","","","","","","","","","","","","","","","","","","","","","","","","","","","","",
"Morocco","MAR","GDP, PPP (constant 2021 international $)","NY.GDP.MKTP.PP.KD","","","","","","","","","","","","","","","","","","","","","","","","","","","","","","","108500615233.637","116330115276.085","113889813365.34","113046354860.033","125015703383.031","118258044704.88","132889966255.594","130815949435.299","140285130844.986","142665855758.875","146349746258.498","157650617839.043","163531297047.122","173622980434.355","181559946924.094","187355793839.854","201952346516.979","208901663617.481","220776760915.46","229046549271.15","237062164034.805","250159007579.871","257819736151.026","268447614492.459","275747360357.991","287727433233.845","289227026912.904","303855835390.371","313170965464.504","322224659036.024","299094704579.634","323485096796.555","329348886632.318","341388709808.433","354338830185.762","370621562218.873",
"Monaco","MCO","GDP, PPP (constant 2021 international $)","NY.GDP.MKTP.PP.KD","","","","","","","","","","","","","","","","","","","","","","","","","","","","","","","","","","","","","","","","","","","","","","","","","","","","","","","","","","","","","","","","","","",
"Moldova","MDA","GDP, PPP (constant 2021 international $)","NY.GDP.MKTP.PP.KD","","","","","","","","","","","","","","","","","","","","","","","","","","","","","","","47357419839.872","39780232536.91","28204184901.4317","27865734701.5037","19255222615.7222","18985649681.0805","17869851603.5838","18164179596.3378","16975844077.9138","16404054449.8236","16749805343.5638","17771543536.4017","19157723871.4159","20422133638.8404","21933371473.7063","23578374366.9967","24710136298.1111","25451440442.8635","27436652834.4172","25790453592.0488","27621575824.6951","29228644998.5535","29056273754.48","31684084103.3587","33268169763.8176","33155644962.7601","34696060989.7407","36144833893.6724","37617951104.982","38954258880.7035","35730412861.1096","40707659297.2633","38815627943.316","39276765630.1116","39383076230.5532","40334767222.3395",
"Madagascar","MDG","GDP, PPP (constant 2021 international $)","NY.GDP.MKTP.PP.KD","","","","","","","","","","","","","","","","","","","","","","","","","","","","","","","23728781480.5073","22232361091.7596","22494899697.5332","22967275310.8489","22957605788.7662","23342970396.6685","23845825708.7932","24726569520.7906","25695127696.2187","26902600084.061","28101611020.8841","29782153615.0528","26086792599.897","28639357114.602","30144929155.4592","31578575290.0876","33283347345.0506","35184014262.7161","37545787852.6873","36051950358.079","36275198363.4076","36847775908.1465","37957317018.2707","38830478115.7484","40127106649.3759","41384007238.4686","43036531093.8073","44729290239.7844","46158103237.7654","48194244317.9709","44754297418.5029","46835678113.5382","48773520851.6934","50837063068.2599","53034666583.0791","54627068970.5435",
"Maldives","MDV","GDP, PPP (constant 2021 international $)","NY.GDP.MKTP.PP.KD","","","","","","","","","","","","","","","","","","","","","","","","","","","","","","","2010676975.45765","2039684932.84008","2175748754.32503","2296650088.34732","2474628670.7658","2795978612.34893","3015704701.64922","3268961803.36372","3513960125.10726","3730970211.92652","3874456252.66816","3721661858.32055","3992166628.69134","4541091521.89117","4810146313.39532","4272501362.6268","5282105055.18982","5658897693.83198","6166866075.63239","5652506362.2294","6036055362.62667","6569849452.23556","6726822075.47791","7196015376.81734","7761671581.1213","8061903544.46152","8575872716.02304","9182566710.90236","9969416773.78251","10659605467.7651","7151654156.25662","9834087308.92595","11193757023.577","11747049099.1817","12157538479.3976","12924791414.0828",
"Middle East, North Africa, Afghanistan & Pakistan","MEA","GDP, PPP (constant 2021 international $)","NY.GDP.MKTP.PP.KD","","","","","","","","","","","","","","","","","","","","","","","","","","","","","","","3533764265930.94","3591581187078.6","3808784340955.79","3894120089380.69","3995796025168.84","4118861411549.56","4334825091331.86","4503409216939.88","4709519249474.62","4851135124728.96","5144856667240.53","5260883012004.08","5392188072895.24","5616437136317.52","6062968879676.28","6377610161386.03","6746630802345.83","7105730372240.16","7418898915489.73","7546681638039.32","7900664014499.39","8230159658681.39","8491786350111.44","8660151115229.72","8935056471313.29","9215584086104.96","9658411328536.1","9876591156774.02","10121140448186.4","10305486612816.1","10031102752988.3","10491233018995.8","11156991854840.5","11420692019354.7","11702716220636.9","12016303883551.5",
"Mexico","MEX","GDP, PPP (constant 2021 international $)","NY.GDP.MKTP.PP.KD","","","","","","","","","","","","","","","","","","","","","","","","","","","","","","","1421988576801.56","1478525491319.08","1531288352255.59","1575190380963.28","1644406260776.64","1547216923735.78","1643427469743.26","1761735777951.95","1870700526370.93","1922238894434.56","2018913747474.63","2009811570677.61","2005056597640.14","2028827443215.82","2101164089227.63","2145566878719.04","2248661657250.23","2295385786948.33","2317038892682.93","2171175488654.33","2279111886584.19","2357605526765.76","2441376220023.66","2462179224639.83","2523826369563.88","2592028320887.19","2637971847275.69","2687347519389.36","2740344219079.93","2729583147300.09","2501552826908.37","2652858836180.66","2751273454760.27","2836749919768.59","2875062392268.06","2891211142079.26",
"Marshall Islands","MHL","GDP, PPP (constant 2021 international $)","NY.GDP.MKTP.PP.KD","","","","","","","","","","","","","","","","","","","","","","","","","","","","","","","174324724.004928","174477779.913382","186937030.894219","198164935.893541","209812471.294867","227044987.079098","203652639.447596","190525851.044294","189241523.93278","186715676.47755","191298482.183642","204555552.054155","211992762.668021","208682124.469837","207829959.596696","211552287.231264","211924519.994721","219741408.027313","203115011.259577","210559666.528712","222222959.783691","221106261.493321","218252476.973486","226565675.357354","223711890.837518","227930528.823362","233638097.863032","241951296.2469","255227598.143525","281904279.524593","274087391.492001","280006016.508552","278044349.845134","263044486.176117","271729917.323442","277933796.714388",
"Middle income","MIC","GDP, PPP (constant 2021 international $)","NY.GDP.MKTP.PP.KD","","","","","","","","","","","","","","","","","","","","","","","","","","","","","","","17785057393303.2","18132114341163.6","18756737421769.8","19477311175350.1","20232559957429.8","21090494004889.4","22330863492626.5","23474045469455.8","24141011024462","25043637388334.9","26398200411460.3","27362752920137.7","28635204614165.2","30287734344875.9","32591785580340.6","34868987916875.4","37597698920853.1","40720316426415","42938457318225.6","44493618666638","47958595327545.6","50872817847850.1","53581195106810.4","56494875576692.2","59333842687811.2","62086801775654.4","65096614384542.4","68499315268582.6","71866402754913.4","74752681100534.5","73440393892961.7","78685268425090.7","81997927693037.1","85883223917389.6","89787474723589.2","93942731450332.2",
"North Macedonia","MKD","GDP, PPP (constant 2021 international $)","NY.GDP.MKTP.PP.KD","","","","","","","","","","","","","","","","","","","","","","","","","","","","","","","26630847503.3871","24987519781.2424","23347039463.1846","21603185740.8221","21223365835.0502","20986783098.4573","21235498281.077","21541285493.0566","22269108584.872","23235371422.3628","24292380018.0246","23547270382.669","23898987829.9803","24430167129.5731","25572055025.6576","26780101572.6557","28155802128.7277","29978464279.1612","31618886261.2643","31505496237.5199","32563687362.6322","33325640539.0341","33173614557.7351","34144028260.1786","35383157217.9734","36747484042.7203","37794127791.7545","38202974362.8207","39303447985.3017","40840377694.5845","38925597002.6558","40681405923.1634","41803758784.5293","42871830296.0904","44155299441.5776","45695023963.1608",
"Mali","MLI","GDP, PPP (constant 2021 international $)","NY.GDP.MKTP.PP.KD","","","","","","","","","","","","","","","","","","","","","","","","","","","","","","","17352597665.055","19548952025.2023","18559935116.1036","19366963355.9961","20449903539.4275","20598920703.997","21910185327.7029","22813178459.5873","24330998621.9814","25475986040.3723","25288477689.8989","29285582500.7015","30174773440.0808","33131032976.4693","33620485977.2191","34473901114.0561","35745851083.9988","36374994534.2392","37698575355.841","39754932976.5859","41971981545.9409","43204018266.0297","42740698701.8567","44147161497.4876","47017891942.998","49951281283.5058","52950887236.6433","55797287435.7581","58513415691.8385","61439085959.7552","60720796476.5109","62603712698.5219","64922047299.4971","68014895329.1029","71426886897.2181","75426412878.8214",
"Malta","MLT","GDP, PPP (constant 2021 international $)","NY.GDP.MKTP.PP.KD","","","","","","","","","","","","","","","","","","","","","","","","","","","","","","","6448764759.06088","6852231329.84869","7173664838.51885","7495098708.90319","7918654620.49303","8420894579.52227","8738980061.73598","9198386550.91642","9669859282.59336","10126274214.6424","12119253518.2566","12027486088.0445","12357175722.8889","12813564611.517","12865761233.79","13236454245.586","13545682794.3713","14227897803.7153","14855433022.9359","14648162658.8322","15555960536.1056","15710307051.5761","16354692725.904","17383784581.102","18710404254.7684","20510476683.5369","21346894788.6787","24115873630.9775","25849615455.8625","26905586653.5417","25975384561.6305","29443353450.974","30206751229.3176","33418954010.9241","35495193408.0775","36901357285.505",
"Myanmar","MMR","GDP, PPP (constant 2021 international $)","NY.GDP.MKTP.PP.KD","","","","","","","","","","","","","","","","","","","","","","","","","","","","","","","30871439712.1199","30670584905.4176","33633652463.272","35664926709.7287","38331935077.6166","40995257643.6183","43636465399.4233","46102616443.6136","48807094193.4393","54149094093.2071","61592390964.0288","68579429990.3069","76826458556.7735","87462311090.3621","99326277631.6017","112803810601.795","127554151235.728","142849724677.366","157499400196.062","174115601243.196","190890663421.535","201564281228.449","216344325709.879","234573500811.761","253737938743.403","271481427555.53","287396952715.732","305031940823.186","324153972904.25","345480419570.294","314220151769.184","276462287916.21","287624434643.866","290381161330.748","287558521666.165","281773290621.966",
"Middle East, North Africa, Afghanistan & Pakistan (excluding high income)","MNA","GDP, PPP (constant 2021 international $)","NY.GDP.MKTP.PP.KD","","","","","","","","","","","","","","","","","","","","","","","","","","","","","","","2334197164160.57","2344186130922.45","2466886663689.85","2509171287291.47","2565566611372.94","2649139442577.31","2809339802338.82","2907104778450.37","3071121108681.36","3202704895164.5","3387749020305.93","3488309895305.07","3609984253792.06","3696714666402.11","3980339504936.5","4173244748789.32","4404546906427.29","4666208989698.07","4837701244495.35","4990256736938.82","5226651404424.82","5300092288695.76","5405040345928.64","5461611408401.15","5615662060136.85","5742675021737.53","6078954835561.2","6277610235910","6424138046207.97","6548165771810.66","6446490250260.26","6704085524302.03","7014314390775.05","7219453328229.34","7396836147188.31","7549294713311.46",
"Montenegro","MNE","GDP, PPP (constant 2021 international $)","NY.GDP.MKTP.PP.KD","","","","","","","","","","","","","","","","","","","","","","","","","","","","","","","","","","","","","","8922602579.42433","9359810492.03331","8479988785.94409","8742868155.31438","8839025797.72451","9007315203.07507","9230936116.83262","9639502100.65469","10042491324.7279","10902773301.7894","11680964215.5369","12486787248.9576","11738273202.3574","12064080458.1107","12475440040.9585","12165134824.1936","12577061554.8091","12875176767.3009","13200025632.2454","13654014855.8019","14093221510.0331","14760242569.3908","15408795178.8378","13098613271.048","14807492512.0585","15953525339.0269","16987052595.4923","17524539733.5743","18005510109.6539",
"Mongolia","MNG","GDP, PPP (constant 2021 international $)","NY.GDP.MKTP.PP.KD","","","","","","","","","","","","","","","","","","","","","","","","","","","","","","","13930857674.5003","12719772331.1187","11542370967.6836","11176617291.7578","11415169077.0896","12143048987.2567","12414457527.5703","12898213380.3997","13329005529.755","13738255184.9967","13895704125.9689","14306004046.7735","14983104137.6382","16032615830.299","17736146348.2644","19022667065.9545","20650291128.5059","22766536341.5375","24792841843.2819","24478320115.4333","26036404766.9935","30538301606.8939","34300565349.9306","38296209459.5173","41315951926.4775","42299203744.5578","42929370719.9824","45349246281.1623","48861491267.8209","51598831338.4922","49247084583.6546","50053145881.8599","52572175378.1041","56474141515.8419","59366772678.5888","63429783639.9093",
"Northern Mariana Islands","MNP","GDP, PPP (constant 2021 international $)","NY.GDP.MKTP.PP.KD","","","","","","","","","","","","","","","","","","","","","","","","","","","","","","","","","","","","","","","","","","","","","","","","","","","","","","","","","","","","","","","","","","",
"Mozambique","MOZ","GDP, PPP (constant 2021 international $)","NY.GDP.MKTP.PP.KD","","","","","","","","","","","","","","","","","","","","","","","","","","","","","","","7170866773.5068","7524064320.90283","6953992508.53513","7714789540.90357","8211636159.03737","8385960474.42256","9282915341.56564","10379686771.2693","11455980625.0943","12809732312.1266","12907884958.8431","14566765289.3609","15975153770.2032","17128192582.1715","18533510246.4443","19703349820.5116","21656085291.2839","23312635904.3205","24916085861.7049","26393353584.6986","28156358172.2946","30165049214.0964","32576595027.0564","34717337919.7215","37391464636.448","40155850652.3135","42041967039.1484","43151121313.3742","44654908558.8374","45689926257.9767","45132727326.9761","46205728911.2947","48224599530.0291","50878806530.9801","51972153919.8268","51700087291.3084",
"Mauritania","MRT","GDP, PPP (constant 2021 international $)","NY.GDP.MKTP.PP.KD","","","","","","","","","","","","","","","","","","","","","","","","","","","","","","","10773605982.5979","10966247458.9517","11171768724.9078","11827957913.2816","11465935800.6776","12591867809.8003","13324566767.1863","12785628475.2802","13140788276.4405","13623472862.9114","13089701670.4923","12985050315.1314","13164436702.6914","14076504362.3329","14742711238.0367","16005614230.9873","18939955300.6765","18566947511.8407","18505476211.4307","18523588607.6354","19008949144.5986","19802151396.7867","20687310174.6094","21546001773.222","22467055271.0591","23674960378.9841","23973480138.2954","25476748164.7771","26692542824.7459","27530956900.8429","27431664471.1996","27635403694.625","29513507111.3371","31523226433.9872","33511586132.5272","34861741050.0133",
"Mauritius","MUS","GDP, PPP (constant 2021 international $)","NY.GDP.MKTP.PP.KD","","","","","","","","","","","","","","","","","","","","","","","","","","","","","","","9514187165.50496","9936183824.47537","10583297527.5998","11121147370.746","11581133913.833","12077702428.0454","12752585589.6513","13477886015.3843","14296255191.4384","14669520742.2311","15872830979.2417","16404180460.8496","16669094631.9062","17656812747.9092","18421356245.5909","18748803777.7872","19661035189.016","20794258366.7079","21930260450.9164","22667889345.9393","23664534460.1577","24645560189.8092","25510772377.1669","26377513841.4718","27395089494.0938","28413546770.1803","29517629349.1773","30684879593.5455","31948082096.9578","32863058998.2831","28197347290.5575","29138600357.7481","31569471717.4296","33052978617.314","34688586209.9778","35781822657.6558",
"Malawi","MWI","GDP, PPP (constant 2021 international $)","NY.GDP.MKTP.PP.KD","","","","","","","","","","","","","","","","","","","","","","","","","","","","","","","9998939789.35323","10871870406.7404","10074638504.9353","11051056409.369","9919408151.9958","11578807819.0184","12425992341.3131","12897238047.428","13399618164.2974","13807271818.1136","14024885140.0232","13327152206.711","13553713798.3276","14327039833.6018","15103636676.7608","15597333179.2593","16330407801.8821","17898126930.7494","19265496648.6968","20869948373.2115","22304562368.1155","23404772824.2634","23849463508.095","25139802956.5692","26553984750.6085","27297496323.6345","27979933731.4914","29099131081.0006","30365980584.4615","32101950612.2946","32356710546.2459","33831623933.4187","34143252119.5588","34807595409.4085","35390077575.2599","36057246744.6796",
"Malaysia","MYS","GDP, PPP (constant 2021 international $)","NY.GDP.MKTP.PP.KD","","","","","","","","","","","","","","","","","","","","","","","","","","","","","","","214242312021.412","234692742103.338","255545469125.778","280831548487.792","306701868103.396","336847856021.014","370541738826.626","397675553808.732","368408958702.071","391020471199.41","425660459259.482","427863998400.631","450930096523.964","477032181941.105","509391362925.102","536552819272.496","566518473663.355","602202259558.637","631299287007.657","621744391014.975","667907963161.822","703266428543.889","741759394361.74","776575522140.495","823222254452.927","865136882439.813","903633582498.53","956159294251.201","1002466920504.23","1046707664542.57","989590433102.722","1022398815013.98","1114739189433.22","1154168225812.84","1213093813799.27","1275826180322.02",
"North America","NAC","GDP, PPP (constant 2021 international $)","NY.GDP.MKTP.PP.KD","","","","","","","","","","","","","","","","","","","","","","","","","","","","","","","12204711561127.8","12169112412759.2","12568727443429.7","12913562834662.5","13438982192917.1","13799796028708.8","14294962861883.1","14928615186714","15590222058260.6","16341410039515.8","17023021058917.5","17199717659810.7","17511635365167.1","17985814923402.8","18665782517455.4","19311425581524.7","19846874372170.8","20245472501050.2","20283912760389.6","19755027471966.3","20293962261234.8","20639194374528.7","21101321787858.3","21551965559618.7","22102227206300.9","22707804768590","23105295555344.7","23684774977704.4","24382551742150.1","24998058795670.9","24413403796421","25911097971316.6","26612693378055.6","27371304259313.8","28118399864194.1","28716203683698.1",
"Namibia","NAM","GDP, PPP (constant 2021 international $)","NY.GDP.MKTP.PP.KD","","","","","","","","","","","","","","","","","","","","","","","","","","","","","","","9970961728.4058","10785151825.9327","11560533332.3036","11377930181.3111","11574754661.7301","12026055992.0489","12409846439.3888","12933554406.6842","13359273423.7733","13809384540.9044","14291633570.4646","14459981681.5562","15152421216.5895","15794852707.0093","17732809757.8007","18181319093.2527","19467315667.9268","20513497807.0674","21057066941.3334","21119389734.8215","22394842369.4677","23535039520.1135","24726308395.5825","26114621285.0003","27705659590.2928","28887077272.0263","28896839500.9711","28599997269.5411","28903139937.2016","28660598613.1225","26338688299.7304","27287889637.5942","28761087697.4978","30004999128.7432","31138743191.4871","31677499977.4832",
"New Caledonia","NCL","GDP, PPP (constant 2021 international $)","NY.GDP.MKTP.PP.KD","","","","","","","","","","","","","","","","","","","","","","","","","","","","","","","","","","","","","","","","","","","","","","","","","","","","","","","","","","","","","","","","","","",
"Niger","NER","GDP, PPP (constant 2021 international $)","NY.GDP.MKTP.PP.KD","","","","","","","","","","","","","","","","","","","","","","","","","","","","","","","11768114814.3581","11716395232.4196","11950811286.7066","11989251725.4494","12211625823.654","12511695281.4449","12524273351.8055","12715578585.1718","13983654276.9525","13952951413.5253","13784333101.4795","14786197026.6543","15513451776.7118","15850188371.8538","15907851607.3811","17074194422.9073","18086873426.7031","18655293953.9027","20097612004.8877","20492047920.3702","22249889959.9576","22774488283.7495","25176956430.3484","26515144554.2734","28276316689.8273","29518395984.6563","30782189383.3624","32485055578.982","34724765091.1001","36835619420.7328","38476579239.2676","38905670296.6926","43660546146.2916","44811075674.6057","48540822754.0696","51942480899.8361",
"Nigeria","NGA","GDP, PPP (constant 2021 international $)","NY.GDP.MKTP.PP.KD","","","","","","","","","","","","","","","","","","","","","","","","","","","","","","","526765142748.266","528652819341.743","553135751420.508","541878781897.669","532044091205.017","531657482621.434","553965426780.651","570235942113.367","584955180759.722","588372061281.847","617884420018.078","654448871491.56","754770358247.468","810224808028.076","885175125682.393","942167272427.824","999257220241.88","1065119566266.42","1137169289377.98","1228562733436.91","1326917238590.92","1397348999851.06","1456457717371.96","1553622896556.27","1651652130292.03","1695465395615.91","1668051942092.57","1681494549493.39","1713825609399.07","1751674235936.94","1640111883469.07","1658304866199.37","1729924225820.95","1787286846905.44","1860048483015.11","1934698958424.31",
"Nicaragua","NIC","GDP, PPP (constant 2021 international $)","NY.GDP.MKTP.PP.KD","","","","","","","","","","","","","","","","","","","","","","","","","","","","","","","17556044736.4824","17522814392.7308","17590513186.5793","17521393719.4762","18106209852.9821","19176632310.2957","20393249326.5702","21202178340.152","21989135663.5606","23536284754.0282","24501646714.8845","25227102126.7253","25417299056.9669","26058001275.4472","27442246750.2034","28617433068.8634","29805899495.8897","31318951876.4618","32394982410.2844","31328324111.32","32709934256.376","34776117942.0298","37035222022.8905","38859982274.8694","40719611235.451","42671004005.4639","44618144813.2661","46684503716.0404","45114337351.1856","43807433706.632","42827662156.6497","47305032464.5981","48984491097.7713","51153423422.1553","52985199356.6032","55593939194.0271",
"Netherlands","NLD","GDP, PPP (constant 2021 international $)","NY.GDP.MKTP.PP.KD","","","","","","","","","","","","","","","","","","","","","","","","","","","","","","","644833315869.669","660561666709.727","671831317775.989","680279946925.353","700423665565.563","722249118706.87","746954627395.912","778688800304.194","814879945138.892","855977129018.561","892096798889.919","912825422273.355","915069416602.086","915964857226.28","934433303819.429","953439824533.693","987165811960.537","1025521384237.05","1047229058322.18","1008845165698.74","1022155393436.75","1040281307796.32","1030109165433.57","1029797649931.03","1046403743083.66","1068594200173.72","1094499922643.58","1124943529347.63","1150352984120.73","1176812961787.66","1131293870060.01","1202303330254.13","1262505477809.46","1254954924701.86","1268431024402.81","1291067852227.31",
"Norway","NOR","GDP, PPP (constant 2021 international $)","NY.GDP.MKTP.PP.KD","","","","","","","","","","","","","","","","","","","","","","","","","","","","","","","240102384105.342","246966085239.201","255768514734.167","263116897858.522","276376234106.403","287853849645.235","302158730431.028","317544922631.041","326200905550.045","333320606646.955","344798222185.787","352257707809.386","357391789436.504","361310082239.799","376955372361.092","388149951645.925","399201604580.454","412855501849.01","416252500851.518","409537217806.246","413652791186.399","419382094013.936","431225262902.911","436714336937.114","445864436344.069","454979191541.266","460855645122.936","473158853624.557","478412768070.2","485444037932.212","478839293963.823","498678309268.732","519026367563.407","520856950627.687","528272502211.978","534005747798.685",
"Nepal","NPL","GDP, PPP (constant 2021 international $)","NY.GDP.MKTP.PP.KD","","","","","","","","","","","","","","","","","","","","","","","","","","","","","","","35305600051.5204","37553913761.5046","39096030161.2684","40601168688.7126","43936961801.5529","45460894184.9277","47883179815.6363","50300616038.8364","51817878527.0902","54104380389.4539","57458851963.8193","60216814884.4324","60289161279.1453","62667591457.103","65602066132.3285","67884480784.4944","70168532058.6778","72562373827.3123","76992044903.5975","80482154910.7944","84358509208.0955","87245096016.3483","91319565822.4515","94538720393.0513","100221899349.003","104206775456.958","104658109297.987","114053560138.83","122747151452.59","130918497364.891","127816225643.885","134000165871.651","141546136718.578","144352357436.355","149661456120.644","156292554073.567",
"Nauru","NRU","GDP, PPP (constant 2021 international $)","NY.GDP.MKTP.PP.KD","","","","","","","","","","","","","","","","","","","","","","","","","","","","","","","289884167.385645","234824136.913485","196641110.888393","164947746.311407","158570670.911211","146006404.042366","128690669.874022","117168244.045525","103356456.550302","96567797.9262087","89946954.1277545","83865515.1259968","75503004.375468","75717870.0868","72450821.628393","72450821.628393","78573426.2730459","61226046.4465294","73471255.7358352","69389519.3060665","69389519.3060665","79593860.3804881","98982108.4218891","103063844.851658","119390790.570733","123472527.000501","128574697.537712","120411224.678175","119390790.570733","129595131.645154","131635999.860037","141840340.93446","141840340.93446","140819906.827018","142860775.041902","145922077.364228",
"New Zealand","NZL","GDP, PPP (constant 2021 international $)","NY.GDP.MKTP.PP.KD","","","","","","","","","","","","","","","","","","","","","","","","","","","","","","","102510229695.661","101407355462.347","102523771698.58","109068510913.184","114643737156.329","120074136760.879","124385806337.592","126967453431.224","128053264612.275","134946567709.899","138817902527.977","143559331571.284","150328363557.77","157432693879.236","163872534540.447","169367105965.762","174066099542.412","179397956912.712","177558031114.279","177486546454.779","180098837893.045","183961058272.38","188196879917.25","193023821383.485","200396050054.836","207870187709.383","215651859628.357","222802198613.642","230204125825.34","235553418426.175","234985932282.32","245088353611.212","253287094503.461","257881455266.291","255641181371.427","256824472387.616",
"OECD members","OED","GDP, PPP (constant 2021 international $)","NY.GDP.MKTP.PP.KD","","","","","","","","","","","","","","","","","","","","","","","","","","","","","","","36740299557180.3","37178899198256","37954157156395.9","38482111442229.9","39725596125645.6","40811497867469.4","42102097474208.9","43671597299869.1","44933550916478.2","46407024294947.3","48353196311283.2","49020708440409.8","49793979873100","50799047626346.3","52484174060784.9","53998261211811.2","55747467536872.9","57296256409014.6","57572939639101.4","55562904078043.2","57262012835270.1","58432898752647.9","59215618409923.8","60170242442487.2","61529964582447.9","63119434270402.4","64313664483759.8","66058467978694","67654225676696.7","68888117868153.3","66109927020466.2","70247274400812.3","72560132365995.7","73838716231765.5","75146569820194.9","76486446229429.8",
"Oman","OMN","GDP, PPP (constant 2021 international $)","NY.GDP.MKTP.PP.KD","","","","","","","","","","","","","","","","","","","","","","","","","","","","","","","62093919315.8457","65865552351.3256","71407403692.9615","75722525016.8907","78657359079.7766","82587725352.4325","85103297839.5262","90238015958.6281","90176767724.1357","90445129903.4862","96045863748.2369","100476619353.446","99688716081.1158","97500882042.6817","99443601849.5056","102207580679.766","106980485428.893","112308813972.947","122360519029.637","129680084836.669","132885774673.996","136732299244.687","148851050089.595","156632542510.424","158656630134.339","166616525284.567","175024701514.049","175556877361.236","177816476803.564","175809572445.37","169867700237.038","174253981507.44","188169394400.543","190830135664.96","193943781823.281","198594308998.868",
"Other small states","OSS","GDP, PPP (constant 2021 international $)","NY.GDP.MKTP.PP.KD","","","","","","","","","","","","","","","","","","","","","","","","","","","","","","","129078944597.493","128671056044.601","124405187184.647","124841991733.872","128064939746.199","133612458763.893","137801763591.882","146719243326.511","150445794083.405","153338602524.945","164553424990.339","169740198528.534","175990966689.02","183794431782.861","191228989195.21","199386527413.641","211732006713.654","222386991681.027","224234354043.865","214222926710.336","220775593218.721","229021417277.412","232415652522.793","234558647932.738","239621337067.686","247151430311.16","256329562923.026","268499356065.457","279306792562.716","292026625081.555","275718909162.165","296395003535.774","306919555480.692","315589735608.677","325092623183.857","334859920538.171",
"Pakistan","PAK","GDP, PPP (constant 2021 international $)","NY.GDP.MKTP.PP.KD","","","","","","","","","","","","","","","","","","","","","","","","","","","","","","","371666437763.716","390478586348.509","420568467210.417","427960999760.678","443955680746.525","465987465964.472","488571927288.817","493527981429.021","506114101282.509","524638549202.434","546988613138.786","566961082799.092","581672683569.946","613090633473.714","661103327854.397","709209003607.717","752127762869.498","785558445527.773","802215749225.919","830073097004.25","842538450143.46","865119465149.014","891311682885.811","930234061250.392","968526478209.654","1009378364242.3","1075733265592.48","1123416497011.63","1192525738990.65","1222310702240.68","1206737395064.25","1285342890384.16","1346757947320.27","1341169763803.19","1382501436758.37","1433632238850.38",
"Panama","PAN","GDP, PPP (constant 2021 international $)","NY.GDP.MKTP.PP.KD","","","","","","","","","","","","","","","","","","","","","","","","","","","","","","","25203349661.6245","27577254690.7371","29839052743.467","31466995302.8629","32363850979.1666","32930761729.2563","34274238906.819","36916453694.4895","40012810957.5388","42098136957.7006","43870049848.6614","44286775027.5764","45397861004.8178","47711726561.6632","51612471927.7096","55884014733.3518","61392635463.9175","69467648943.9439","76551565617.4132","77785472790.7843","82509690663.3649","92335668423.1536","101225094194.557","107626927373.494","112605548584.726","118536389586.735","123955834295.717","131075931126.212","136211804010.404","140438393571.907","115410702568.307","134415382039.559","149252961480.669","159948936405.078","164344079638.772","171493547705.442",
"Peru","PER","GDP, PPP (constant 2021 international $)","NY.GDP.MKTP.PP.KD","","","","","","","","","","","","","","","","","","","","","","","","","","","","","","","139050289092.918","142136175291.069","141367916294.088","148780651849.195","167093119290.993","179477050458.59","184500564784.136","196450342420.583","195681165551.443","198606424121.79","203957618808.056","205217857282.197","216409472515.41","225422977115.603","236599906394.274","251470353240.275","270403302261.475","293437304088.547","320218060068.164","323727085331.558","350701512336.698","372891071777.602","395785557036.524","418948978837.998","428929002821.49","442878823892.135","460387235322.755","471983632178.034","490718320812.916","501713511404.129","446859635445.194","506813209118.862","521096217783.18","519268734314.851","537522457938.481","555962509610.363",
"Philippines","PHL","GDP, PPP (constant 2021 international $)","NY.GDP.MKTP.PP.KD","","","","","","","","","","","","","","","","","","","","","","","","","","","","","","","283126473617.181","281890937770.952","283068196261.779","289244432888.471","301895018069.978","315858342273.919","334368739912.76","351710479274.008","349902368762.457","361611680724.691","377459330716.051","388968938941.494","403424016589.514","423945837811.198","451795808663.307","474125839632.91","499332345525.613","531885276934.827","554992965268.913","563031056381.58","604326568988.619","627642895061.402","670931122448.233","716222537880.086","761688254932.336","810042584431.379","867956228661.943","928114173543.905","986970399946.561","1047358437145.74","947667774109.205","1001824458376.1","1077772591518.08","1137254318493.28","1202245505768.15","1255173180995",
"Palau","PLW","GDP, PPP (constant 2021 international $)","NY.GDP.MKTP.PP.KD","","","","","","","","","","","","","","","","","","","","","","","","","","","","","","","271725101.519199","285053855.783049","266810302.851468","233992525.507367","251074077.306953","278441126.913254","307399001.163302","314469182.736324","320758512.327342","303437605.742398","295536317.512211","317246085.068052","332204160.79424","325135656.673734","336426033.574023","346131319.967438","346920855.727397","349304413.394231","329905800.916967","309467825.888886","300101835.61502","313742491.009102","320209756.580943","315747046.658564","329052386.230924","357252194.428606","363205826.836126","350778987.534156","349314043.773361","350364376.413307","329316561.510041","290079678.682491","288736959.189082","292267774.601944","327357361.839707","347936278.242997",
"Papua New Guinea","PNG","GDP, PPP (constant 2021 international $)","NY.GDP.MKTP.PP.KD","","","","","","","","","","","","","","","","","","","","","","","","","","","","","","","12330625672.4057","13507817892.4025","15378527110.2955","18177770590.2296","19257913543.319","18620005021.4279","20060019567.3508","19276798238.2926","18550233887.9178","18894443493.7378","18423056983.1879","18400711914.2706","18371473084.9478","18769050593.674","19279789445.2418","20503052739.945","21612256430.1393","23301295166.7301","23232216649.0166","24812105301.0447","27325187990.7631","27627826368.7009","28914487284.7048","30020450904.363","34086351914.4364","36328673600.8943","38322962713.6508","39677530299.3157","39566729889.3392","41339522986.6764","40030121688.6158","39825722840.6625","42098584668.9198","43702735696.3364","45401877627.7294","47961599404.4189",
"Poland","POL","GDP, PPP (constant 2021 international $)","NY.GDP.MKTP.PP.KD","","","","","","","","","","","","","","","","","","","","","","","","","","","","","","","488636005387.022","454355361418.073","465782301587.04","483194689317.762","508769227819.8","549112895547.922","582575162595.757","619620571605.359","648257026192.884","678719821780.329","710323273628.646","719086848972.15","732758087729.869","758575874955.994","797193421189.976","823188485604.069","874243517193.018","933346294279.01","974262055589.444","999740261175.103","1031421305065.9","1085627265652.71","1102039579729.35","1109580182039.64","1153081368765.59","1204183248380.19","1240684182182.6","1304609910272.79","1386093998885.26","1449583454736.59","1420076185854.11","1518447457166.84","1598248809948.92","1602238212133.11","1650760655426.38","1709737794625.41",
"Pre-demographic dividend","PRE","GDP, PPP (constant 2021 international $)","NY.GDP.MKTP.PP.KD","","","","","","","","","","","","","","","","","","","","","","","","","","","","","","","1522633740592.36","1406055004414.73","1439191663971.73","1428390136871.67","1427630838661.6","1470577621994.7","1552259327709.57","1646611388043.56","1757337360349","1828695130284.78","1929024816945.4","2012710791354.32","2142765911992","2141386727580.32","2392602929179.79","2537162133937.39","2695412721331.41","2860718143802.55","3043495933636.71","3197409261607.17","3414675119966.64","3562492526267.83","3748364897186.38","3973642705836.41","4182008520026.02","4310868717750.31","4417436483929.88","4492036215536.8","4611781126516.84","4755166409631.72","4550152969122.06","4643592571718.99","4854823048213.88","4973068936418.94","5142267361437.05","5330150923198.54",
"Puerto Rico (US)","PRI","GDP, PPP (constant 2021 international $)","NY.GDP.MKTP.PP.KD","","","","","","","","","","","","","","","","","","","","","","","","","","","","","","","94575186676.1451","96754568943.6617","101170497603.063","105869388737.717","110301037504.239","115318618493.561","117986754052.325","123744610544.668","130588585443.77","137626918304.451","142130022240.11","151103360796.539","152488161785.671","152569620659.339","165917443819.627","162620765888.912","160328765955.119","158464452393.527","155542155203.067","152505310993.439","151875076513.802","151330588209.776","151374890466.613","150910431935.607","149114049276.191","147549410420.248","145684836860.538","141481511164.76","135310898292.068","137577983403.616","131826020840.194","132333844622.722","136247082992.149","137243719648.029","141604056305.924","142053889977.008",
"Korea, Dem. People's Rep.","PRK","GDP, PPP (constant 2021 international $)","NY.GDP.MKTP.PP.KD","","","","","","","","","","","","","","","","","","","","","","","","","","","","","","","","","","","","","","","","","","","","","","","","","","","","","","","","","","","","","","","","","","",
"Portugal","PRT","GDP, PPP (constant 2021 international $)","NY.GDP.MKTP.PP.KD","","","","","","","","","","","","","","","","","","","","","","","","","","","","","","","271449408087.294","283306877870.65","286393440856.417","280541628709.055","283248401748.392","295379308137","305730127294.464","319184905607.446","334531198375.593","347599919892.8","360864948578.17","367878980026.065","370715050248.087","367265468688.313","373834876613.124","376757695508.46","382880141167.315","392477335826.404","393730309298.538","381437740848.062","388065696624.13","381416084353.319","365965289984.719","362363801506.879","365050335642.997","370853898713.209","378286334847.615","390825467955.362","402340293975.507","413387288366.33","379470384302.572","400564219793.072","428547000796.038","441831904076.819","451616679505.118","460036982508.263",
"Paraguay","PRY","GDP, PPP (constant 2021 international $)","NY.GDP.MKTP.PP.KD","","","","","","","","","","","","","","","","","","","","","","","","","","","","","","","40200970637.5019","41605451910.4562","42311258450.8711","44399894240.9111","46761044057.8761","49951461389.9212","50737590062.3676","52890140490.8848","52926125755.5185","52203112689.0126","50995059280.418","50569732583.1822","50558908437.8704","52743430191.7258","54883451813.9373","56054385134.7957","58748985119.8636","61934133534.2972","65957555770.4958","65785315971.6897","73084348919.4964","76217015408.4218","75677366080.409","81953347934.6241","86297890485.9895","88849850007.4683","92641984558.4984","97098137069.0997","100209404457.014","99806707853.8426","98988507043.6468","102942716900.518","102913813496.431","108353679035.955","113412870267.939","120946462068.109",
"West Bank and Gaza","PSE","GDP, PPP (constant 2021 international $)","NY.GDP.MKTP.PP.KD","","","","","","","","","","","","","","","","","","","","","","","","","","","","","","","","","","","9386367656.98158","10054476156.2032","10176591543.0054","11669257281.6831","13341941143.7622","14446732781.5029","13210732057.9429","11980670076.5981","10484478209.7301","11953945736.6292","14574786910.5204","16220375261.2422","16058730121.5694","16667080027.2496","17905307779.1404","19443998769.9867","20567348977.1502","22541980763.7387","23916242829.4988","25039964208.0507","25000434455.1801","25930775540.3463","28229439949.0572","28630119462.896","28981433182.0701","29376359539.3877","26051406241.5946","27878126229.8832","29016323292.585","28734233037.358","22166355318.6207","23129359485.971",
"Pacific island small states","PSS","GDP, PPP (constant 2021 international $)","NY.GDP.MKTP.PP.KD","","","","","","","","","","","","","","","","","","","","","","","","","","","","","","","9716647274.14619","9603217291.30772","10088816529.5292","10284301600.8572","10773123682.7421","11191667845.3727","11578600288.5618","11405445672.8446","11565012103.3556","12187908713.9887","12012281456.9738","12161637339.6606","12449163394.6793","12657880332.3985","13198640177.8296","13462077416.7503","13758492713.4108","13735140079.2516","13975983926.1593","13866114664.608","14346975306.3028","14858625733.5441","15021598713.2827","15565067287.2981","16200434741.8349","16868767469.9373","17455341767.2771","18195491090.0313","18735271418.4612","18868273180.337","16608459261.3071","16102866317.4252","17806127375.6934","19215054609.4248","19913257468.6869","20570252654.6574",
"Post-demographic dividend","PST","GDP, PPP (constant 2021 international $)","NY.GDP.MKTP.PP.KD","","","","","","","","","","","","","","","","","","","","","","","","","","","","","","","35218799163154.5","35502884398194.1","36042166606437.7","36290425141446.8","37259550911645.4","38221020266152","39264669922051","40573019383689.5","41624648602832.1","43054324582371.9","44834117972096.5","45577066602214","46307196011527.4","47255813345580","48811559837247.8","50169243909644","51721640193681","53146453885661.9","53383670495061.6","51437538095033.4","52952153593081.6","53853352921422","54429089637487.9","55190026023049.7","56227081556750","57391933182524.5","58435870571455.3","59906456007688.3","61269979956208.7","62383555832881.7","59742266140514","63231195832010.3","64860128390155.2","66002651281120.8","67172053881407.1","68274768635507.6",
"French Polynesia","PYF","GDP, PPP (constant 2021 international $)","NY.GDP.MKTP.PP.KD","","","","","","","","","","","","","","","","","","","","","","","","","","","","","","","","","","","","","","","","","","","","","","","","","","","","","","","","","","","","","","","","","","",
"Qatar","QAT","GDP, PPP (constant 2021 international $)","NY.GDP.MKTP.PP.KD","","","","","","","","","","","","","","","","","","","","","","","","","","","","","","","33146744598.1916","32595768611.6467","36289041216.2942","35808162041.2956","36316175440.3137","37187486302.8495","38814033696.798","50462916902.693","56124176172.0109","58528572002.566","63227319209.4887","65692013365.0182","70410357538.667","73029566157.4979","87064755696.4557","93588281057.3442","118080708149.337","139317779227.364","163925526893.644","183527005851.195","214233929333.036","242130197025.362","253331713195.389","264556086390.449","275453456566.82","288546711667.216","297388336588.542","292934634875.764","296552003251.613","298592995589.656","287970239265.658","292655073655.389","304902716904.173","308522399742.779","318116313580.574","327346968571.446",
"Romania","ROU","GDP, PPP (constant 2021 international $)","NY.GDP.MKTP.PP.KD","","","","","","","","","","","","","","","","","","","","","","","","","","","","","","","378580737708.538","329674880228.838","300771530329.387","305369829241.137","317376796040.453","337160515068.276","350335743556.056","333347743557.488","326581408037.841","325351304201.448","333359056965.876","350754186782.529","370757668768.298","379437652028.453","419005839215.196","438565652131.463","473777259785.288","508049395891.185","555335926625.07","524699675360.97","504205894717.072","526872919958.823","536902562262.935","538399295615.941","560559816506.466","578256892019.972","594794648941.46","643540915125.243","678256873184.539","705117809492.65","679747491181.659","717727367561.009","747783730203.255","764666698964.488","771671074711.983","776901691484.853",
"Russian Federation","RUS","GDP, PPP (constant 2021 international $)","NY.GDP.MKTP.PP.KD","","","","","","","","","","","","","","","","","","","","","","","","","","","","","","","4386345138171.99","4164968954917.94","3559754243459.34","3251175510767.5","2842510682575.51","2724730445020.44","2622414924801.8","2659126525814.55","2518193840343","2679356097890.08","2947293497854.73","3097606976017.8","3243194253267.68","3479945888221.14","3730500178061.56","3969250900494.88","4294732183530.33","4659783464375.58","4902090772294.38","4519727990459.76","4723115749994.6","4926211105734.93","5124446084914.26","5214401746510.76","5252793677362.62","5149170806564.6","5159143263887.28","5253385606058.9","5400813510778.24","5519527480907.36","5373058291699.62","5688268314339.54","5606620581333.77","5834620196473.69","6121781512040.27","6183071354159.95",
"Rwanda","RWA","GDP, PPP (constant 2021 international $)","NY.GDP.MKTP.PP.KD","","","","","","","","","","","","","","","","","","","","","","","","","","","","","","","8597587515.34399","8381411524.0941","8873628794.27807","8154093576.61484","4056819164.55286","5485796323.97719","6184999233.67611","7041606318.75353","7665398949.65158","7998988551.08743","8668575558.60995","9404066082.57386","10644657404.2921","10879094009.4037","11689332744.134","12785546582.04","13965278652.7666","15031290015.4566","16708969470.0775","17752988909.3411","19055109655.477","20571589348.8979","22349284920.5242","23404137325.1411","24730789976.4012","26924501940.0657","28448091074.0858","29786270615.5549","32190273617.3262","35179505520.0136","34202533764.1991","37079447223.7257","40722493252.9693","44208193267.2672","47403195005.4887","51847622976.7851",
"South Asia","SAS","GDP, PPP (constant 2021 international $)","NY.GDP.MKTP.PP.KD","","","","","","","","","","","","","","","","","","","","","","","","","","","","","","","2195868422038.77","2229182495585.05","2349945471294.78","2462845422940.7","2619233320950.36","2807309538986.04","3005835412003.84","3131907527105.15","3319275393972.92","3591546770498.64","3738320225154.94","3911405907608.34","4058638406252.07","4360668617318.29","4689403161165.54","5048612951614.99","5445849334568.29","5856034912165.85","6059990258491.86","6508962935492.26","7040906137076.85","7423569599949.43","7841923338604.05","8331462576637.69","8934640672338.05","9622886930643.57","10390395967779","11095444187614.6","11808230947750.9","12298136124928.5","11696380852549.4","12776195414008","13692289943372.9","14625271493468.6","15611531104855.6","16720061514033.7",
"Saudi Arabia","SAU","GDP, PPP (constant 2021 international $)","NY.GDP.MKTP.PP.KD","","","","","","","","","","","","","","","","","","","","","","","","","","","","","","","693736591659.813","750767086436.035","785156588923.178","788138895733.899","795649591230.904","798129694885.491","824505347577.152","846332637593.365","870062212291.907","864551293567.2","905341984010.379","908461730889.399","902207969996.242","981320185364.938","1066017984132.12","1129391647181.57","1166813867023.52","1192643088440.18","1267040015652.55","1253524282984.6","1316695828286.55","1471523729723.65","1556306655730.37","1602149814289.81","1666631082595.55","1744214812221.99","1773937059241.04","1794906894436.69","1852827658444.24","1883428760986.53","1811768270289.69","1929888259783.05","2161486188573.72","2173214249211.45","2230781188268.09","2331221343923.89",
"Sudan","SDN","GDP, PPP (constant 2021 international $)","NY.GDP.MKTP.PP.KD","","","","","","","","","","","","","","","","","","","","","","","","","","","","","","","65832468679.7624","70777086386.0803","75432705020.8956","78879036120.1912","79672740052.0811","84450787779.4826","89449534427.2469","105830121020.512","110389816288.017","113816421735.368","121039060983.618","128907036334.483","136649800780.219","145243444604.311","152710248170.58","161328474716.694","171865501665.239","181722459503.926","188712858640.32","183489844612.545","190569326775.598","184445320301.139","153080968306.52","156073922642.547","163349120543.47","166469377694.971","172241940059.519","173463576844.394","168813138819.997","165135964859.046","159141858245.694","156168260027.791","154672454523.183","109147290850.548","93905594410.3477","96783124222.8811",
"Senegal","SEN","GDP, PPP (constant 2021 international $)","NY.GDP.MKTP.PP.KD","","","","","","","","","","","","","","","","","","","","","","","","","","","","","","","22569745551.6919","23170092355.2357","23475991569.1234","23795315059.8546","23784007300.4011","25084655922.3032","25591360254.7747","26370770987.5274","27926245460.1426","29680937545.1415","30834698201.8833","32163936241.4125","32186031763.9125","33986502591.7867","35564595805.9728","37097514716.1589","37962172824.6895","39035408701.8598","40480955880.8794","41595034083.066","43005475623.721","43579207837.762","45323681588.6271","46417063409.8375","49306095988.3577","52445436642.3775","55778904558.2945","59910719208.0943","63630720168.8612","66566404953.2911","67459775215.7018","71874343647.3319","74641816330.0169","77819640032.7671","82848505304.3666","88384672290.733",
"Singapore","SGP","GDP, PPP (constant 2021 international $)","NY.GDP.MKTP.PP.KD","","","","","","","","","","","","","","","","","","","","","","","","","","","","","","","140049416153.099","149416477857.285","159337441475.797","177596955982.473","197302562442.346","211459812719.419","227258801839.554","246158119024.241","240764757697.655","254532581602.908","277538041479.771","274565989973.697","285338204303.906","298316114664.843","327968684807.152","352127915476.514","383843253121.348","418471747099.83","426269898869.297","426815325624.664","488787842633.126","519165685276.846","542193266755.059","568314137606.487","590680369392.388","608263738590.263","632052647907.152","659400262106.181","680412766806.86","688297250280.296","663443918456.882","730724326968.531","760028410066.194","771050857055.831","812252052277.036","853074881927.096",
"Solomon Islands","SLB","GDP, PPP (constant 2021 international $)","NY.GDP.MKTP.PP.KD","","","","","","","","","","","","","","","","","","","","","","","","","","","","","","","779767330.110741","826553388.501186","931525650.750665","968786673.169879","1047258405.37762","1152912280.72277","1171473103.24908","1160764931.54627","1175756339.43289","1170045333.78239","1002997967.15376","923193375.688684","897344109.862664","955882062.212771","1029328608.46237","1105077715.74877","1150797680.53619","1192683666.44427","1266939034.71767","1303235103.576","1429755413.62091","1535989636.82219","1573865887.54732","1656296279.9937","1675997180.49229","1704083308.61974","1798744173.30964","1854063862.54601","1904973720.5086","1938296519.88853","1872757689.35467","1868488264.52908","1820197491.43635","1871911459.31228","1928023126.13164","1997762631.61907",
"Sierra Leone","SLE","GDP, PPP (constant 2021 international $)","NY.GDP.MKTP.PP.KD","","","","","","","","","","","","","","","","","","","","","","","","","","","","","","","11346540765.8356","11613407016.8489","9405360418.52871","9534641797.73796","9348965610.36097","8601071478.97942","8751918844.65574","8237561498.60043","8384602990.35274","8218647658.47288","8765412120.18728","8209206783.02624","10386627878.1216","11371657367.3506","12108409522.6575","12635549107.857","13176743653.9249","13670839659.4886","14174754970.7358","14391742579.0314","15306433662.8906","16546355075.371","18296683393.4455","20979585325.4636","19340027559.2061","18496157827.8169","19686836248.0352","20318362565.9864","20906346803.9903","22056762309.2888","21780314092.3338","23064667132.9818","24290220817.6742","25677197745.4798","26779577193.1857","28013754385.2588",
"El Salvador","SLV","GDP, PPP (constant 2021 international $)","NY.GDP.MKTP.PP.KD","","","","","","","","","","","","","","","","","","","","","","","","","","","","","","","32268857747.3601","32750982739.271","35050744732.7709","37090107666.4687","38830398412.671","40668661082.3633","40998671772.0135","42285197819.9467","43406718523.0549","44345186421.7477","44845358873.2488","45239824775.7213","45951410325.2796","46670730500.3765","47085822070.9522","48348112958.8643","50444969942.3996","51376992319.8102","52483859774.8353","51377096737.2549","52483859774.8353","54481857931.1523","56019675775.1367","57272065311.0759","58250676689.777","59648692981.8958","61163210524.2658","62537926514.7702","64046619110.6471","65607737256.2459","60429252054.6952","67623210509.8633","69621208666.1802","71957060938.0854","73821082489.0299","76704491075.4111",
"San Marino","SMR","GDP, PPP (constant 2021 international $)","NY.GDP.MKTP.PP.KD","","","","","","","","","","","","","","","","","","","","","","","","","","","","","","","","","","","","","","1726614240.65154","1855516679.04988","2023429065.91089","2067527268.52085","2182861029.19305","2189645368.05612","2274449603.84451","2377910771.50634","2435577651.84244","2528862311.20966","2708647291.08104","2695078613.3549","2416920719.969","2284626112.13911","2094664623.97313","1947105253.70134","1931840491.25943","1918271813.53329","1962229071.50337","2008231807.64066","2013418265.09301","2043496801.05091","2085709127.0654","1947053014.29209","2217650270.84052","2392810197.30047","2402427676.07276","","",
"Somalia, Fed. Rep.","SOM","GDP, PPP (constant 2021 international $)","NY.GDP.MKTP.PP.KD","","","","","","","","","","","","","","","","","","","","","","","","","","","","","","","","5704936549.23941","5220683080.53658","5429019472.59682","4460102937.9966","4638087646.11404","5011268876.15675","5070426496.63144","5404389795.76714","5799899011.20226","6212290060.6386","6654003409.88787","7161721655.76831","7708180160.90734","8256255998.02574","8843301749.83213","9416911086.34105","10047312254.9745","10719914696.4086","11437543512.3062","12203212926.6528","13020138946.2027","13891752868.4593","15414191548.3704","16798078575.9061","18555525157.6533","19860882712.8334","22787541794.6498","23255669700.4148","23906905922.5063","23245985890.4208","24047321167.4183","24700978342.0083","25732304106.3615","26790260348.198","27591595625.1954",
"Serbia","SRB","GDP, PPP (constant 2021 international $)","NY.GDP.MKTP.PP.KD","","","","","","","","","","","","","","","","","","","","","","","","","","","","","","","","","","","","72047058809.5285","76488732995.0517","83321634794.0343","87773209535.8993","78710181878.9484","83476154017.4712","89134604144.8336","94964939606.6216","99295046441.7614","105934775493.899","112188630970.757","116564735255.495","125694167184.441","132181109002.359","128027171255.876","130089654179.974","130160257066.279","129582402703.026","130167569369.071","127818994422.663","129475194516.516","133327338006.983","136478400479.993","142823759477.085","149608185038.529","148186871386.89","159966329526.014","164290982541.174","170448498550.376","177181088496.32","180778559075.955",
"Sub-Saharan Africa (excluding high income)","SSA","GDP, PPP (constant 2021 international $)","NY.GDP.MKTP.PP.KD","","","","","","","","","","","","","","","","","","","","","","","","","","","","","","","1967411603317.34","1977203319795.39","1972330304796.66","1948180942973.1","1963669597612.75","2027093056549.64","2132239691363.14","2219315468797.58","2278000167121.25","2326218270405.42","2406030672260.2","2511690765308.51","2680783698561.6","2794936087867.94","2986816430213.62","3167925295691.88","3360766240243.66","3568590675053.81","3760008420932.91","3894666789506.1","4141027536091.55","4330039535791.6","4508733758529.88","4750873126145.63","4987783931568.5","5141225316147.72","5212331766893.94","5347541131799.57","5502004054148.9","5646384691064.53","5461489433233.44","5652504219968.59","5886202612182.09","6050794817231.92","6282206528878.19","6556116723049.01",
"South Sudan","SSD","GDP, PPP (constant 2021 international $)","NY.GDP.MKTP.PP.KD","","","","","","","","","","","","","","","","","","","","","","","","","","","","","","","","","","","","","","","","","","","","","","","","","","","","","","","","","","","","","","","","","","",
"Sub-Saharan Africa","SSF","GDP, PPP (constant 2021 international $)","NY.GDP.MKTP.PP.KD","","","","","","","","","","","","","","","","","","","","","","","","","","","","","","","1968483946031.99","1978305611449.4","1973512569055.52","1949450589695.19","1964907920239.23","2028337053082.44","2133608663441.9","2220852434894.68","2279575032745.9","2327822583219.37","2407703337638.44","2513324453076.9","2682436345253.03","2796489763772.87","2988324144569.87","3169569333175.88","3362565566429.4","3570550268644.45","3761912816572.57","3896522562586.65","4142966476930.36","4332164128716.8","4510924169343.73","4753089854175.4","4990090470156.27","5143739255533.8","5215153737217.39","5350560748133.54","5505173500025.45","5649729890148.5","5464438962722.29","5655469047138.82","5889462381744.76","6054224301952.24","6285750608976.13","6559866844468.3",
"Small states","SST","GDP, PPP (constant 2021 international $)","NY.GDP.MKTP.PP.KD","","","","","","","","","","","","","","","","","","","","","","","","","","","","","","","186548074787.962","186614141379.243","184906950410.306","185643146556.172","191160083132.459","198613578955.683","205927417148.473","217439494337.041","224261770682.087","230898836101.465","244923967594.835","251946335284.159","261551816292.427","274987881732.402","287265865932.406","299364680593.231","319389623074.524","334003254375.443","338312235689.095","325301973442.305","334223464606.094","344144744658.569","352218269616.925","357166899589.437","365700534568.399","373618488232","379452193056.939","391135489025.323","403935244487.986","417954997341.233","391422490767.094","417736611034.98","446258998066.455","468598256397.165","499289805615.693","522284614288.244",
"Sao Tome and Principe","STP","GDP, PPP (constant 2021 international $)","NY.GDP.MKTP.PP.KD","","","","","","","","","","","","","","","","","","","","","","","","","","","","","","","477556464.620019","483291939.918397","486674968.938001","492028386.760864","502853019.055278","512910088.019017","520603744.85671","525790628.931897","538935331.051748","552408748.045531","554885573.546583","571889947.383692","591106525.73093","640118238.348323","662765019.548713","706604438.568351","769252760.83048","797264883.584242","846924799.618182","874893641.37586","887566084.071738","905312365.29496","931955190.132987","979668288.954311","1027732877.28136","1043556924.4073","1097580036.89126","1142723280.59177","1192753169.44633","1216778995.98225","1248717734.99679","1272434617.36875","1274581195.38269","1279325859.25215","1298245662.38403","1311597788.37109",
"Suriname","SUR","GDP, PPP (constant 2021 international $)","NY.GDP.MKTP.PP.KD","","","","","","","","","","","","","","","","","","","","","","","","","","","","","","","7069161061.59114","7260028349.1341","7289068463.15037","6800701010.98782","7031924770.37419","7031924770.37419","7102244104.06534","7507071853.45901","7679734630.03437","7572218309.11467","7731234807.85108","8055946702.3166","8281513265.44721","8803248554.22591","9551524697.603","9981343329.13633","10559616805.2417","11099370327.6172","11559262393.8227","11907623766.9886","12523108019.2929","13255630651.2693","13612253476.9177","14011560990.1665","14047360953.2772","13567918528.4332","12901508432.171","13103550934.2593","13751950156.2068","13912516519.7278","11689965333.3394","11405269573.3629","11679705719.6006","11961956571.1717","12167816758.8858","12385826501.4168",
"Slovak Republic","SVK","GDP, PPP (constant 2021 international $)","NY.GDP.MKTP.PP.KD","","","","","","","","","","","","","","","","","","","","","","","","","","","","","","","92847188211.7967","79315822214.5325","73984618274.7835","75391309094.6021","80069739789.1422","84748610469.372","89934868456.7174","94868551611.259","98498324603.1149","98032170240.6417","98805864124.4221","101696094502.704","106188268778.91","111345512852.77","117346477675.693","124956317218.739","136109527040.017","150834712494.874","158924547093.092","150175213754.122","160372984174.191","164482421184.366","167063431715.041","168238428165.79","172794243229.268","181739592288.206","185279549534.588","190605842395.971","198348480096.043","202862691369.797","197617651294.297","208794626628.333","209931704693.304","214366798159.356","218522672516.332","220287065416.433",
"Slovenia","SVN","GDP, PPP (constant 2021 international $)","NY.GDP.MKTP.PP.KD","","","","","","","","","","","","","","","","","","","","","","","","","","","","","","","50652977159.4153","46144807795.382","43623595304.3463","44863997362.1105","47254120964.0246","49194922764.2653","50628274767.3152","53246434117.3703","54877812187.5784","57768779177.4116","59789484523.4524","61480740580.7604","63498897358.2737","65527706922.9756","68506610989.8372","71146943268.1765","75350860547.6076","80730332762.2155","83452752254.891","77118199208.3955","77975859384.4159","78486942897.7531","76198626393.4898","75570920078.6552","77658818605.868","79517431936.801","81930320713.0589","86169724994.2889","89943169180.5122","93095905107.7604","89292936500.2289","96808602042.5058","99391944966.1392","101753331260.863","103515085614.45","104612273022.639",
"Sweden","SWE","GDP, PPP (constant 2021 international $)","NY.GDP.MKTP.PP.KD","","","","","","","","","","","","","","","","","","","","","","","","","","","","","","","344062662873.029","340119791286.504","336179188009.764","329235015672.781","342456323028.092","356477820225.011","362554768400.575","373667042554.569","389532316651.719","405897033978.736","424694618241.312","430473889901.213","440278917145.459","448560685519.954","467308657029.919","480361231904.817","502823282845.352","519038670699.165","514247355956.965","492362974294.349","520677610789.113","537151255124.956","534925312665.013","541010979913.437","553431360604.081","577717294222.266","590029484727.143","601138688785.06","611780378612.314","627737018768.726","615597858878.77","647768167635.192","655900483732.64","654562044646.746","661224153134.658","671427924457.435",
"Eswatini","SWZ","GDP, PPP (constant 2021 international $)","NY.GDP.MKTP.PP.KD","","","","","","","","","","","","","","","","","","","","","","","","","","","","","","","4752760042.32778","4836426528.86643","4992459630.25826","5147531116.43268","5271107467.4033","5525472721.01941","5737764357.68215","5915796007.78073","6069845676.21387","6248959257.28285","6358951768.65023","6448753771.51163","6712420609.73866","7017074240.59607","7270890188.59686","7706582497.38866","8225143749.95038","8580282545.83034","8703886113.8423","8828622492.9761","9166267410.51757","9334902555.68058","9716745055.21964","10114605462.2316","10322701513.3913","10498626985.9609","10808249155.5802","11188802578.176","11196119568.9964","11916239300.0966","11564491633.2712","12054388840.8388","12100927320.5586","12528401850.8997","12908215966.5004","13449575902.3512",
"Sint Maarten (Dutch part)","SXM","GDP, PPP (constant 2021 international $)","NY.GDP.MKTP.PP.KD","","","","","","","","","","","","","","","","","","","","","","","","","","","","","","","","","","","","","","","","","","","","","","","","","","1707402664.34984","1762039424.83535","1843093298.53652","1868722332.27754","1893141506.94385","1923060378.63178","1925095229.39475","1943725499.47426","1797261623.53916","1674023699.68631","1857580414.01304","1610210354.93476","1683919292.28275","1917984095.15129","1990867446.65063","2050593487.87496","2120313666.46271",
"Seychelles","SYC","GDP, PPP (constant 2021 international $)","NY.GDP.MKTP.PP.KD","","","","","","","","","","","","","","","","","","","","","","","","","","","","","","","1075888256.27019","1105587358.22452","1184891625.3785","1271428653.97734","1240449419.9454","1246466054.86781","1371087057.34599","1538272501.21873","1576228466.60951","1605735544.03299","1674030661.68622","1636010698.60561","1655852774.64824","1558370594.23847","1513949957.66088","1650292683.67165","1805521335.06998","1965780608.6428","1912194485.63125","1864783995.48965","1948794976.80544","2134121157.07031","2200506804.93759","2228095328.10173","2318638255.5212","2525321875.39859","2831328441.68385","3028223613.59189","3177801892.96287","3353035170.8655","2959393508.28619","2975737695.0276","3269754971.85503","3439122065.77464","3554218279.75406","3760290316.62838",
"Syrian Arab Republic","SYR","GDP, PPP (constant 2021 international $)","NY.GDP.MKTP.PP.KD","","","","","","","","","","","","","","","","","","","","","","","","","","","","","","","74875953167.3607","80616294296.7426","91074476916.9164","96676372885.8237","103649667896.678","110932704622.493","121832474507.697","127953099854.357","136635107327.807","131779847282.603","132670208055.104","137702924291.17","148524378799.581","149401833667.293","159714344992.409","169641397209.439","178201506864.199","188313975866.413","196744079878.114","208376169498.879","219194037405.165","225441551008.948","166062715804.425","122387793522.339","109769194412.286","105181180124.897","98443605079.763","97731516907.6717","99093144887.7716","100302802835.318","101260608930.437","103072861947.37","102864167600.595","","","",
"Turks and Caicos Islands","TCA","GDP, PPP (constant 2021 international $)","NY.GDP.MKTP.PP.KD","","","","","","","","","","","","","","","","","","","","","","","","","","","","","","","","","","","","","","","","","","","","","","","","574756617.196337","622299870.298888","500638710.071393","505569625.154683","528929464.27426","514825265.915996","520338429.274804","565666649.052894","629670865.326288","675329472.694926","1179044139.11659","1258660844.92249","1321363621.38268","874516799.278562","1133630688.91659","1293326643.15516","1470915240.12362","1553828160.67349","",
"Chad","TCD","GDP, PPP (constant 2021 international $)","NY.GDP.MKTP.PP.KD","","","","","","","","","","","","","","","","","","","","","","","","","","","","","","","10238840219.6814","11112739276.6751","12001918814.4202","10116436926.4326","11141928770.0708","11279704214.0334","11529490222.2783","12181297538.0829","13028090170.9695","12939127828.3876","12825304776.19","14320496076.9223","15536479446.0382","17823708215.5275","23817709328.7599","27945921833.123","27794223105.5794","28961628888.9735","29853991800.186","29433563220.3843","33458257815.2917","34962350264.3822","38130569892.0502","39212797540.6099","40021691183.7087","41344071814.1997","39639661078.4024","38998501758.2957","41237450907.4612","43457189499.0022","43286121757.7408","43413141699.6577","45205973768.1746","47013585754.8173","49341747813.2934","52099892413.3547",
"East Asia & Pacific (IDA & IBRD countries)","TEA","GDP, PPP (constant 2021 international $)","NY.GDP.MKTP.PP.KD","","","","","","","","","","","","","","","","","","","","","","","","","","","","","","","4018408529430.97","4328917338928.04","4771879704348.17","5266393780464.73","5802707216869.78","6357904432902.37","6915237769888.34","7374064715890.99","7443042219757.1","7881067801468.55","8461906527760.24","9007302426818.32","9700144977830.21","10528968127967.1","11445603127988.6","12521097087571.5","13811445817417.1","15414913108923.4","16670711971348.3","17894769948862.8","19597436844579.2","21189719263946.3","22764842920458.1","24373124624711.1","26021815355060.3","27709035368853.6","29469288655039.1","31395299170891.3","33412244050863.9","35345673444019.8","35637984936570.8","38194248069576.1","39635344531245.6","41680455068513.1","43739963352168.8","45897728963756.6",
"Europe & Central Asia (IDA & IBRD countries)","TEC","GDP, PPP (constant 2021 international $)","NY.GDP.MKTP.PP.KD","","","","","","","","","","","","","","","","","","","","","","","","","","","","","","","8337522967900.72","7821779430289.17","6983464411026.46","6536917059142.89","5861800755060.91","5760883340449.59","5735731272870.73","5860766148888.33","5780182832644.95","5946161836385.67","6398822758743.91","6628925227981.84","6960954269174.75","7416179481783.49","8011701537048.36","8527392571758.9","9210679678368.77","9939238366822.51","10401434394958.3","9818901066949.04","10261609970635.8","10823225101475.3","11181377926205.9","11503341074528.5","11673214475032.9","11720276780848.9","11907890200991.4","12370195063008.9","12823791119003.9","13183914931516.4","12942238482886.8","13855372486900.4","13911139539314.1","14450435850279.5","15047423967721.7","15433845496920.9",
"Togo","TGO","GDP, PPP (constant 2021 international $)","NY.GDP.MKTP.PP.KD","","","","","","","","","","","","","","","","","","","","","","","","","","","","","","","8947626991.79903","8884996511.28052","8531312626.74897","7243440390.6685","8328682642.77856","8982137117.67061","9775817762.26672","11181323992.7407","10924167342.0005","11195278022.1383","11107565301.5467","11199029298.6557","11627573882.1751","12408966779.4352","12287524523.4137","11714151842.2525","12024592340.4005","11883286918.7747","12362850408.795","13037096900.4961","13800332095.7513","14603960793.0845","15524406713.7785","16428587079.3636","17354048389.6056","18302974936.7812","19074427736.4754","19838914128.2775","20790226431.5805","21813000083.4214","22283943041.3011","23428363747.2408","24903047324.7446","26446445980.3994","28172476918.4511","29950252256.0673",
"Thailand","THA","GDP, PPP (constant 2021 international $)","NY.GDP.MKTP.PP.KD","","","","","","","","","","","","","","","","","","","","","","","","","","","","","","","476382179394.907","517152206431.531","558955625949.242","605080174206.112","653468584993.737","706532294783.931","746465107712.372","725910629979.538","670494356342.068","701151421768.156","732389449755.889","757614766126.134","804200771231.266","862016721322.979","916231902255.627","954600381491.807","1002023123223.03","1056484599944.17","1074716342521.71","1067294155514.74","1147484133550.35","1157124515904.26","1240932686400.33","1274282697289.7","1286827613679.01","1327157399106.39","1372747348917.49","1430096354531.87","1490487468569.46","1522004687538.71","1429267981090.45","1451544299160.13","1489833746301.19","1523337639788.47","1568254771392.99","1606558993493.63",
"Tajikistan","TJK","GDP, PPP (constant 2021 international $)","NY.GDP.MKTP.PP.KD","","","","","","","","","","","","","","","","","","","","","","","","","","","","","","","22529307638.2711","20929726999.5681","14860105948.7911","12423048596.24","9776939492.07511","8563003180.32128","7132981783.18961","7252863963.13675","7638199027.01455","7920778073.85827","8580129343.23434","9402177479.50698","10417613000.7372","11563550334.7739","12754595896.799","13609153632.677","14561794823.9665","15697614837.5239","16937726138.3628","17598297652.2489","18742186838.7707","20129108777.2117","21638791827.4526","23240062367.9387","24797146706.9848","26289762181.4162","28103755771.934","30099122549.3957","32386655528.9152","34783268090.8793","36313732274.8975","39727222945.4623","42905400915.5615","46466548855.3976","50369738870.8902","54600797204.9693",
"Turkmenistan","TKM","GDP, PPP (constant 2021 international $)","NY.GDP.MKTP.PP.KD","","","","","","","","","","","","","","","","","","","","","","","","","","","","","","","29523094069.1334","28163477881.1929","23948535539.5956","24307763651.0641","20102554445.9324","18655162298.5406","19905056677.6711","17635880190.5189","18888027743.7164","22004552233.2109","23207995333.2811","24216114783.0749","24278393786.4553","25072012882.4458","26325715659.6053","29757018599.7274","33022347990.1611","36674388384.9168","42065523482.8003","44631520422.5963","48737620334.1881","55910975379.4906","62089602878.4421","68399673002.7616","75478858169.4535","80349168617.3522","85354198656.0955","90860725420.036","96499563517.5584","102609622208.244","108633480388.33","115315697251.207","122505531400.541","130246409084.387","138428952805.422","147149976883.354",
"Latin America & the Caribbean (IDA & IBRD countries)","TLA","GDP, PPP (constant 2021 international $)","NY.GDP.MKTP.PP.KD","","","","","","","","","","","","","","","","","","","","","","","","","","","","","","","5279611299558.14","5456091333884.39","5611396064055.33","5876029207684.04","6191535535278.6","6241957407191.12","6492674058355.47","6849513644672.94","7053265412268.37","7086638162167.24","7340956356674.65","7360919807311.99","7398074913199.41","7587223478571.19","7990382359778.8","8314448574766.65","8753791435245.4","9223208086493.15","9574523467940.57","9358835147116.48","9977300439183.95","10439068765715.4","10720356865037.5","11034427187815.3","11201726976577.9","11260154784727.8","11239945919960.7","11467640172939.6","11666158944137.9","11753263422387.9","10974657126354.9","11795624759274.9","12284381294481.2","12559998249572.9","12839870514463","13143743834999.9",
"Timor-Leste","TLS","GDP, PPP (constant 2021 international $)","NY.GDP.MKTP.PP.KD","","","","","","","","","","","","","","","","","","","","","","","","","","","","","","","1630021479.94206","1804666553.74284","1993426005.66869","2196850455.3627","2353328561.4834","2510560672.0837","2710958269.48867","2819396437.75266","2763008617.34131","1783454887.53388","2819251528.04576","3280134142.25612","3060342344.31194","2993557591.00443","3005531940.54652","3095234434.85991","2967831716.56619","3272491170.93926","3645385152.83703","4015280722.66861","4389966438.60593","4651545049.69472","4877639065.59283","5029058874.9352","5253983455.95565","5384284368.38741","5546347592.55731","5369839782.34634","5344789363.2008","6638917012.21126","8745162673.33325","9214760522.97672","7323663116.27049","5995450537.32247","5449822996.06303","5829969371.16938",
"Middle East, North Africa, Afghanistan & Pakistan (IDA & IBRD)","TMN","GDP, PPP (constant 2021 international $)","NY.GDP.MKTP.PP.KD","","","","","","","","","","","","","","","","","","","","","","","","","","","","","","","2325903453943.55","2335856928589.78","2458121490189.93","2500255870949.96","2556450815010.96","2639353529665.03","2799462526703.26","2895711250427.78","3058040159879.62","3188514414145.72","3374871188599.14","3476704015909.26","3599925407047.46","3685172553323.16","3966174531424.4","4157435515907.44","4388943034716.44","4650030610290.26","4820290252395.59","4971303422387.2","5206593993009.58","5278034150551.03","5381599217381.02","5437034297545.39","5591151623008.62","5717238433141.88","6051233782650.43","6249514974906.91","6395709943165.54","6519356534740.96","6421051353941.62","6676829540416.32","6985951867772.91","7191430922775.81","7375649398293.19","7527136901607.54",
"Tonga","TON","GDP, PPP (constant 2021 international $)","NY.GDP.MKTP.PP.KD","","","","","","","","","","","","","","","","","","","","","","","","","","","","","","","447492905.471802","476199367.565696","477399263.283115","495244725.141582","519771825.362002","552144047.463637","552657089.646275","549338174.678252","561932172.598502","574870450.697036","596451647.627828","605353576.666512","632166040.144356","632493536.575052","620046396.446201","615968656.957976","602628849.033662","587778219.356099","616360941.499067","584746690.50674","589567324.178473","629090133.928492","634876259.792003","637377180.417817","650064413.478271","657304467.03541","700678008.975764","723115959.326882","726932768.434168","724859477.783984","737951796.548944","731052538.408938","715491728.632149","735455000.742453","748079365.867026","769025588.111302",
"South Asia (IDA & IBRD)","TSA","GDP, PPP (constant 2021 international $)","NY.GDP.MKTP.PP.KD","","","","","","","","","","","","","","","","","","","","","","","","","","","","","","","2195868422038.77","2229182495585.05","2349945471294.78","2462845422940.7","2619233320950.36","2807309538986.04","3005835412003.84","3131907527105.15","3319275393972.92","3591546770498.64","3738320225154.94","3911405907608.34","4058638406252.07","4360668617318.29","4689403161165.54","5048612951614.99","5445849334568.29","5856034912165.85","6059990258491.86","6508962935492.26","7040906137076.85","7423569599949.43","7841923338604.05","8331462576637.69","8934640672338.05","9622886930643.57","10390395967779","11095444187614.6","11808230947750.9","12298136124928.5","11696380852549.4","12776195414008","13692289943372.9","14625271493468.6","15611531104855.6","16720061514033.7",
"Sub-Saharan Africa (IDA & IBRD countries)","TSS","GDP, PPP (constant 2021 international $)","NY.GDP.MKTP.PP.KD","","","","","","","","","","","","","","","","","","","","","","","","","","","","","","","1968483946031.99","1978305611449.4","1973512569055.52","1949450589695.19","1964907920239.23","2028337053082.44","2133608663441.9","2220852434894.67","2279575032745.89","2327822583219.37","2407703337638.44","2513324453076.9","2682436345253.03","2796489763772.87","2988324144569.87","3169569333175.88","3362565566429.4","3570550268644.45","3761912816572.57","3896522562586.65","4142966476930.36","4332164128716.8","4510924169343.73","4753089854175.4","4990090470156.27","5143739255533.8","5215153737217.39","5350560748133.54","5505173500025.45","5649729890148.51","5464438962722.29","5655469047138.82","5889462381744.76","6054224301952.24","6285750608976.13","6559866844468.3",
"Trinidad and Tobago","TTO","GDP, PPP (constant 2021 international $)","NY.GDP.MKTP.PP.KD","","","","","","","","","","","","","","","","","","","","","","","","","","","","","","","14863118827.718","15325719707.2085","16872541457.4721","16759644791.1032","17357491589.6957","18018796943.179","19304343950.5198","20756581682.4735","22442963444.7614","24243970335.001","25917133906.8889","26997495849.2068","29140208717.5596","33348343210.0974","35999553673.2651","38234743597.7504","43284810939.6791","45342661620.4014","46880565486.7661","44821697980.9085","46311223723.7743","46174904594.8612","49273585275.4739","50933214684.6203","52802906023.7738","52588376640.6351","48625125652.9004","46255745100.7571","45818420297.0329","46032728869.3384","41987005233.0412","41686067308.9332","42045093076.7813","42661667327.1124","43732137356.2569","43387629321.9822",
"Tunisia","TUN","GDP, PPP (constant 2021 international $)","NY.GDP.MKTP.PP.KD","","","","","","","","","","","","","","","","","","","","","","","","","","","","","","","56128703390.6372","58320274042.5851","62872596514.8034","64249398779.2327","66291508944.4095","67850466373.9389","72699115638.0645","76654633445.7125","80321609038.3336","85184788873.2413","89196969355.8529","92583128626.8944","93807593412.6594","98218801247.0764","104343520142.724","107981504493.715","113644162389.967","121269141301.858","126408262506.873","130255434928.525","134125496815.208","131380438935.073","136920327837.703","140247397280.477","144581501910.974","145980811141.49","147611755424.858","150936879048.528","154871757681.359","157272414033.076","143157016349.666","149936984870.616","154063681928.083","154347183057.376","156839034439.788","160749204258.598",
"Turkiye","TUR","GDP, PPP (constant 2021 international $)","NY.GDP.MKTP.PP.KD","","","","","","","","","","","","","","","","","","","","","","","","","","","","","","","682505591964.96","687421536684.635","722037575720.223","777282585537.199","740997888983.529","799375680239.613","856593380523.765","919620342574.22","937171946463.8","908562237208.12","972027916852.394","918960943249.084","978100755969.014","1034821730499.14","1137531983651.84","1241179091458.81","1328900988579.59","1396783711390.71","1409635772832.29","1340807571289.78","1455342015326.93","1615138023254.75","1692787834404.26","1836476014441.7","1920968501406.7","2032491746703.96","2100044965183.79","2264391487395.45","2342924050076.82","2373420103722.98","2416214350889.36","2701595710002.02","2848595614232.43","2992310786629.76","3091883611271.66","3203334425248.63",
"Tuvalu","TUV","GDP, PPP (constant 2021 international $)","NY.GDP.MKTP.PP.KD","","","","","","","","","","","","","","","","","","","","","","","","","","","","","","","27452233.3979762","28443034.6997172","29236250.8891697","30438101.6395432","33568166.3264843","31888263.5448756","29987286.0170427","32987005.0336101","38100375.483878","37504534.8278545","37157624.3360794","37416104.9293648","40528129.9170141","38764837.7411296","38032903.4713304","36607944.0870675","37084227.520333","39645068.950696","42253397.236548","39878789.1724043","38894475.9723155","41819383.2947606","40626375.5342361","42172218.5897344","42875324.712626","46896585.9165463","49136603.6751887","50742402.201863","51446038.9041455","58363733.0031972","56595135.0334033","56595135.0334033","50405042.1391248","52173640.1089187","53942238.0787125","54826537.0636095",
"Tanzania","TZA","GDP, PPP (constant 2021 international $)","NY.GDP.MKTP.PP.KD","","","","","","","","","","","","","","","","","","","","","","","","","","","","","","","45548129428.1548","46491881301.4301","46763543653.4223","47327418840.9974","48069352690.1593","49785386216.9528","52047816781.4102","53882647114.4695","55880891332.3396","58598861751.0546","61247990089.9863","64966238148.1991","69574420093.5316","74216974922.1865","79786079165.5657","85751141168.8186","91352595553.1122","97535828141.9214","103082121917","108513627413.436","115389618835.616","124242489748.378","129833592573.948","138638368792.753","147972144106.593","157088158594.028","167875584975.536","179169028787.744","189028119923.261","199991750878.748","203975515772.129","212790081675.953","222506089071.156","233786087616.827","246705840510.802","261145208412.056",
"Uganda","UGA","GDP, PPP (constant 2021 international $)","NY.GDP.MKTP.PP.KD","","","","","","","","","","","","","","","","","","","","","","","","","","","","","","","18976161859.31","20030116010.2769","20714816861.9274","22439593108.7076","23876542912.9441","26627895166.6682","29043608326.1892","30524832892.4193","32022156984.4972","34601204977.308","35688342775.5911","37538305526.1714","40816407789.0528","43458559445.72","46416884994.9654","49356264462.1979","54679211422.7984","59279059602.2664","64441525832.5968","68824527391.806","72704586957.4991","79532751291.9507","82584785315.0513","85547023791.0966","89915317733.6013","94579998410.3165","99101868411.0026","102205149786.109","108648084530.548","115643657676.452","119056656372.302","123267190675.87","128922716406.488","135803286914.102","144026964626.23","153146480646.109",
"Ukraine","UKR","GDP, PPP (constant 2021 international $)","NY.GDP.MKTP.PP.KD","","","","","","","","","","","","","","","","","","","","","","","","","","","","","","","1187655664310.51","1084329621518.8","976980988966.299","838249688539.295","646290509870.265","567443067661.32","510698760895.188","495377798076.383","485965619902.323","484993688662","513608316294.266","558805848147.022","588644109011.223","644663072355.381","720703354358.266","742837814816.739","799081191364.895","864732459089.884","884132659139.896","750306202906.028","781008765492.42","823536885927.983","824791255865.669","825166033543.79","741998415578.487","669483005304.321","685824964588.112","702010243648.534","726498904612.503","749743265134.165","721606765377.531","746470597165.436","531796221835.605","561229725741.223","579459129957.29","590014115732.775",
"Upper middle income","UMC","GDP, PPP (constant 2021 international $)","NY.GDP.MKTP.PP.KD","","","","","","","","","","","","","","","","","","","","","","","","","","","","","","","13021622009789.5","13276010563257.8","13715091289211.5","14325672580355.9","14876468446032","15455349575442.5","16335236864252.9","17245187108876.8","17604661301306.6","18124397743683.1","19187223937848.4","19827554140328.7","20761451472365.8","21934221749801.4","23639584825885.8","25302316629898.2","27341171241745.1","29745274885306.1","31472419034972.9","32297881182535","34906017117271.1","37195500781943.7","39213108675607.7","41307278658546.5","43209396749307","44988242549466.3","47002777398323","49424819350796.2","51742860674538.5","53834881894872.7","53327081790856.8","57167014516834.2","59110891411666.7","61753143040267.5","64337062986163.3","66962886121421.8",
"Uruguay","URY","GDP, PPP (constant 2021 international $)","NY.GDP.MKTP.PP.KD","","","","","","","","","","","","","","","","","","","","","","","","","","","","","","","43650514353.8206","45195222468.0374","48779921496.9731","50076270401.7065","53722495233.0414","52944808945.9569","55898048027.118","60676036088.0837","63417919473.9934","62453367215.2554","61248060548.4716","58893605503.3741","54339947676.4437","54777538534.9872","57518694402.153","61809665004.1468","64342981936.8706","68551985078.2984","73471374697.9385","76589128217.9562","82565691640.7161","86827842475.9207","89899966721.9326","94069112406.1422","97115814568.443","97475862960.7815","99123008367.4949","100848121902.711","101014297026.549","101952064290.964","94451117467.5079","99971098860.1584","104575997616.389","105372604484.837","108877043424.8","110820184181.269",
"United States","USA","GDP, PPP (constant 2021 international $)","NY.GDP.MKTP.PP.KD","","","","","","","","","","","","","","","","","","","","","","","","","","","","","","","11079319700573","11067319371015.3","11457165382935.6","11772443185976.9","12246757597389.7","12575513322951","13049958855286.1","13630307220970.8","14241372070381.9","14923309497831.2","15531820240832.3","15680232737760.5","15946866836810.3","16392678397137.2","17023431236172.9","17616450964293.4","18106988023981.4","18469826407095.1","18490805774529.2","18014390119987.1","18499912627046.6","18789326527808.2","19219435517265.4","19626470506630.5","20121807258768","20714505243484.2","21091395615523.2","21609742457818.2","22250796562799.2","22825718280631.8","22350629263579.3","23725645000000.1","24324531017265.7","25038301109944.5","25737667720036.7","26293957026094.2",
"Uzbekistan","UZB","GDP, PPP (constant 2021 international $)","NY.GDP.MKTP.PP.KD","","","","","","","","","","","","","","","","","","","","","","","","","","","","","","","86762950998.306","86336077274.9146","76666436622.4414","74903108576.7599","71008146935.9612","70369073609.6597","71565347863.1786","75286745949.6049","78524076026.238","81900611296.775","85041499740.1212","88582490234.6647","92102305024.6349","96000652406.1406","103151741585.251","110320795047.906","118541259153.216","129770678921.942","141487882475.758","152878977560.146","164493450262.453","177863373966.665","190948464705.833","206074972304.676","221971058053.853","239606162717.609","255686324524.698","267704282407.902","283026829072.271","302253721741.697","307155137056.892","332355634582.91","352582543777.539","374851763165.444","399877571452.804","430666644031.363",
"St. Vincent and the Grenadines","VCT","GDP, PPP (constant 2021 international $)","NY.GDP.MKTP.PP.KD","","","","","","","","","","","","","","","","","","","","","","","","","","","","","","","834942552.411752","844423952.97463","898280811.336218","936464310.220364","924780762.686118","996605250.052854","1009440648.69222","1044823066.3993","1087558366.52268","1117034577.4395","1135343130.54182","1155191551.33668","1216903351.96143","1298330451.98924","1351752839.57502","1385391984.07456","1482326839.71733","1531584095.12521","1537781509.39271","1516587902.96207","1448789327.05288","1440005655.63378","1456840937.20069","1492715414.69273","1509817861.03478","1551867766.84255","1616265328.78124","1641286760.33628","1693407650.5001","1704726869.5369","1631953369.20067","1666116701.3437","1717946809.56485","1809450922.35483","1882947831.4265","1946820567.41988",
"Venezuela, RB","VEN","GDP, PPP (constant 2021 international $)","NY.GDP.MKTP.PP.KD","","","","","","","","","","","","","","","","","","","","","","","","","","","","","","","","","","","","","","","","","","","","","","","","","","","","","","","","","","","","","","","","","","",
"British Virgin Islands","VGB","GDP, PPP (constant 2021 international $)","NY.GDP.MKTP.PP.KD","","","","","","","","","","","","","","","","","","","","","","","","","","","","","","","","","","","","","","","","","","","","","","","","","","","","","","","","","","","","","","","","","","",
"Virgin Islands (U.S.)","VIR","GDP, PPP (constant 2021 international $)","NY.GDP.MKTP.PP.KD","","","","","","","","","","","","","","","","","","","","","","","","","","","","","","","","","","","","","","","","","","","5891955133.95725","5868618225.98452","6061454781.33813","6272715211.40706","6492573449.67647","6752964212.31957","6835257519.3813","6384486718.0133","6422562725.75828","5895639908.90031","5022348247.39445","4706685860.60542","4623164295.22933","4603512162.19966","4677207661.06091","4642816428.259","4730022768.57815","4867587699.78582","4788979167.66715","4964620106.61981","4899522415.95903","","","",
"Viet Nam","VNM","GDP, PPP (constant 2021 international $)","NY.GDP.MKTP.PP.KD","","","","","","","","","","","","","","","","","","","","","","","","","","","","","","","161662915527.566","171299389618.391","186110016142.367","201134176471.976","218912388019.209","239797680998.61","262194826367.016","283569169231.976","299915387686.359","314232109294.403","335560036797.161","356340911874.838","378864583034.311","405002691161.065","435525356944.074","468395534555.077","501079963291.044","536804481752.599","567197123348.626","597813842917.616","636212889630.382","677014296785.697","714280851405.542","753948515703.971","802368922391.051","858431677101.791","915860832928.699","979423318291.117","1052537336148.14","1129996323741.92","1162375387665.02","1192059299524.62","1293831367134.98","1358246826635.8","1453861317894.41","1570443985263.57",
"Vanuatu","VUT","GDP, PPP (constant 2021 international $)","NY.GDP.MKTP.PP.KD","","","","","","","","","","","","","","","","","","","","","","","","","","","","","","","522927053.302372","539386906.455891","553332289.579927","557401760.811852","608022012.721163","614126219.569051","628418996.578739","659254339.571862","667012803.018094","669262591.991841","708915122.654135","684829146.582253","649229544.585901","677070683.136022","704068150.820989","741421264.811586","804150675.020772","827277182.265614","873612909.585217","900147185.422651","911478843.121297","940097482.272642","949592915.147132","953993237.698729","983615962.890393","1018052482.56832","1054904030.89899","1099456024.12576","1127110948.19297","1164043810.61969","1097398777.49565","1084632464.41552","1145284648.66055","1212051652.92867","1257693255.04253","1296097902.60779",
"World","WLD","GDP, PPP (constant 2021 international $)","NY.GDP.MKTP.PP.KD","","","","","","","","","","","","","","","","","","","","","","","","","","","","","","","59746506695070.8","60258490453632.9","61053199066222.2","61978794358266.6","63652014872827.9","65638271921048.2","68072956904075.7","70778368389422.5","72514571649883.9","75129460995882.4","78748266091431.4","80651158295442.6","82913446416270.6","85953247177966.8","90382276783125.5","94536020338348.9","99458127988160.4","104664529164622","107616102342598","106900393523163","112369774826691","116779323374085","120457639815694","124396248689855","128707260097480","132979475190067","137269733552341","142488808751000","147685397273163","152051967520231","147750738921631","157405903630917","163140044693829","168473707388178","174159721560706","180028791385506",
"Samoa","WSM","GDP, PPP (constant 2021 international $)","NY.GDP.MKTP.PP.KD","","","","","","","","","","","","","","","","","","","","","","","","","","","","","","","674720673.487926","659202014.423765","657883695.134873","684856867.492572","667447117.770502","711990156.602083","763103707.930578","768013707.996321","784870761.904924","802023597.326865","842871017.582671","905160273.605946","956319562.954837","1006168953.12168","1037232007.13818","1106095952.03137","1129679324.09399","1135169368.48024","1175537179.45002","1169169557.8477","1240777918.68632","1288536427.9208","1240446570.64166","1241777486.41039","1249972271.19861","1298100726.24755","1401739308.25559","1421451721.43745","1412785882.19176","1475681116.46463","1429807431.30773","1357695009.1928","1388474676.09324","1599989444.12266","1675963125.15527","1746427429.23631",
"Kosovo","XKX","GDP, PPP (constant 2021 international $)","NY.GDP.MKTP.PP.KD","","","","","","","","","","","","","","","","","","","","","","","","","","","","","","","","","","","","","","","","","","","","","","","","","12783215864.1531","13426832137.1099","14090111060.1128","14980579340.1627","15237076214.2456","16050857846.4579","16588369741.9438","17569776062.0314","18548724460.525","19443822031.0101","20106201546.9493","21062613456.7557","19937811875.2436","22080260569.6251","23024964288.081","23961533955.5107","25057318186.2675","25957420010.1374",
"Yemen, Rep.","YEM","GDP, PPP (constant 2021 international $)","NY.GDP.MKTP.PP.KD","","","","","","","","","","","","","","","","","","","","","","","","","","","","","","","","","","","","","","","","","","","","","","","","","","","","","","","","","","","","","","","","","","",
"South Africa","ZAF","GDP, PPP (constant 2021 international $)","NY.GDP.MKTP.PP.KD","","","","","","","","","","","","","","","","","","","","","","","","","","","","","","","440514077745.286","436028565317.32","426710491662.883","431974212807.832","445797387630.52","459617106649.492","479380642222.863","491844538927.673","494303761623.99","506167051890.428","527426068073.259","541666571912.244","561710263094.67","578275522662.262","604613427770.691","636519192589.613","672188496216.463","708220986149.727","730820628629.955","719579955942.789","741453264470.679","764946628434.862","783276527270.763","802744614772.334","814094030479.901","824855232040.714","830336826521.729","839951686494.254","853027918674.021","855245241715.343","802485866495.244","841475835218.983","858794557506.174","865717339517.612","870347572712.603","880048693753.752",
"Zambia","ZMB","GDP, PPP (constant 2021 international $)","NY.GDP.MKTP.PP.KD","","","","","","","","","","","","","","","","","","","","","","","","","","","","","","","18882326322.7063","18875503499.2502","18548783223.817","19809594852.308","18100929747.3339","18625434758.0416","19783666077.2382","20538216584.6418","20458991205.7525","21410373117.0139","22244804500.7749","23427531453.9309","24483179366.7729","26183529803.8137","28024859074.7115","30052625499.5098","32427893191.6314","35136412295.8885","37867880381.0486","41359430886.098","45618717444.334","48159338865.8523","51818187350.1798","54438911322.4803","56993883582.1163","58658318773.7131","60860997487.8084","63006872740.5941","65548881175.7971","66493641150.1842","64641756629.1277","68672119764.9363","72250777479.1933","76129157926.5195","79037328495.5792","82007336609.4816",
"Zimbabwe","ZWE","GDP, PPP (constant 2021 international $)","NY.GDP.MKTP.PP.KD","","","","","","","","","","","","","","","","","","","","","","","","","","","","","","","61663750293.2443","65074859696.5098","59207993170.2942","59830488367.0535","65355974976.573","65459260179.2571","72241322923.8938","74177785048.9221","76318033093.8165","75693831513.049","73378268035.3744","74434560881.4681","67814341465.9284","56289244401.7558","53020224218.9629","49992172719.875","48261742201.8917","46498619663.3679","38282779114.961","43363690467.9267","51895673362.0952","59261701480.7384","69137918289.5201","70513407176.7213","72189500723.1107","73474368124.5083","74029683033.3521","77534552621.6137","81418972876.6541","76263157323.8993","70301703988.4505","76254864070.4384","80936350936.2514","85267148879.06","86696647982.2886","93724896788.0527",
