"Data Source","World Development Indicators",

"Last Updated Date","2026-07-13",

"Country Name","Country Code","Indicator Name","Indicator Code","1960","1961","1962","1963","1964","1965","1966","1967","1968","1969","1970","1971","1972","1973","1974","1975","1976","1977","1978","1979","1980","1981","1982","1983","1984","1985","1986","1987","1988","1989","1990","1991","1992","1993","1994","1995","1996","1997","1998","1999","2000","2001","2002","2003","2004","2005","2006","2007","2008","2009","2010","2011","2012","2013","2014","2015","2016","2017","2018","2019","2020","2021","2022","2023","2024","2025",
"Aruba","ABW","GDP (constant 2015 US$)","NY.GDP.MKTP.KD","","","","","","","","","","","","","","","","","","","","","","","","","","","967924669.426005","1123551773.16707","1333078995.9507","1494779352.50098","1553993567.53506","1677736082.04648","1776426456.79667","1906242252.98798","2062628485.83087","2115166597.09495","2140247999.59914","2291068600.65849","2336706330.90095","2365635733.00384","2545966267.78226","2652438618.61234","2627374307.5502","2656551420.08012","2850313056.72604","2839392433.63397","2871404069.44201","2960117372.63583","3014457880.39871","2662437285.4367","2589660712.61171","2676912524.28603","2649051221.82866","2819423912.92302","2859631703.57391","2962906703.91061","2999478909.44476","3104263601.09893","3203987172.7481","3243368791.69297","2466904380.69","2832837377.86958","3133343655.36878","3431523924.65298","3665237356.33639","",
"Africa Eastern and Southern","AFE","GDP (constant 2015 US$)","NY.GDP.MKTP.KD","154305147879.483","154951076200.567","167249681779.316","176656334265.69","184871470772.949","194370450192.529","203753815221.304","214631830668.565","223552997186.881","235001946030.78","237615970026.247","250643212371.397","257570362585.723","269472828294.159","284219648106.144","288126802029.171","294893971866.124","298167519460.302","302581740510.117","311439869941.689","328421157711.414","341323351628.666","342377130045.501","342593887446.628","354262631781.422","353957018357.914","361994952077.806","376252507130.125","392379846000.569","402841164298.095","403329601596.887","402901735021.257","393248220517.701","389948875251.46","397443536782.507","414747938205.659","437554497336.446","454428117758.243","462493023138.114","474675656820.177","489774839579.489","506933350116.767","526789156387.883","542641656787.667","573217790338.928","608606705623.434","649002734406.452","692501255768.634","723243701061.761","729889709678.908","768830878585.468","797979105937.12","812982148861.25","850655742324.312","883970498430.359","909905339457.167","930764924653.388","955698838744.12","981562031627.013","1000561073932.47","971236989040.354","1014482704419.61","1051694225642.19","1072111623592.75","1102001360919.78","1143249446768.12",
"Afghanistan","AFG","GDP (constant 2015 US$)","NY.GDP.MKTP.KD","","","","","","","","","","","","","","","","","","","","","","","","","","","","","","","","","","","","","","","","","6206547590.07403","5621147630.73068","7228795918.92525","7867263256.28817","7978515641.58304","8874480195.58321","9349921885.77888","10642671963.1135","11060395115.6809","13426272073.2398","15354612541.5059","15420077665.5323","17386490239.3536","18360263162.7578","18860496494.0404","19134221644.7325","19566715174.1633","20084646751.4954","20323499020.3639","21118473702.3471","20621957125.2077","16345202562.5485","15325233810.1388","15672648238.1005","15966227156.538","",
"Africa Western and Central","AFW","GDP (constant 2015 US$)","NY.GDP.MKTP.KD","110365745470.193","112429135898.678","116618263318.401","124826056712.771","131522450398.234","136922314987.168","134850736285.192","122759581851.839","124692544543.257","143417030186.76","168241315205.985","185750385460.306","191633584374.918","199149225452.946","218896783237.463","214488398821.095","232552880017.676","243159872520.707","238502695160.062","250501369031.577","255182088308.919","238236575766.817","230444780408.294","215951352727.224","216995920740.691","228539883078.537","231434027799.624","234698694034.025","245873388994.139","250111041736.179","264118859239.114","267072069350.346","273185770322.5","269565068912.566","268948105291.085","273928643456.074","286589236203.22","299163526124.645","309980005629.656","314685670206.216","326681308271.75","343827259045.611","378014334343.861","399282895865.352","431510602302.785","456527409674.039","480666156445.854","506849675483.645","538328363237.086","571387408829.944","611388224267.602","641480947279.533","674386929443.408","715164775061.073","755868545379.953","778037497377.313","779408179407.793","797356083809.555","820479044942.052","847416540470.494","815902870911.023","836671456137.296","874130137799.265","905988605069.203","947629502494.46","991221406822.122",
"Angola","AGO","GDP (constant 2015 US$)","NY.GDP.MKTP.KD","","","","","","","","","","","","","","","","","","","","","25920531977.0214","24780028254.1518","24780028254.1518","25820789794.8182","27370037741.5508","28327988922.9414","29149501095.313","30339601953.4225","32199082928.503","32212484657.516","31101122147.9405","31409446015.0835","29575674380.5177","22482416932.2805","22783538204.3008","26201068941.4005","29749838598.7982","31913924370.8939","33411053301.7686","34139911993.9942","35182758019.4097","36662544314.0008","41672733511.8362","43125991915.4198","48050921277.9409","54852422288.0609","61347946235.8253","69324828859.5048","76802645840.6279","78335311067.9143","82482120582.995","85446420442.044","92712034533.4741","97239220009.3318","101766409287.935","102543067840.819","102304063580.932","102135580392.604","101618061915.596","100545753428.833","95243481886.3369","96282191774.5762","99707423108.6562","101023726479.201","106027106965.762","109349503922.107",
"Albania","ALB","GDP (constant 2015 US$)","NY.GDP.MKTP.KD","","","","","","","","","","","","","","","","","","","","","4872357833.48621","5152305744.73323","5304226467.10994","5362834894.84554","5295713833.27528","5390011641.7466","5693859705.34246","5649001049.87206","5568782994.815","6116559061.23727","5530859374.75169","3982100297.96084","3695902333.01319","4049208851.98817","4385409261.20229","4969648100.72759","5334237832.94103","4709514660.14116","5100876515.377","5725771032.93267","6153077235.62289","6698469429.12028","7008501111.79519","7382282996.75923","7771053341.65332","8169772250.74253","8661509309.89701","9224515436.60112","9861658465.33864","10127011190.7491","10428102872.2706","10685000942.5337","10790155229.5092","10974367815.094","11220218560.8998","11470171826.9575","11918533446.9749","12309839868.7084","12761785703.1071","13025007474.8895","12593390460.142","13722964212.462","14385344334.623","14962975920.9066","15568367220.7999","16158243058.8297",
"Andorra","AND","GDP (constant 2015 US$)","NY.GDP.MKTP.KD","","","","","","","","","","","859121720.677023","899066287.442032","972337884.010709","1048068101.62075","1106956843.40263","1112958826.16902","1149728615.77638","1182364531.3744","1199662526.47625","1200161072.91193","1226669361.91159","1225044337.89951","1240314039.4968","1262269064.92566","1284796612.69585","1314622305.68634","1357391200.11924","1432687348.19433","1505673115.05845","1578352472.35328","1638036096.2221","1679740553.06772","1695348938.12452","1677861678.47175","1717848180.14263","1765217871.42347","1847295889.3575","2014802622.42419","2079171403.48522","2164398280.23315","2240766094.49987","2422701909.41887","2532846713.57798","2753057566.67362","2977037419.70729","3137731826.02032","3288615581.7484","3339693968.96825","3154034157.09556","2986780565.81575","2927792904.09907","2927556638.43132","2781926981.12431","2683235436.47838","2750436142.83613","2789881258.60547","2893376871.82913","2903390035.8436","2949518094.78664","3008967037.09274","2672445970.98414","2893905656.89506","3170696512.04547","3252613194.28066","3377811496.69972","3508466410.96936",
"Arab World","ARB","GDP (constant 2015 US$)","NY.GDP.MKTP.KD","","","","","","","257754537863.242","275246616630.622","304919969048.024","327650708086.541","402817736104.685","432966910415.846","493319004158.438","558888518169.604","617646725511.936","617406023924.53","705761231168.553","752265105045.676","774488956906.384","856954522097.943","910763833347.987","918649264929.83","863772312510.136","831292925645.847","841645378319.456","834519949493.471","828086138084.752","830190249986.46","857413830460.606","889938076622.062","959639429334.876","952981017338.167","1015651907464.57","1048718228145.68","1083907612570.11","1114268868515.05","1167920827657.54","1231763017347.56","1290523949179.56","1326380717880.33","1410422739425.07","1440660496172.62","1459294917437.01","1520468514448.92","1658639699658.35","1751176396361.22","1861644304791.18","1947827477465.5","2056854003443.43","2070860109522.11","2168946517568.13","2252420739997.23","2375884472392","2437316444750.17","2500388675785.57","2584151265962.58","2676468941692.91","2712099967421.58","2784523435071.95","2833238460472.72","2683461741006.24","2802376771055.43","2998450003632.71","3047886326783.24","3109003094904.36","3223339169009.29",
"United Arab Emirates","ARE","GDP (constant 2015 US$)","NY.GDP.MKTP.KD","","","","","","","","","","","13966074001.8245","19079385786.6452","26535540606.2097","46867112958.5302","53661926336.268","57003782314.576","66424614559.7911","80665852296.705","79383572280.2415","95993384098.2552","118911400791.779","124451915974.059","116089811549.844","110580108175.276","115022263754.173","110887366579.005","94301087257.4771","97489831986.9554","94936520957.0187","106650141006.735","126196683288.874","127282106423.381","131540051388.686","133198900253.156","142384397291.437","151906594919.073","160714976106.725","173877954756.643","174386072208.874","179446849173.821","198921924880.306","201704686675.699","206612917837.677","224796049036.595","246301222105.371","258259482836.718","283665189297.709","292698259936.258","302040639158.395","286204884318.804","290792319431.216","310381577991.262","324917543197.553","340898452024.167","356691997288.357","381973135513.065","403584799169.773","399301266566.886","405439350953.112","410593665764.859","374898977910.719","391967383829.611","421421867518.393","439547797217.97","457093718948.957","",
"Argentina","ARG","GDP (constant 2015 US$)","NY.GDP.MKTP.KD","150797810295.884","158982878499.524","157628310158.567","149261089202.812","164381681831.918","181755894112.433","180556802912.311","186320169964.576","195305461613.156","214210104570.482","220734180309.322","233223609573.669","237021461356.448","243685921868.226","257171024124.452","257097956426.363","251909073021.038","269376820356.431","257238364643.474","283535234199.299","287841521828.634","272903153784.458","270895516738.16","282677015450.457","287117132733.287","272218554792.861","288969188904.054","296785426416.393","293550663101.649","272541389928.67","265817211205.311","290094591011.844","313120244489.89","338817957426.035","358592053441.545","348389357874.283","367643757074.802","397463514160.866","412766570325.764","398792535409.293","395646066535.875","378202665751.853","336999433710.193","366780211148.674","399898899166.738","435296589745.339","470325565798.353","512690850741.56","533491913656.279","501917060966.235","552738161802.463","585924294024.785","579910247223.428","593858966307.156","578937574935.696","594749285413.212","582376550428.09","598790850843.677","583118120294.002","571450737224.442","514874343768.066","568636554720.066","602872713790.916","591684674129.454","583738758865.705","609232576079.322",
"Armenia","ARM","GDP (constant 2015 US$)","NY.GDP.MKTP.KD","","","","","","","","","","","","","","","","","","","","","","","","","","","","","","","5839777093.95123","5156523262.60518","3001096397.25066","2736999950.50702","2884798023.90046","3083849041.96219","3264729146.7809","3373153403.74995","3619393601.80914","3738833590.68989","3959424772.65728","4339529550.80371","4912347451.42022","5600076094.6952","6188084084.57212","7048227772.27278","7978593838.17516","9071661194.12856","9697605816.5624","8330243396.35924","8513508751.09706","8913643662.28574","9555426006.05632","9870755064.25618","10226102246.6276","10553337518.414","10574444193.4325","11367527508.1135","11958638938.496","12867495497.6469","11941035821.9185","12633615899.6682","14225451502.9981","15406163977.6894","16315127652.4443","17489816843.4203",
"American Samoa","ASM","GDP (constant 2015 US$)","NY.GDP.MKTP.KD","","","","","","","","","","","","","","","","","","","","","","","","","","","","","","","","","","","","","","","","","","","744923664.122138","752116030.534351","755198473.282443","752116030.534351","721291603.053435","734648854.961832","715126717.557252","685329770.992367","687384732.824428","687384732.824428","657587786.259542","641148091.603054","652450381.679389","673000000","661697709.923664","615461068.70229","631900763.358779","628818320.610687","656560305.343511","651422900.763359","662725190.839695","","","",
"Antigua and Barbuda","ATG","GDP (constant 2015 US$)","NY.GDP.MKTP.KD","","","","","","","","","","","","","","","","","","387163203.126708","404134550.442489","436786384.138376","472436818.308071","490457675.789685","490048110.846921","516333403.780737","568819882.561907","612299589.432117","682675279.820441","727910265.016782","765857188.329832","806082316.637007","830360009.985309","848435719.914615","858265278.54095","903580713.993905","963907435.965129","921883147.37367","982773021.141193","1036543047.19835","1085584792.26449","1125835518.38058","1195677311.61138","1141296594.96992","1153020391.45654","1223085251.30795","1293621842.2095","1377366902.51519","1552404719.92894","1697014056.19323","1696776362.25323","1493793051.15554","1376672104.84443","1349706641.55924","1395234173.14327","1386849062.30615","1417336052.73314","1437485185.18519","1496714858.20258","1537316639.9839","1640501407.75149","1692541753.29144","1373179832.3414","1485407940.31841","1611634392.94633","1673932146.2046","1716457420.48498","1802246648.67464",
"Australia","AUS","GDP (constant 2015 US$)","NY.GDP.MKTP.KD","205087842011.627","210175778904.47","212901615358.772","226132122992.082","241910654447.632","256370876810.039","262475153273.507","279029197366.433","293246097179.704","313912916257.011","336435225747.478","349895953946.509","363566313880.18","373086464591.143","388407674435.11","393607290138.968","403793146388.209","418298913740.583","422044209285.37","439143545449.951","452469510390.999","467592942675.796","483157475068.901","472403242301.035","493965987482.343","520055779885.535","540700762323.817","554525226538.608","586473477240.243","609222887776.571","630990273460.742","628563287009.097","631285380039.566","656826136947.271","682960226532.486","709528553282.314","736956619705.757","765830271632.661","801646726961.596","841955290889.975","874926744105.928","892700520464.398","927960453450.18","956646310281.468","997006658239.536","1028467016034.95","1056965077770.63","1097018464974.4","1136774249983.46","1158996461663.32","1184610839239.74","1212979128949.21","1260921781880.75","1294392358274.42","1328061960035.21","1356805839935.9","1394194533274.64","1426167740135.16","1467158231105.1","1499347932643.95","1497345824797.34","1527396783519.68","1592357665099.43","1649424913623.6","1672078242948.22","1694657951604.12",
"Austria","AUT","GDP (constant 2015 US$)","NY.GDP.MKTP.KD","83828674730.2882","88471089153.8992","90814400424.5877","94572543543.195","100364500379.275","103857360171.761","109717887090.405","113018253148.743","118072782494.723","125482873332.846","134420862375.869","141296447063.219","150067933491.104","157406909711.428","163612107622.726","163016991844.158","170480635017.674","179141019237.625","178763652138.156","188339484583.623","191600555442.365","191324085936.135","195172100328.629","200974738307.012","201077788420.254","206102076591.173","210845294931.656","213706819792.775","220750339732.747","229331070530.385","239296977478.175","247532688033.224","252714845320.178","254046171814.293","260148661734.735","267089386116.812","273007464944.44","278865754830.707","288606201090.647","299463348050.583","309014800203.266","313084486481.847","317731814841.85","321358930178.288","329602607297.434","337250591306.488","348276446349.075","361424664731.668","366677269701.416","353527252121.64","359922497999.326","370459113959.145","372786509411.403","371851835129.742","374662287024.534","379546097300.633","387581921834.297","396388751744.592","406235924915.185","413365268699.049","387247796560.501","406312360757.929","427972725600.496","424607814488.72","421809268656.554","424406547759.14",
"Azerbaijan","AZE","GDP (constant 2015 US$)","NY.GDP.MKTP.KD","","","","","","","","","","","","","","","","","","","","","","","","","","","","","","","20567069388.6795","20423099866.8225","15807479230.2505","12155951730.5819","9761229088.93276","8609404143.53992","8721326346.14884","9227163287.12935","10149879579.9982","10900970800.8244","12110978466.342","13309965318.2008","14566281800.0274","16053251457.6915","17538787529.6067","22442902288.4162","30178120036.5547","37862439845.1581","41872616483.1256","45795872374.3607","47988959988.6111","47234094919.1645","48274633178.2711","51095520771.413","52524961505.7785","53076235354.746","51450192645.6866","51529227685.0867","52302373078.674","53599371924.6281","51348755387.0791","54232727563.5559","56789627303.7604","57558830022.9022","59952165317.7227","60821385330.4903",
"Burundi","BDI","GDP (constant 2015 US$)","NY.GDP.MKTP.KD","697959754.339106","602017263.885198","656579039.30025","683731257.621822","726621978.552538","755448711.768332","790297507.171932","899528624.137534","896849075.228019","883759193.989328","1072226769.77092","1101679002.54222","1031127865.64347","1102162787.28502","1094151832.10116","1101788139.15232","1189299435.72052","1325705576.052","1313236307.72665","1335101100.64043","1348332696.53429","1512334118.01185","1496400168.4635","1551996327.82165","1554410365.06677","1737569339.09844","1794043478.2316","1892771415.26471","1987997206.38758","2014825273.1497","2085340574.06338","2189541631.93147","2211655966.74626","2073648634.39054","1994227891.77222","1836285042.66912","1689382239.2934","1662521061.74171","1741490812.09292","1723901754.95176","1709130260.41104","1744266681.79557","1821825838.40298","1799531646.23167","1886514847.43907","1903493481.08303","2006544947.16489","2075660260.38688","2177549065.459","2260014499.81439","2375133693.99181","2470719237.95292","2579999920.33893","2707037177.57679","2821948416.12645","2810532912.49975","2900474875.81569","3011616941.92851","3172504889.35261","3313977733.08389","3324133212.76644","3431737891.10688","3511275322.19666","3625559221.94932","3774652142.62998","3934701368.14248",
"Belgium","BEL","GDP (constant 2015 US$)","NY.GDP.MKTP.KD","107240691377.591","112579586517.438","118447238126.414","123601569654.333","132200141516.243","136907339322.177","141227991046.425","146690897661.05","152843303774.484","162976509268.166","173329872813.631","180238502024.186","189783220555.824","201894619758.016","211111631064.729","206961299090.215","218660295776.641","220029447215.922","226282457072.755","231579894681.772","241871430005.578","241195922803.815","242631006628.437","243387634461.423","249390504366.821","253509919187.379","258130801744.636","264085000894.302","276558286707.311","286152555458.327","295130312078.184","300540270315.165","305140504242.68","302205439885.582","311957523163.918","319396952810.439","323617566812.874","335894554716.996","342484242936.573","354617493817.972","367797580320.048","371841895842.954","378188843981.109","382114274683.528","395760365336.901","404948883847.345","415284559725.448","430554259966.472","432478429044.827","424233482718.834","435731531598.616","444146182962.729","445104666468.521","446464436962.24","454346946885.841","461044767544.531","466547349432.055","473426439010.72","482317238282.145","494099718080.569","470417598101.755","499839663858.827","519956253598.61","528074098661.743","533871052348.802","539119634585.727",
"Benin","BEN","GDP (constant 2015 US$)","NY.GDP.MKTP.KD","1651120631.15842","1702986960.85679","1644635648.37988","1722427374.56795","1836981870.40947","1934229170.81725","2003394550.8974","2024999131.02193","2102806394.23342","2163314605.62541","2208695701.75521","2175635020.67241","2315449323.53487","2401263703.34438","2481449394.1221","2359973874.1976","2380844452.60757","2499497734.05871","2530868380.92301","2696279545.70683","2879134857.71386","3165730597.06271","3236486776.18013","3095770068.30471","3341259668.03857","3592867374.72505","3670873612.85602","3615810400.28745","3738937613.84945","3632222333.49652","3958255490.40473","4125523427.98874","4247544481.09719","4495438486.40154","4586264345.70312","4863513136.03406","5073825257.93663","5364793325.18214","5577293439.98873","5875201745.41607","6219354272.65514","6551040876.0552","6855207726.28555","7091272067.48876","7405393050.93385","7532259620.47862","7829312267.7691","8298002249.61043","8704320326.21926","8906198943.30981","9094481753.64081","9364019722.08608","9814543622.24071","10520350021.8969","11189200116.267","11388160996.7738","11768488383.3269","12435945492.7429","13268812302.6618","14179807374.6843","14725558723.2985","15779238957.3117","16765906414.7949","17831007125.9788","19159972710.8241","20706965104.7399",
"Burkina Faso","BFA","GDP (constant 2015 US$)","NY.GDP.MKTP.KD","1166782785.98608","1213966641.5058","1288368214.22299","1272031494.32608","1301069673.81082","1350049032.11506","1357307072.34754","1477066550.51673","1522423925.19439","1553269467.6992","1555087097.58311","1577065763.72581","1613519619.00794","1620769604.83282","1755073486.55337","1807697309.80526","1961982376.4042","1969248648.05364","2059988179.56406","2135478949.53865","2152496130.24403","2244091371.14198","2458675800.42369","2467182443.50436","2423298751.1015","2629699950.55815","2838902120.30277","2832192750.18472","2996335113.95777","3060764327.26471","3042310107.50399","3318247161.44233","3325969079.69165","3441093672.50713","3486344304.54047","3685636779.12882","4091600230.31209","4350059854.87114","4667950033.01846","5013156038.3976","5107828181.20084","5445629583.60137","5682675869.68484","6126066307.13183","6400419254.55947","6954815456.4763","7389711520.7284","7693530569.65392","8139754707.2893","8380850241.73524","9088720451.70527","9690626654.34607","10315931043.8746","10913490102.1529","11385699970.03","11832159315.6298","12537116611.6541","13314855313.1302","14194244128.6065","15030172259.3791","15332394848.5201","16396850182.5889","16663583086.9504","17163536264.1285","17993214415.8961","18945886455.8867",
"Bangladesh","BGD","GDP (constant 2015 US$)","NY.GDP.MKTP.KD","22255159273.9147","23603412614.6943","24890514014.5217","24777039582.3854","27490816335.8173","27932389835.4113","28649361769.9512","28111938729.2916","30779608227.8708","31155383509.3056","32906270043.7907","31103176561.8473","26756903051.3733","27646752077.9687","30298616455.7662","29059944148.1974","30705132551.2905","31525897954.6263","33755988819.6807","35376828058.6038","35666614469.1264","38246717277.6993","39063027610.8276","40579081837.574","42528220939.5754","43949520315.5326","45783701931.1458","47510847150.9471","48658831252.413","50039078963.9421","52852405164.9835","54694431891.2081","57671277832.2235","60388495684.6196","62737684522.6707","65950655693.3725","68933550573.3629","72028595646.2459","75757535399.2044","79295530763.5123","83492876905.7611","87732050538.1162","91094928770.2862","95412434316.9993","100411600213.555","106974447115.636","114111680586.242","122166366935.51","129513195397.247","136047297736.462","143627564998.204","152912195327.661","162884301114.117","172679520662.469","183145728910.398","195146608978.131","209028320490.615","222803809377.443","239111739541.452","257958323968.613","266852772253.895","285368829855.224","305629528154.311","323279976841.364","336932927922.21","348691572810.162",
"Bulgaria","BGR","GDP (constant 2015 US$)","NY.GDP.MKTP.KD","","","","","","","","","","","","","","","","","","","","","30370599960.313","31858809078.4739","32602573517.4569","33720942030.588","34866254670.1276","35801869191.0099","37308269594.595","39567104147.6112","43897601722.5727","42453422290.7239","38582784071.2185","35324330741.4984","32755408561.5247","32270558200.3249","32857240786.8744","33810861560.6968","35570878928.5363","30549915208.7641","31707486473.8409","29045298089.2644","30377671419.1597","31539223117.3354","33391184646.0874","35139932016.0581","37427690632.4498","40068719166.9668","42794430901.6819","45642137145.3704","48439798806.2002","46818449430.0631","47546646111.8377","48540454689.7673","48903932680.2008","48638504922.6532","49100303096.7466","50768512172.9373","52305086279.5727","53741345963.5537","54993600227.8576","57079683269.2842","55291242409.0405","59619536577.8514","62054317357.9063","63097767380.2873","65234945309.7356","67254858232.0129",
"Bahrain","BHR","GDP (constant 2015 US$)","NY.GDP.MKTP.KD","","","","","","","","","","","3916965157.58936","3979916383.27079","4420574963.04069","5036098060.16118","5462767480.23746","4980141415.73861","6497904126.31634","7343778517.94162","7627414969.64117","7892030438.49177","8095666863.54271","7665244757.71484","7086042175.65203","7537874924.95327","7915043505.51334","7538424480.61697","7627603583.58375","8420798792.09029","9010254004.35388","9043051972.09625","9444382363.28063","10504986339.9206","11207769729.3404","12650210449.4817","12618584748.6334","13114494169.3527","13653500708.2059","14075803380.4845","14750034868.1901","15384286108.5506","16199663949.4689","16603189276.6705","17159155482.6073","18239571633.5594","19512869154.2447","20833694755.6476","22181009695.3903","24020694053.4652","25520789027.3601","26168987898.7969","27303230073.1892","27829679463.9972","28888050241.9569","30416985616.3829","31727610007.9685","32523297872.3404","33764059498.7261","35436675410.8102","36164044588.1584","36906448210.9064","34724774104.3146","36235315986.0804","38474716945.1891","39966811156.113","41124691812.9282","42556396855.4905",
"Bahamas, The","BHS","GDP (constant 2015 US$)","NY.GDP.MKTP.KD","2184276201.18651","2417275071.18938","2669927982.16983","2950912677.3124","3260804755.13467","3600763100.29082","3927421762.14234","4304380175.11547","4666884896.26568","5086048750.16656","4798704822.18132","4876756175.55366","4706199629.16581","5062344525.22621","4214187726.48604","3590356194.49727","3776522804.41801","4122260793.71872","4706777593.7735","5937096110.08025","6322727240.34951","5739366812.97085","6123841127.10326","6344118868.72404","7243153383.1935","7592938305.37769","7729383424.42499","7960068367.47981","8143922676.47521","8691791214.13895","8553048576.19105","8195378471.78349","7881857523.78963","7906118401.13611","8155075426.23486","8512165957.40263","8871679871.09791","8985925213.01949","9409773203.61725","10082017178.6752","10500261525.9051","10775999425.4187","11067485495.0867","10927491025.4318","11023912337.1748","11398293682.8703","11685142254.5787","11854121086.481","11578673030.5899","11095213868.3034","11265931761.9405","11335011158.6301","11847358068.6233","11508144415.7879","11720696405.6022","11837600000","11700697195.6515","12095174365.8385","12385211217.3941","12281350586.0076","9814105056.96843","11540027214.2601","12795339943.1948","13185372844.5039","13630862492.2464","",
"Bosnia and Herzegovina","BIH","GDP (constant 2015 US$)","NY.GDP.MKTP.KD","","","","","","","","","","","","","","","","","","","","","","","","","","","","","","","3520858801.76097","3191728026.41704","2986279441.80637","2921138314.38103","3246318380.95743","3764700269.186","5805141478.60787","7932210829.32782","9250256733.83292","10131026399.8326","10679552181.9622","10938351172.2094","11488270722.7089","11932537720.474","12687302704.3598","13181750134.5787","13895410481.7996","14709558824.8469","15510030554.8428","15044038582.7515","15174269895.7758","15319868792.2914","15193964403.4513","15551001102.6808","15730436007.5757","16404348361.0926","16936219694.6475","17485647420.4505","18155173558.4672","18679105074.1119","18115912618.3228","19454976126.4078","20277301651.4265","20681710969.038","21349068376.8323","21803508730.6731",
"Belarus","BLR","GDP (constant 2015 US$)","NY.GDP.MKTP.KD","","","","","","","","","","","","","","","","","","","","","","","","","","","","","","","29435120615.7016","29081900420.7261","26290037664.1334","24291994270.7127","21449830003.0732","19219047601.6334","19757181812.0191","22009501605.6264","23858297841.0347","24669479777.7189","26100310412.7168","27333629960.0077","28712684731.6691","30734974379.4373","34254050021.1784","37473931242.4089","41221322391.8597","44766358837.3896","49332527208.7462","49431189910.8575","53262115569.3291","56218149516.8364","57178272607.7523","57749323051.4988","58702836389.8022","56454769844.7632","55028470318.3987","56421892161.1976","58198729025.2815","59040547731.7471","58643356627.7874","60073587228.1282","57275121695.7263","59638602543.5231","62232879596.0873","63041907030.8365",
"Belize","BLZ","GDP (constant 2015 US$)","NY.GDP.MKTP.KD","142139035.313058","149092870.660029","156387466.372865","164138708.20421","172345446.339353","180843009.245751","189470749.243306","198779680.598585","213424227.817475","224322468.601289","235107205.106333","244416136.461612","269391319.728864","283808857.891163","322293297.061951","333872729.203488","333759142.581217","355442120.369127","383596005.336003","412430999.3171","462371237.600911","467611278.60988","467112227.085216","457081291.439476","466114124.035889","470805208.367727","492214518.7758","545014170.085219","598362778.071767","676214815.919303","752917474.31819","841601389.485595","948789622.253809","1007025242.20078","1006823974.72088","1014189476.17339","1025399371.141","1068821095.7247","1110430514.69659","1215068544.26862","1363800371.11261","1431902589.03825","1509212058.06817","1655080826.31517","1734204696.97331","1772690003.49565","1852664108.23636","1914531924.99014","1883373343.61685","1874960133.39346","1901536024.42607","1899062675.16468","1973959679.21923","2054230070.85013","2134186060.0205","2193095150","2192684131.16429","2152487028.0072","2170181947.82235","2262557632.66642","1956594233.22066","2308584056.87279","2522139931.98722","2534753858.51431","2623588473.35997","2695693009.71686",
"Bermuda","BMU","GDP (constant 2015 US$)","NY.GDP.MKTP.KD","1684353374.14037","1763181111.49654","1841995308.02833","1861704657.7204","2068540044.96173","2167002551.42304","2478262917.22143","2807253305.25257","2866353374.41263","2964853490.3864","3152003710.10026","3260353838.30773","3319453907.46778","3368703965.45467","3398254000.03469","3526304151.64902","3841504521.91668","4068054788.44426","4127154858.66484","4215804962.40492","4550705357.13996","4659055484.2869","4412805194.35247","4501455299.15307","4523125324.79457","4432505217.75933","4728005565.68065","4905305774.22134","5104276008.40352","5126931035.69259","5127916036.27965","4946675890.08297","4943720834.23487","5092455993.93519","5122991040.76808","5348359015.58225","5487441777.63634","5739864145.64664","5963718852.73555","6165450410.7722","6739895068.97791","7226679645.63174","7119884453.30351","7362722827.73814","7533631299.4758","7659759815.30576","8084406664.52899","8354841362.08309","8198943712.90485","7737613934.72433","7543950875.42882","7261600082.73073","6876350478.40565","6857116738.50431","6603330213.03728","6654541000","6610806937.02849","6849550930.14215","6819905984.64909","6840850356.57848","6363931874.00836","6667171891.16811","7084333850.33281","7391402374.38734","7530968949.418","",
"Bolivia","BOL","GDP (constant 2015 US$)","NY.GDP.MKTP.KD","4727739746.61748","4826516221.30926","5095783596.89719","5442175895.81511","5657500838.51146","5935478858.33005","6361087691.79895","6762931564.98009","7339771963.91649","7668160505.29912","8069284228.42698","8477859237.10072","9153331417.91667","9678655892.97587","9963166545.87984","10691575418.658","11184945381.6671","11740973137.7078","11981979455.3401","11997956711.7528","11833371991.7641","11865986702.4249","11398616584.0015","10937870663.4467","10915922109.0496","10732928706.1236","10456675549.8987","10714274143.8023","11026005731.4817","11443905788.5866","11974420934.4213","12605057002.3211","12812599041.2997","13359606839.1564","13983135103.2068","14637304840.3199","15275687759.8007","16032477216.9508","16838807372.3412","16910689778.8934","17334777886.0337","17626660727.9135","18064782972.6588","18554580624.3609","19328918119.4062","20183533309.8717","21151739181.0517","22117185833.1355","23477060534.7097","24265185359.0687","25266542244.7777","26581436462.8276","27943010897.2274","29842021106.8507","31471565407.0189","33000198248.9146","34407300589.1656","35850757842.7191","36878987709.5463","37434651171.7885","32673162317.2639","35949969737.6152","37297165307.1202","38235698457.1529","37806175461.5329","37207939737.9555",
"Brazil","BRA","GDP (constant 2015 US$)","NY.GDP.MKTP.KD","188463862170.398","204671754317.052","218180090101.977","219489170642.589","226951802444.437","232398645703.104","247969354965.212","258384067873.751","283705706525.378","310657748645.289","342966154504.399","381868537872.879","427464970641.338","487176363095.81","526900425028.37","554123521012.024","610960688344.948","641107493085.333","672969879569.773","718459683182.517","784557974035.307","751214260138.81","757449338497.958","735256072879.968","774959900815.486","835794253029.505","898395242581.413","930108594644.536","929550529487.75","958924326219.565","917211118029.012","926678475666.292","921636677088.89","967024426395.984","1023623112443.65","1066858840298.13","1090424301689.88","1127442527329.51","1131254386851.73","1136547951100.23","1186419100640.61","1202909097020.67","1239639467497.76","1253781634016.71","1325999012757.63","1368459252277.73","1422677453370.7","1509032133942.18","1585905180197","1583909921137.42","1703150236756.78","1770840632844.1","1804861597828.48","1859094488272.12","1868463501662.3","1802212206814.5","1743173232416.64","1766233131666.66","1797736844969.16","1819683217699.38","1760056587795.46","1843881119920.2","1899505377558.02","1961080794855.6","2028136327872.37","2074494382804.15",
"Barbados","BRB","GDP (constant 2015 US$)","NY.GDP.MKTP.KD","1952658978.13138","2102945958.28804","2293488815.25593","2177015795.79499","2285972731.54075","2547370135.67407","2649350819.12371","2931139379.25577","3134027609.98628","3369656492.07877","3690090707.33554","3834473714.47323","3883317266.42714","3935380917.48569","3752352598.80454","3681057899.32418","3841559791.14055","3981477303.04947","4175651534.80747","4505236050.49308","4702252942.92575","4612921818.77254","4386845358.41557","4408834558.20714","4567569094.20243","4617731956.22693","4853428691.49267","4979179427.80065","5153718701.14615","5339252574.38739","5162651813.56145","4961313182.99568","4678889397.92359","4715996211.92084","4810824618.76933","4907714545.91523","5102868633.97329","5344749893.39647","5544026979.63733","5562580407.84196","5809958899.21421","5672526404.0074","5717191970.25111","5841568396.43838","5924027851.15045","6158350231.09115","6532195763.58308","6668012106.95058","6710251324.83512","6373579532.48337","5858548339.28011","5854200642.29805","5686889314.11823","5697997060.48008","5743998435.21408","5699619150","5780344250.61654","5818185598.11782","5803518805.99554","5817511077.59999","4804919086.45399","5190267687.6007","6017872511.55711","6127048645.01886","6333343263.91816","6504343545.82786",
"Brunei Darussalam","BRN","GDP (constant 2015 US$)","NY.GDP.MKTP.KD","","","","","","","","","","","","","","","9912272267.89615","9848309209.66318","11904059044.8316","13086612418.4455","14005179314.3602","17413814293.2045","15723288139.5098","12203657762.7171","12484528603.9686","12534388984.5446","12236497488.711","11880752639.9944","11238334169.2837","11472489831.7877","11296288084.0505","10988327048.8558","11278756616.4487","11607042426.7693","11244830875.618","11173578043.1446","11284502058.5432","11436537451.0601","11433413507.5779","12158742971.3512","11349316081.3304","11832878906.9191","12244033143.1515","12423538115.8353","12915688987.5154","13378513545.1324","13392499225.471","13391973527.4748","13940831854.3091","13416151463.6479","12892826165.4277","12647829762.7913","12994552864.5932","13481121714.8966","13604222581.2368","13315162382.5279","12981233119.3701","12930296870.1247","12609894752.9469","12777445780.0952","12784137461.5724","13278735842.9555","13429260053.625","13215632407.1015","13000438095.7254","13147036779.4979","13679822692.2189","13771417606.902",
"Bhutan","BTN","GDP (constant 2015 US$)","NY.GDP.MKTP.KD","","","","","","","","","","","126311212.051553","129692690.12441","131201349.548041","133126190.949982","139993192.572191","135363168.738005","147484467.111233","159137560.782369","170478518.081892","178646088.218144","187593999.442569","215962517.145629","223391139.340414","246693104.693754","257934068.232727","268325027.287451","298893144.602371","385734526.793258","404123930.550951","433849538.315426","478896647.442211","476943344.281171","498886988.870284","508796713.190136","533989801.395013","571764867.157183","603584570.491821","636020230.797729","673634664.004838","727417465.574037","751822818.964787","806919209.637853","891192074.385711","960585283.615957","1010125138.87137","1080178039.16497","1141108777.66963","1324881877.57243","1384891723.57233","1491078191.02509","1668991759.59852","1810676784.15218","1904194983.13207","1937258289.82484","2051190106.33281","2187815803.36833","2373253832.39027","2422779966.72395","2507622616.54362","2651940022.25787","2380954251.4208","2486224986.25084","2615853471.18587","2737023911.63804","2942261348.45564","3177790168.58628",
"Botswana","BWA","GDP (constant 2015 US$)","NY.GDP.MKTP.KD","203297646.310888","216193392.770107","230606288.144643","244260590.446339","260949209.017402","276120678.761373","293637827.376465","311034576.440118","343901775.878978","395911433.315038","463692530.432643","583423075.814774","737224722.544914","894277062.41177","972953726.998367","1055131834.82994","1167475696.06134","1307713344.76305","1495145303.78854","1676784360.54518","1877778848.23491","2047996824.33982","2297146530.42091","2599146160.6333","2821253171.4171","3022275113.05842","3269283371.12699","3657737271.88202","4369166056.00913","4939753185.09045","5274313873.08845","5667709608.2008","5833040675.49628","5944807979.21822","6160480628.0856","6593587689.50958","6977980665.54234","7558959721.65963","7592496073.43073","8326480944.19697","8491986059.02571","8513264763.90086","9029979997.34259","9447697367.92895","9703335214.03812","10145481816.2871","10994036837.1472","11630872553.1126","12009117014.1882","10310519328.3503","11353915357.5123","12130342700.3127","12109617148.6354","13454136663.42","14220638232.789","13530748844.505","14505561464.3559","15102375175.8986","15734967212.8207","16212015762.4196","14796887965.3696","16560125447.6096","17468616755.5627","18029021881.095","17527834937.7785","17399198450.9626",
"Central African Republic","CAF","GDP (constant 2015 US$)","NY.GDP.MKTP.KD","980371513.739357","1028934744.09243","990722163.67209","983717651.45014","1004182171.74198","1013697588.23369","1020233745.25506","1067946130.32709","1082941302.66553","1159738545.69334","1186793864.44662","1200207036.99646","1200196629.10311","1222867622.78433","1300385612.42636","1305652006.45951","1376581799.61343","1428977736.69122","1446257441.61914","1410605202.96195","1347429290.3509","1326618707.6053","1428977736.69122","1312851666.6817","1437332673.07483","1493779882.6376","1547227016.94335","1470809662.02268","1495962938.26696","1525542171.15668","1492780724.87637","1484532469.39956","1389164942.66891","1393822474.94131","1462119071.07866","1567392310.30149","1504695160.78436","1584443041.5758","1658914120.44075","1718634612.46088","1675850364.88825","1750672710.15363","1813986527.35151","1716076872.67107","1818953694.45096","1835473623.16461","1923045637.77901","2011650635.80801","2052972574.3655","2229266675.80904","2332499967.93604","2430339369.3364","2553162918.71416","1624016454.05115","1625333052.55944","1695825714.19282","1776382808.69192","1856804600.57752","1927167163.54408","1986909345.61394","2004791529.66202","2024497026.49048","2033686256.48235","2047921417.64834","2078640238.88184","2172168656.51218",
"Canada","CAN","GDP (constant 2015 US$)","NY.GDP.MKTP.KD","276385908059.151","285128800638.552","306307703908.028","322534170982.217","344002045346.374","365733342374.397","390455782959.693","402424895568.735","422579437508.508","443991674454.406","456950517397.954","475314650671.813","501550450510.347","535297982389.479","553272089249.577","561822374580.195","594909644370.074","615938668639.395","638949991969.794","662752153582.223","677181588350.121","700307780942.98","678134984073.747","695510522515.037","736535693822.227","771430403355.963","787796151895.929","819875334674.611","856038716216.907","876047164404.839","877825083275.001","859469276531.644","867122560316.335","890168135899.429","930172731125.229","955123017248.51","971254674627.055","1012825994794.92","1052254162075.79","1106350585213.86","1163200843613.23","1185012000891.58","1220553536588.13","1242601434048.71","1281027191102.52","1322153985116.97","1357031663572.77","1384849517992.3","1398634398326.82","1357862999005.37","1399831914632.5","1443747363549.13","1469094677743.48","1503263081057.7","1546458845944.07","1556510380200.23","1572675533072.03","1620387912547.73","1664834560154.15","1696606794629.52","1611127783961.78","1706998394665.32","1787149136135.45","1822053687169.68","1859337753256.2","1891740160107.82",
"Central Europe and the Baltics","CEB","GDP (constant 2015 US$)","NY.GDP.MKTP.KD","","","","","","","","","","","","","","","","","","","","","","","","","","","","","","","747652989072.988","666366252243.004","633478690962.563","634802040679.395","658216608402.021","695812203050.709","727027590135.076","743277824341.724","762854060648.267","777356319923.598","808032125753.83","832316694940.427","861800288032.615","896245379774.168","948891284091.252","995480894776.611","1061586539226.78","1128878811816.45","1173607586997.64","1131096726054.26","1148498328336.39","1189850824005.63","1199821456540.4","1207835174789.79","1247233889201.67","1297144243677.59","1333558317977.66","1401664884446.4","1471094563284.51","1530413893927.59","1479893284865.72","1577162479351.97","1640878132518.42","1652697842075.3","1687327482198.07","1727266718893.41",
"Switzerland","CHE","GDP (constant 2015 US$)","NY.GDP.MKTP.KD","196839065454.774","208022069019.488","216881827355.653","228437147456.19","244019221182.565","253344433994.343","258641471339.228","267345761752.129","277073152912.184","290951955564.815","309787236276.999","312713629841.14","319870828024.087","332563241880.503","343199265081.793","351960670660.83","355684783213.029","350007134559.434","356137677392.592","369813376246.222","376100097923.17","377810715525.731","382528304336.173","389798785657.422","406285463225.414","415062747429.696","426233426971.8","440528626383.252","451801924205.647","463796392622.083","467296547356.45","461941446601.359","456589426851.921","447158041157.217","465114861421.351","484158477551.541","486870573206.165","497083252159.406","510882848604.35","519466067256.275","538339395342.966","546910823425.202","548991327622.523","547430971526.72","561592621839.375","578171312685.584","602074779439.36","626056585014.773","641905809443.95","629485513283.088","650010711944.314","659160657118.589","666570517717.021","678809578498.348","696074580680.37","706199008878.656","719698645165.924","729920856964.874","754208481229.163","762620333380.6","745421277740.833","791460198101.875","819432798585.826","826197715652.355","837684620415.719","848575173117.719",
"Channel Islands","CHI","GDP (constant 2015 US$)","NY.GDP.MKTP.KD","","","","","","","","","","","","","","","","","","","","","","","","","","","","","","","","","","","","","","","","","","","","","","","","","","10650550531.1342","10266424333.8754","10381926033.3796","9784585181.16353","9832914292.38795","10071569130.6786","10109273770.329","10231901695.1297","10416739087.3022","10533640271.4811","10699371928.6621","9747472425.32923","10716059398.8152","11288507155.9037","11707875863.1821","","",
"Chile","CHL","GDP (constant 2015 US$)","NY.GDP.MKTP.KD","26275664125.0674","27725978494.5169","28815827040.3647","30454488579.4691","31204014436.8887","31413343021.734","35014387052.3099","36270742031.799","37566955711.0659","39108395437.0641","39771076474.1111","43577595609.5563","43267163670.3658","41087469485.9866","41600890292.2375","36494895964.0875","37810425597.6727","42025983481.558","45399335593.8651","49229142623.601","53252287646.3653","56830116589.3263","50293481314.1023","47811382482.5795","49716049397.1484","51482161643.7612","54265063038.9036","57921900186.3915","62179629420.7548","68620417335.9924","71089876109.5537","76603750426.1864","85414661278.3917","91125130548.8196","95751374590.6832","104613573720.419","112056685779.901","120339623825.598","125370887065.113","125027832953.909","131243743563.397","135383217071.739","139719269577.32","146318553366.968","156084225513.955","165194933117.629","175189211415.667","184243394522.927","191225100461.158","189087132632.604","200151851762.225","212609096429.355","225695909224.96","233163076995.037","237342873662.271","242450355830.884","246700604515.86","250050047209.619","260027117802.785","261702273348.86","245634546877.039","273483125955.671","279127595176.477","281017358307.658","288900250332.819","296005043455.575",
"China","CHN","GDP (constant 2015 US$)","NY.GDP.MKTP.KD","161019131971.415","117109214676.55","110574520509.079","121963696117.532","144136696064.162","168567866052.615","186520343784.551","175758119940.626","168552037046.827","197104752115.92","235145969267.792","251747274694.657","261338845861.077","281618740302.101","288124133211.379","313248557620.151","308330555260.336","331671178297.81","369239420801.258","397282422830.885","428434994544.795","450348857948.493","490989885719.788","543878522308.357","626505281173.79","710635430095.605","774192860723.962","864427096743.192","961423696945.326","1001879030667.2","1041177931705.26","1138794946993.44","1301615550876.41","1482879870958.35","1676880778212.51","1861596132617.78","2047258472826.1","2237604266165.63","2414901854973.07","2601845161729.03","2824916263542.96","3060063619716.51","3342692586001.97","3680766226629.83","4054011719388.36","4518338478814.27","5091050723394.27","5811473655332.24","6373372030110.07","6972857785771.39","7711401293675.62","8441058131256.55","9104341297809.09","9812516071429.73","10544628617502.6","11280814787468.9","12044942062503.5","12874987827480.3","13745054545709.3","14579018970009.3","14920095680400.9","16198805195731.6","16706452162504","17611274170444.3","18484494644731.6","19401316126585.1",
"Cote d'Ivoire","CIV","GDP (constant 2015 US$)","NY.GDP.MKTP.KD","5492745889.81492","6038315904.9062","6112405708.35254","6998115047.44617","8230699197.19349","7974752907.88309","8898018736.25985","9307163143.6156","10475049116.1628","11474286967.6777","12664747894.4167","13862407213.5663","14449705424.8071","15307901973.3808","15970333193.0689","17288346643.98","19521378206.8974","20949261442.0495","23234711409.5838","23791045073.3334","21184094378.322","21925643370.8117","21969674962.3516","21112804814.63","20542492760.3513","21467156206.3713","22166845697.292","22089489409.9338","22340532915.1657","22999132929.8765","22747083497.3228","22756392780.3066","22700739607.1517","22657044066.1342","22840839521.0746","24468419439.1566","26359663691.9048","28903065478.586","30135465005.6332","30487103687.1804","30406072178.2268","29751121585.5543","28938759334.2241","27571152176.3563","28449303912.4541","28732677632.1669","29541668752.6369","29867049486.2231","31295490700.8623","32423167866.6818","34643522418.9356","32783010325.3471","35281210700.9425","39077544167.6054","42739891584.4862","45815005169.2651","49101205368.91","52739979047.0655","55294253263.7438","59010785540.9857","59423700880.6615","63620521822.0335","67692161181.7305","72159844125.7554","76503530924.2047","81476260434.278",
"Cameroon","CMR","GDP (constant 2015 US$)","NY.GDP.MKTP.KD","4827329401.77259","4884469573.58571","5033033599.98434","5221397415.12354","5406608719.74354","5516149516.56753","5770717368.63748","5141012904.4288","5467278232.7078","5735255755.81943","5912593777.17627","6118334765.00775","6281929448.77639","6618369536.82128","7328802680.10935","8152930849.0535","7704916015.45028","8763561576.93245","10691808462.1321","11337071801.8535","11114265274.3313","13012879895.4302","13990954313.1341","14951689440.3101","16069264314.0233","17364955075.045","18540851327.4109","18142844102.4615","16723414750.1032","16419195682.0992","15416689237.8441","14829529308.2261","14369813423.5217","13229990256.1401","13478291933.8403","13868353888.0552","14452915010.389","15107243821.2788","15821141892.6295","16534881734.7065","17168567484.5749","17910981185.5697","18712860619.4251","19733301668.5758","21124275032.771","21594980960.2444","22417659743.2882","23387803922.5771","24053813243.6522","24674221649.2686","25389533434.6495","26247499413.6974","27461703151.6573","28833560540.7901","30482787768.4783","32210233020.4569","33671222913.4548","34863580363.1151","36242614248.5756","37502066832.7403","37599547048.5841","38854942334.5769","40306867605.1364","41656165354.262","43124429828.9643","44504411650.8349",
"Congo, Dem. Rep.","COD","GDP (constant 2015 US$)","NY.GDP.MKTP.KD","19887704764.2738","17729615125.8997","21488417199.2822","22608821152.0806","22057115370.6738","22277101744.7101","23786483499.0726","23552010935.0138","24572448551.0408","26864772331.0399","26798938440.0607","28408219535.2512","28451154443.8041","30766303374.0472","31729468923.0381","30148823861.3657","28548222175.1774","28765415222.8426","27227819920.0679","27344923577.5678","27945120839.1415","28601977632.2145","28471072784.8717","28872999969.4638","30472874270.1351","30615441902.1885","32059636483.0322","32917437726.4949","33072275210.0962","32653563459.5882","30508775958.6902","27939616223.3552","25005954127.0512","21637889528.29","20794012528.3872","20939570372.7472","20725322417.2207","19561171399.2726","19243467842.8715","18421744665.2994","17148631280.9311","16788480352.7335","17283365331.2476","18247400739.0053","19476978833.8904","20671920925.7908","21728037858.2133","23593025525.7682","25346774324.7957","25484044900.5465","27680432461.6835","27568834900.4621","29958665159.8562","35206198726.088","37777053057.3322","40179574490.3032","40337814832.805","42048626459.9632","44601688163.9569","44849398935.1374","45197173728.8833","48103175756.1974","52582143957.1902","57069235865.1432","60551902787.4427","64039235049.4082",
"Congo, Rep.","COG","GDP (constant 2015 US$)","NY.GDP.MKTP.KD","1260529281.26532","1365792636.82329","1436845387.19425","1378950570.28956","1431582304.19978","1484213965.735","1504384173.23264","1536221035.11639","1653455074.05444","1778266546.9019","1891337095.13146","2037973138.2197","2213596509.60999","2395801820.82719","2584723272.00207","2784563654.65878","2810078242.50247","2558479910.86763","2721192760.53148","2988229521.67918","3515251773.33714","4134629379.92641","5110306815.46562","5409462277.44975","5786833455.26737","5718221236.28327","5325863974.44945","5335949916.71488","5430196848.65541","5571375261.41265","5627089212.71733","5761878676.24506","5912375954.28022","5854453399.81827","5532863840.08629","5753366411.51292","6000213536.40355","5962723473.06651","6185583409.39015","6025859314.29582","6482377234.59307","6728876234.42485","7037184600.05768","7094415494.39314","7341062186.80916","7910417276.44806","8542162055.68026","7977183901.13328","8480255108.6285","9467126891.81813","10407332392.13","10636909752.5259","11694979455.2472","11611660392.4682","12383378937.2556","12434793867.3568","11354801748.8219","10719526284.7166","10472514332.3273","10590275024.738","9926500702.40064","10027261669.7995","10175199489.7639","10369226732.5707","10586979372.007","10913368247.3216",
"Colombia","COL","GDP (constant 2015 US$)","NY.GDP.MKTP.KD","30607351920.8487","32165026473.2768","33905762200.138","35020145447.6353","37179817268.7979","38518294925.1955","40535396289.0875","42211479864.7095","44715936774.1152","47444734555.5178","50390007345.5412","53393618595.5248","57488453984.9103","61353376858.8001","64878592920.4333","66385888256.7983","69524857841.2791","72416052846.1219","78549620712.7422","82774898275.6621","86158201122.7301","88119913721.7807","88955661300.656","90355784303.2292","93383320875.4912","96284839824.1916","101892542204.383","107363083659.426","111726505380.416","115540955654.074","120488417446.261","122900122761.671","127871346008.238","134757742185.312","142593449287.222","150011784497.792","153095808839.253","158347444690.971","159249683235.263","152554802278.5","157016818928.93","159651401476.819","163649041384.447","170061255792.911","179130660092.783","187780451739.376","200393418124.055","213896316785.023","220919487240.849","223437193184.792","233479933032.173","249701866578.277","259471791121.288","272793056063.57","285066097496.814","293492370193.166","299618678572.191","303691577641.583","311479214511.795","321405606655.842","298309675728.093","330530695024.886","354752900899.02","357739280193.385","363081426935.517","372674094475.955",
"Comoros","COM","GDP (constant 2015 US$)","NY.GDP.MKTP.KD","","","","","","","","","","","","","","","","","","","","","395630863.284826","417240160.059937","434171371.496824","447600567.201792","466250045.145888","479207765.284854","489132325.949205","499295243.705257","524113193.637884","519306762.17336","557417703.758555","523041896.379579","561527399.108876","575831443.919649","552875822.472732","584042976.694191","581062203.393576","606689519.714507","606841439.619108","623212118.994192","616936255.34896","650371730.904631","680273759.023984","693433165.932851","714932451.742561","755434822.170869","742181120.148801","748145286.058732","777806337.777683","803013024.650108","833348983.587867","867878854.454375","895376813.862954","935366556.625267","955071527.308299","966029600.862227","998106097.463253","1036191459.38232","1073934227.0832","1092843848.69752","1090706717.7799","1112983883.13101","1140294412.38083","1176631184.41719","1215468426.23944","1261102493.64924",
"Cabo Verde","CPV","GDP (constant 2015 US$)","NY.GDP.MKTP.KD","","","","","","","","","","","","","","","","","","","","","188081994.537363","203977861.68299","209740297.642838","229709146.509557","238399665.307967","259002370.874424","266439508.497068","277920556.725196","294587049.289005","311372470.196767","313527702.860333","317930092.634861","352704163.840723","383418741.333134","456968584.432283","521911297.414696","581130092.023103","645742611.607662","726572059.757413","808112687.727471","923550525.289887","944160982.565559","993737848.225922","1035238917.7863","1140802982.16763","1219660508.68448","1317035160.01005","1516838454.63714","1623608884.79583","1599196517.15668","1628564468.24228","1692481034.54407","1710821579.61286","1721636311.15762","1733630380.4449","1749857620.35329","1824764034.95256","1907814790.72833","1978536809.33193","2116002110.92756","1675762033.71886","1793627260.88123","2077803747.08658","2177429478.93487","2329607473.48607","2476302510.90263",
"Costa Rica","CRI","GDP (constant 2015 US$)","NY.GDP.MKTP.KD","4800628937.88594","4890846032.07366","5157025014.70159","5512804222.35111","5714520392.31089","6182569761.92205","6613452772.94252","6987121182.2989","7579161225.16842","7995393596.97863","8595298719.83958","9177931509.98109","9928506891.19044","10693887128.8122","11286852475.2522","11523884396.4831","12159722139.7812","13242481488.6657","14072478756.1578","14767535925.4632","14878572349.2713","14542070298.3269","13482597755.0123","13868603544.8315","14981435258.5049","15089541554.3995","15924936425.9334","16683685321.7173","17256293990.3221","18234031388.4278","18881898077.7844","19309696738.6852","21086401937.1339","22582944135.6992","23603473799.3807","24583951077.2047","24915947383.1164","26280386016.0398","28143280979.3168","29310608116.4489","30425018571.9334","31487207733.9328","32563086628.1028","33968893691.7087","35471881289.5277","36882479643.8292","39584746486.398","42836685698.5686","44866362879.2074","44474474900.3019","46858459514.6492","48921712094.3507","51310359954.2877","52590433349.5778","54453244336.2209","56441920888.425","58814921667.238","61260269163.5698","63007938631.9211","64714281272.693","62034078866.9288","67132150844.0064","70798368208.7751","74190939160.446","77220099149.044","80741594727.0308",
"Caribbean small states","CSS","GDP (constant 2015 US$)","NY.GDP.MKTP.KD","11441264007.7343","12545928640.6789","13222721096.3466","13502507369.7875","14594212001.5408","15632448542.0274","16707312538.8783","17825461102.3673","18924646440.5863","20050507976.94","20487039830.1297","20971851767.798","21187642477.4079","21707745043.0501","21071515064.4413","20710278138.0883","21817245312.1381","23278604095.1997","25126926921.4148","27002304687.9698","28403523301.7727","28503940473.4194","28638535128.9032","27617808253.9865","28152692079.3206","28457441115.4988","28847857122.0914","28893703306.2009","29395149045.1115","30331788491.9153","30227809159.4319","30205562400.7617","30814421539.6964","30957542913.4779","31988699375.3577","32973393842.5025","34592700715.3969","36189120259.8467","37967437686.3515","39882199827.7147","41752878766.0872","42623436126.0173","44316709615.9925","47013456088.7359","49199069289.3617","51360720840.1919","55380178401.2185","57507142885.6793","58482498475.2242","56495404647.1447","57163949155.5213","57686752452.0181","60060095144.4814","61002258664.8887","62586699781.2035","62546622822.0285","60615559544.4087","60160545363.9982","60948745587.4203","61476006491.9316","55775171373.6773","59811288479.9111","68628283221.9492","74671104148.0188","84623392309.109","91372154983.2326",
"Cuba","CUB","GDP (constant 2015 US$)","NY.GDP.MKTP.KD","","","","","","","","","","","23120654813.2269","25105299224.9614","26317053148.5303","27220909321.8834","27488896946.333","30093861942.6797","31727344869.416","34490638878.7051","36765640923.6433","37165718488.949","35363388173.5407","42325850268.8874","46100569046.7715","48595287844.2588","52448756410.0218","53286192380.6288","53336975926.0497","52055729737.8622","53984675578.2487","54351816305.329","52749217702.7609","47108903626.7075","41653408481.7606","35456139102.318","35710334910.446","36587809678.5467","39455836484.9562","40554060118.1077","40618600303.8439","43132386084.3646","45683563278.5995","47138598430.4616","47810239203.2308","49623557376.225","52487103646.4154","58366528662.6983","65408954114.9466","70159041951.1157","73047369063.91","74107509498.1477","75878940053.321","78005296225.1446","80357078126.4622","82564971264.2729","83429902609.353","87132800000","87579654548.8907","89164663941.1994","91169039692.7712","91020354637.1475","81054139247.4509","82070953176.2327","83527427215.7299","81915873064.4531","81046145427.2561","",
"Curacao","CUW","GDP (constant 2015 US$)","NY.GDP.MKTP.KD","","","","","","","","","","","","","","","","","","","","","","","","","","","","","","","","","","","","","","","","","2881155239.82198","2861109495.5201","2872469966.14033","2880748042.0172","2886753280.29916","2906280011.14055","2953824854.02756","3026783241.75244","3093010563.026","3076577142.96825","3079109369.28215","3094765331.25038","3083966122.11675","3064361444.8473","3044829285.48859","3058779217.87709","3026120372.58291","2987500779.24655","2924640436.8364","2830872595.0303","2308903011.8277","2405500822.32169","2571624722.4524","2679684375.22705","2814389433.23231","",
"Cayman Islands","CYM","GDP (constant 2015 US$)","NY.GDP.MKTP.KD","","","","","","","","","","","","","","","","","","","","","","","","","","","","","","","","","","","","","","","","","","","","","","","4633485653.94262","4780025440.10176","4762941571.76629","4419986799.9472","4299956079.82432","4350225240.90096","4403722294.88918","4460060480.24192","4578454033.81614","4708167232.66893","4860710642.84257","5015477901.91161","5229501758.00703","5434269977.07991","5165012389.74956","5416518358.04824","5723136286.36151","6055328269.81965","6282791345.88668","",
"Cyprus","CYP","GDP (constant 2015 US$)","NY.GDP.MKTP.KD","","","","","","","","","","","","","","","","3097708001.60916","3725498555.88337","4335064665.05968","4672220129.67056","5135030135.97273","5430460985.10836","5567145604.34272","5902382911.50115","6231864649.89071","6777644774.22432","7108566043.08215","7371863795.68712","7892704462.69855","8575169083.9488","9256674260.63165","9942038377.66027","10015559894.0581","10957022354.5007","11033721594.8106","11684711090.0388","12661841415.9856","12819929757.5972","13158495213.6066","13962595454.0219","14660439649.0362","15534979508.5343","16149009295.7114","16750232860.2126","17189641655.7119","18053639846.9903","18929780754.0412","19822089652.0795","20832664609.9104","21592429642.6892","21157324471.6427","21640276581.9862","21730454182.8598","20981322522.5069","19599182619.7879","19251089636.192","19909269064.8473","21218022946.2823","22438235877.2059","23845486549.3253","25246550963.5826","24433452922.2307","27218270154.3629","29596751443.2394","30668288120.7253","31876854617.463","33079649143.5759",
"Czechia","CZE","GDP (constant 2015 US$)","NY.GDP.MKTP.KD","","","","","","","","","","","","","","","","","","","","","","","","","","","","","","","122972963913.465","108689725030.78","108139165550.882","108206108282.012","111354158852.668","118281953160.126","123212636052.806","122478487836.036","121996963423.806","123678521512.351","128638858401.092","132391536300.246","134395228572.192","138831395778.178","145406922288.089","154676655549.654","164921158024.599","173973393346.007","178518044754.249","169952170270.619","174565802522.079","177659773382.538","176290606021.546","176216894659.909","180173337874.854","189107698561.919","193988322685.058","204024435232.921","209798950825.42","217279912681.73","205753475017.539","214043320221.167","220137498830.73","220242240981.103","222998156286.465","228752549524.494",
"Germany","DEU","GDP (constant 2015 US$)","NY.GDP.MKTP.KD","917973384996.142","957431915665.88","1001698502729.21","1029097926174.09","1097424573188.11","1154975317849.36","1187455317825.36","1183533670015.16","1250625508374.29","1343398193373.42","1411953745416.57","1456186017148.9","1518806985739.63","1591367790663.22","1605532057258.85","1591616285780.14","1670389489050","1726301068039.45","1778236712904.22","1852039997497.07","1878132067487.92","1888071903820.79","1880617026826.43","1910188039686.95","1964111651614.06","2009834898132.56","2055806640789.14","2084632166256.58","2161914393719.1","2246154505899.82","2364190062225","2484959073005.6","2534996542114.29","2510330187123.32","2575519839599.45","2614281254585.26","2641414240990.66","2690394576515.06","2746774816494.42","2805269313430.67","2885963533943.47","2933181986968.52","2926486831428.63","2910982263391.97","2944810405337.25","2970886268370.04","3085761005285.65","3174912263837.68","3203102383827.36","3025504625850.04","3150598283304.25","3268996785218.57","3284148978797.69","3297186905208.25","3369071713224.27","3425099578746.09","3501212900675.89","3599173571724.7","3640049243667.4","3675639268112.03","3523764998709.97","3661544208117.2","3727790994177.62","3695372350062.48","3677048776153.86","3685858188650.63",
"Djibouti","DJI","GDP (constant 2015 US$)","NY.GDP.MKTP.KD","","","","","","","","","","","","","","","","","","","","","","","","","","","","","","","","","","","","","","","","","","","","","","","","","","","","","","2107658964.77279","2259262606.11241","2424391785.43897","2597091693.86547","2738843335.30256","2869605010.3792","3028726927.17701","3065135713.11422","3200221046.31128","3365561651.66421","3594666717.82039","3845591877.09476","4095380799.70674",
"Dominica","DMA","GDP (constant 2015 US$)","NY.GDP.MKTP.KD","","","","","","","","","","","","","","","","","","233294626.823169","257873955.507832","210530140.027739","238705772.141786","264556010.586857","275476045.458265","282518088.922677","294374375.456091","298557238.5782","319675256.719584","339838968.611364","366402899.65313","365702570.33004","385516275.291539","390712144.756186","398641309.306198","407257627.831801","407398040.189879","419745728.315355","432775457.268364","442234316.346954","458925258.524187","460550210.337071","471328095.603734","471027183.520201","456484593.584498","482983317.391998","502775184.653807","507377017.907434","529705537.84296","558086829.799671","597829935.171901","591040072.975893","590415870.485502","590668207.662469","589738544.378908","589765106.18701","603537403.687762","583177777.777778","591617792.302106","546983994.013143","563196657.633243","585432211.240413","493481872.044211","520030399.241901","574096959.632995","595064186.903307","607279298.404095","625816120.233098",
"Denmark","DNK","GDP (constant 2015 US$)","NY.GDP.MKTP.KD","80238063251.0121","85356314838.5914","90193305340.9904","90767855836.0511","99181979986.8505","103699971949.541","106542294923.76","112813620772.675","119416599036.831","127535877471.206","129902945560.357","134031029529.879","139120989452.469","145686794687.837","144281984443.386","142247753418.635","150773233048.039","153766730433.028","157483262378.602","163866531123.869","162635188845.175","161430084232.087","167713124648.919","172165579296.735","179636437842.04","187096889700.136","195952945326.293","196860120910.661","197397452813.504","198773654972.474","202073829844.963","205020430124.221","209167606432.298","209002572327.368","220068623481.056","226754355587.313","233320596409.064","240713316196.954","246313036680.162","253621896626.282","263066798869.213","265566018286.991","266778406880.15","267955142440.516","275394519880.793","281892753289.031","292651155542.909","295540131122.49","294307201413.926","279666951317.258","284093791186.593","287817703286.122","287802068160.374","291810211099.295","295539545106.694","301758922337.637","311032111297.516","320538736986.013","326500781502.599","332088518944.146","326176991232.295","347379325644.417","348921108389.075","351030642724","363238912546.89","373876120004.794",
"Dominican Republic","DOM","GDP (constant 2015 US$)","NY.GDP.MKTP.KD","4496273447.01387","4392263457.70639","5141023191.76688","5475338924.3175","5845738217.21372","5116082881.76774","5804878762.06109","5998038557.59129","6012365501.5622","6667199033.31331","7882408258.07043","8739341597.20218","9647723102.04395","10891870678.1356","11545590180.5936","12145181930.2512","12962324665.6091","13608079675.4608","13899385751.843","14529222408.9409","15687018149.8741","16358401738.178","16636283320.3946","17406201586.8393","17624283185.8384","17250201610.9079","17857752538.4605","19664486965.3284","20088446093.5456","20972445961.2045","19828543241.5842","20015752229.4614","22265015206.6119","23905211028.6478","24525260342.7332","25923197384.3629","27468529262.4571","29913105390.3086","31919035075.5019","33820295671.4738","35393522990.4108","36267520113.1855","37894663734.2472","37383329266.8199","38349900170.1598","41966981958.5524","45815860539.7981","49214666985.2049","50823044977.7376","51333030311.777","55645592832.7047","57421779163.4885","59015618840.2876","61927882062.5429","66331713896.7879","70966782572.4386","75735566406.0476","78714898894.6559","84301701754.6018","88427452425.8944","81415993438.0734","92824351636.8768","97686450823.9666","99828029402.8707","104773032846.36","106991487756.082",
"Algeria","DZA","GDP (constant 2015 US$)","NY.GDP.MKTP.KD","27287513101.983","23574926517.9503","18934192372.524","25431219789.9774","26916253746.4174","28586918218.6911","27213325104.703","29785790538.944","33001535545.8172","35784647535.9227","38956118145.081","34541720238.014","44014431054.1008","45692778905.9266","49117415081.8386","51595556464.0315","55922750141.4526","58863496043.6358","64287670491.7336","69094990985.068","69641260800.9969","71730495900.9514","76321250590.2067","80442600430.4278","84947383262.6758","88090434111.4929","88442796731.3094","87823699342.0674","86945457526.5473","90771059536.2581","91497228539.1792","90399261260.1306","92026450044.2876","90093893896.7426","89283051957.2347","92675803280.5324","96475509798.6511","97536740345.5047","102511117625.248","105791474981.454","109811551032.426","113105897561.895","119213616030.237","126962501072.943","132675813620.929","139840307556.055","143895676473.864","148356442446.405","152065353506.518","153890137748.132","161276864361.482","166115170291.39","170101934378.955","174524584673.849","181680092643.147","187493855609.345","194806115978.439","197728207716.082","200496402625.853","202300870247.92","192185826737.373","199488888151.485","206670488126.832","215143978140.155","223104305329.361","231616947638.689",
"East Asia & Pacific (excluding high income)","EAP","GDP (constant 2015 US$)","NY.GDP.MKTP.KD","291490818933.795","252330763018.918","250635396595.204","266833687135.696","295735573387.564","327743693348.116","354032140896.298","348891079955.391","354936814535.739","395473680600.654","448791137885.059","479201153619.91","502661442110.487","544195883975.238","565531324241.688","603547002013.851","620181907179.423","666517016566.928","727759221707.526","778838825956.173","837020067365.854","883683031316.382","940467564486.994","1012928882607.67","1114213428835.49","1202544124540.5","1288520075932.53","1406962362866.68","1544496695198.45","1632331372802.18","1716272105170.03","1855348135694.36","2064070412570.84","2297566663550.96","2549275272411.5","2802297125570.03","3057425741986.04","3283766082279.36","3382458223942.18","3600770375477.55","3878731151071.84","4149802045782.37","4487992759266.78","4892839071339.18","5340818908007.62","5877346880589.46","6528010255376.57","7340893871206.55","7975706363893.31","8615252999045.12","9467658267549.77","10280488400786.8","11059794522321.9","11869065707610.3","12702539029123.1","13549001701885.3","14430842372325","15392898339965.9","16399286721574.2","17364367080365.6","17597641475173.1","18956219942852.2","19629009807090.5","20661523520296.8","21685110845956.9","22757329753833.4",
"Early-demographic dividend","EAR","GDP (constant 2015 US$)","NY.GDP.MKTP.KD","1034806041709.2","1083897604618.18","1129129877941.38","1188691228210.17","1289157176603.89","1367595071937.11","1425610496761.48","1505033024849.98","1613859504601.57","1719697043943.56","1864299729209.48","1963623263138.27","2094193645431.81","2241826207382.97","2394035314132.81","2463342175855.21","2636054729881.46","2742179694015.76","2801689165515.26","2915307474961.51","3008926458416.53","3118194316676.99","3134506091412.1","3144457776618.59","3211413871805.69","3244664765436.76","3294497169671","3390833483576.49","3500717981076.48","3569842690226.66","3751453958571.99","3916731998385.26","4078254005756.71","4221693419508.33","4363059531562.77","4473325300711.71","4728417893050.41","4963399236698.3","5082331511948.09","5195450844201.19","5422237647346.81","5488045572467.66","5584341741072.65","5860739065994.62","6233825831152.16","6605986367119.49","7011768965126.5","7416375299024.91","7675237520556.4","7725575711169.97","8218513370459.67","8626003599759.26","8991167198026.36","9354273954653.48","9727904881516.54","10141599371579.2","10562182262135.8","11036424941221.8","11435149981877.9","11695029341370.2","11194081317911.1","12034409317738.6","12759397250798.7","13285513155386.8","13798541048926.3","14401835893175",
"East Asia & Pacific","EAS","GDP (constant 2015 US$)","NY.GDP.MKTP.KD","1204824691149.71","1251102124907.74","1319439722336.91","1421980912199.57","1570055590484.15","1679517442622.32","1824388467486.41","1958700964099.46","2141678684498.17","2387772191998.66","2480473648061.83","2611454891465.83","2798717755254.9","3013422030743.78","3043697033373.72","3151702931890.13","3283478430652.11","3454174162053.73","3654470721064.54","3871147720026.98","4016051864115.34","4201001867816","4376233944997.86","4567417273512.26","4851113551693.41","5129939121964.25","5383484441908.91","5723760756482.9","6163417266399.4","6478470643077.78","6809383648103.16","7138565924076.17","7440221755755.48","7751068821257.16","8154326382304.28","8607830032343.25","9091363654267.15","9478998871634.3","9504531878692.21","9864855457070.58","10410628851117.6","10750501131208.8","11228158149392.2","11780775492578.2","12471351307838.4","13214477677847.5","14076333712468","15137773427430.2","15808133836545.1","16207768959104.9","17443624176618.6","18382455176283","19350249360674","20369669523477.5","21371640894034.6","22388696608294","23425550033381.4","24605417734608.6","25789431199019.1","26831557863474.9","26807230984539.5","28544440452498.4","29415490830816.5","30613052966806.9","31753493803199.7","33022789352605.6",
"Europe & Central Asia (excluding high income)","ECA","GDP (constant 2015 US$)","NY.GDP.MKTP.KD","","","","","","","","","","","","","","","","","","","","","","","","","","","","691118089851.43","714080571684.851","723036286167.85","743032451260.494","708411451531.442","674866799729.413","661184116979.637","595282253885.977","600923970770.549","623830351266.705","657950509155.397","671508692313.771","664052668649.04","709182446850.173","709797907953.552","755126160670.569","805012247945.543","882272475253.836","957515209643.605","1036433697764.48","1110940171536.93","1145602847305.9","1106152357445.49","1185003417106.59","1284050046254.62","1336575041517.98","1424217261208.39","1470584654497.81","1521842301869.27","1565336145438.53","1659396687268.53","1722246893986.14","1767356445546.51","1772495854640.22","1936981176857.74","1997257716557.03","2098131813476.21","2183252021278.85","2274969077900.55",
"Europe & Central Asia","ECS","GDP (constant 2015 US$)","NY.GDP.MKTP.KD","4842213258826.04","5087174590909.27","5324704210419.46","5584579071400.15","5915964191041.49","6185342889277.91","6419340381507.7","6641823766926.03","7002343706961.77","7416542701834.74","7787048038452.43","8045288022813.89","8408916437238.86","8917827113921.66","9132847929467.35","9114393223577.99","9524408520276.24","9780671425472","10078629759916.8","10443828740720.9","10584556173757.9","10626120053993.6","10740424909692.7","10946124012210.9","11251016806295.5","11545520724574.2","11882434351273.8","12243644450112.4","12742081420767.3","13176374051703.2","13465533999100.7","13485714514307.7","13400701923175.5","13306881069200.6","13505919071874.7","13836597115880.3","14087085180842.7","14521050830449.2","14894083752482.3","15326588871222.1","16000909941118.8","16357958592814.1","16616267966168.2","16918699670427.6","17456982626350.7","17934793268688.3","18633509790807.2","19323664440725.5","19521776725222.7","18661238407869.3","19153582058001.8","19598629957150.9","19661393267222","19833679521303.8","20219177494570.9","20639397476661.5","21033249573691","21656188549289.9","22128860125580.3","22534149729887.7","21322747788376.5","22777941569934.7","23558792720238.9","23805442456000.2","24188931412158.1","24600940778761.2",
"Ecuador","ECU","GDP (constant 2015 US$)","NY.GDP.MKTP.KD","10979942382.0563","11542600183.1743","12110397647.342","12365487217.9945","13281429196.1171","13716406958.1242","13669836239.7136","14301529480.3009","14574608375.6098","15255131525.6245","16303453382.4831","17329365500.4189","18198890797.8275","20737760204.2233","23062154053.8238","25592569112.8408","27485699466.5657","27926801545.6376","29520535222.701","30622846296.7579","31758550581.5091","33541114872.2049","33747340858.0018","33633656605.9448","34516632001.893","35874861958.723","37117847903.4178","37021676038.7371","39202425756.3364","39596715108.4606","41053840192.2984","42815601069.5925","43720855882.7784","44583563740.6155","46482043534.1577","47529074179.3251","48352157793.1227","50444773789.827","52092567129.0487","49623699371.7399","50165491738.8835","52275588700.0666","54851779632.3615","56433979416.1321","60289773139.5514","63544590361.2542","66303144898.6572","67564514887.9228","72000071699.6601","72785601820.191","75718234074.2169","82140258351.3877","86890603905.3287","93156490881.1886","97093344927.4784","97209558000","96540800718.3398","102304671535.156","103373033702.498","103544017315.435","93971273313.9152","102825145845.295","108859360917.986","110854579493.525","108699466449.551","112749552668.283",
"Egypt, Arab Rep.","EGY","GDP (constant 2015 US$)","NY.GDP.MKTP.KD","20297834751.3745","21345429171.5366","22172696194.2534","24504840915.7323","27324754468.9986","28667504459.855","30114182469.1932","30356681177.7687","29868912347.0229","31445846805.4971","33206347267.8918","34553643778.9408","35609492777.1748","36858257210.5883","37432854799.1024","40779032775.3748","46194361685.834","50353260517.1524","54698126368.8247","57185627388.6273","62910668708.9421","67533693105.5594","74224371654.6229","78005663121.4996","85607909951.0189","90565897013.7488","94862819134.7814","98498676314.1167","103878004711.469","108989704831.676","115166183182.787","116462268700.452","121671461982.01","125200896556.916","130175343748.458","136218680413.819","143014263359.029","150869114035.837","159280817658.317","168922784450.994","179683172290.126","186035425185.306","190482051409.279","196565009504.224","204608590453.732","213758163784.665","228387426639.909","244575133304.554","262077623378.478","274326082660.557","288446290410.386","293536132736.188","300070833530.761","306628779734.432","315569804751.828","329366576819.407","343682967577.042","358053111989.475","377141312302.884","398080548970.536","412213064650.314","425777537422.894","453827104224.859","470892276432.179","482189779212.902","503367605841.295",
"Euro area","EMU","GDP (constant 2015 US$)","NY.GDP.MKTP.KD","2701389662582.99","2856522970926.18","3021068689520.96","3168344975644.27","3354224333372.21","3523440674982.08","3678068739829.3","3804636868232.5","4020691430039.98","4307394980580.16","4549010967886.08","4719950109819.39","4950888186663.36","5253799681523.79","5423540135907.5","5381832218266.36","5652299409528.42","5827617819278.2","6008976291381.99","6243489373991.53","6379714304057.65","6415863862454.76","6460591448531.55","6551428156215.8","6709303835942.81","6864071881203.21","7037622673202.84","7217196874368.39","7531540961146.53","7837847045658.12","8113803115499.38","8301394061229.73","8391577892380.3","8334028893481.41","8543427383609.45","8754539688145.07","8908285584709.91","9148493656900.26","9423232048572.44","9703249232520.18","10082012960570.1","10302812567408.6","10401909093797","10481752769482.2","10725552461790.1","10917552222364.8","11281907499225","11623184491833.9","11673509324114","11150763697845.5","11386699303438.8","11589250968001.9","11483341545060","11464012516195.7","11630666626226.1","11880603228444.5","12095263670747.8","12412541391609.1","12633769254141.6","12839963669018.9","12063948472943.5","12841288688013.8","13311881465201.9","13373125486938.7","13498659987290.7","13689135855870.7",
"Eritrea","ERI","GDP (constant 2015 US$)","NY.GDP.MKTP.KD","","","","","","","","","","","","","","","","","","","","","","","","","","","","","","","","","1154926145.9126","1310318715.90375","1588386838.47483","1633788955.24089","1785058837.07344","1926233510.02823","1960377599.52023","1960641860.30086","1899038769.45137","2065307884.56551","2127379250.62751","2070886355.8446","2100950149.6029","2155038051.30131","2134151053.76576","2164601595.02151","1952837971.21425","2028539764.99879","2073049788.74561","2252986366.41081","","","","","","","","","","","","","","",
"Spain","ESP","GDP (constant 2015 US$)","NY.GDP.MKTP.KD","191405165865.495","214065000333.54","235371827917.784","257959283075.635","271653078564.077","288639912327.964","309554934138.158","322990665555.018","344298424975.947","374965138730.329","390882299704.606","409056269215.41","442393315595.884","476848965657.545","503642086898.715","506372851132.131","523102353883.318","537951003182.771","545821244290.082","546048014004.367","558108729943.213","557369411137.954","564316807889.356","574305868927.187","584555434060.426","598125512978.773","617584460036.694","651842628032.117","685049604314.94","718117156374.292","745271992216.377","764246620838.292","771348118766.823","763391725887.252","781584842222.945","803136997375.095","824078081163.909","853640231891.445","890363642200.019","929618577227.575","977964704474.031","1016292009754.12","1044295490089.67","1074990358774.14","1108471271904.22","1147835587310.16","1194247574981.13","1236446314615.43","1245931907237.16","1198983535018.34","1200112046037.65","1192432281393.69","1158267740898.69","1141735527746.35","1159095455877.44","1206164777553.12","1241326362266.48","1277275696051.09","1307871701701.25","1333521400432.69","1187633217292.02","1267004457826.92","1347716659731.45","1380882052539.27","1428595035672.37","1468952188359.05",
"Estonia","EST","GDP (constant 2015 US$)","NY.GDP.MKTP.KD","","","","","","","","","","","","","","","","","","","","","","","","","","","","","","","14658008309.9357","13485390300.9126","10630714503.4869","10020459395.2769","9855880443.77427","10302024946.6889","10811255302.9678","12222126358.4524","12752545572.9222","12698344018.6504","13979307068.9028","14801394595.5546","15827575405.1485","17029885802.1805","18188037434.5502","19920094036.3597","21864807422.0901","23520174236.2883","22314692031.2014","19050002927.2983","19516680413.329","21001309333.0129","21772481344.2301","22154913628.3244","22891074856.6938","23311847750.9394","24032887679.5037","25387062190.0468","26326306710.8582","27307395871.0676","26519903136.8312","28709089435.1187","28357067289.1155","27578887219.4051","27554054399.2591","27715055071.5067",
"Ethiopia","ETH","GDP (constant 2015 US$)","NY.GDP.MKTP.KD","","5060754512.88356","5279687375.38478","5518257120.31888","5743980633.82856","6075519291.02073","6516395304.62888","6781064426.53545","7061948852.89127","7160015128.76836","7409379033.4916","7892950389.99238","8226597999.33627","8646966422.00795","8930038558.08361","9041318600.70302","9054773015.49064","9301577299.83524","9556441106.78672","9451247272.62038","10058411101.9855","10499125225.0731","10595298666.9711","11467822118.1558","11141216084.1289","9899599637.68004","10856060579.9856","12360637883.6444","12422895311.5853","12378043171.1061","12715524549.8114","11807956564.2102","10783913879.266","12201225772.2542","12590440553.1192","13361921235.3205","15022296788.5679","15493081576.9196","14957309259.7395","15729427374.8572","16684709707.888","18069758569.7896","18343465847.9802","17946997565.4188","20382872320.545","22791876293.8269","25261313883.9249","28155292189.364","31192831993.2611","33938597623.7578","38198074328.8086","42467968231.3241","46140518129.2398","51023232360.2629","56256936828.9833","62103418181.8182","67961933367.1549","74461941569.3207","79537377550.6924","86189951997.3118","91412658764.8075","96569731966.5325","101708941223.239","108415879001.877","116669335366.646","128069700729.493",
"European Union","EUU","GDP (constant 2015 US$)","NY.GDP.MKTP.KD","3075152606302.15","3251983212213.47","3437149543043.08","3601470566457.42","3817287134791.46","4017587842757.79","4189229083381.46","4337773258530.43","4580201856204.33","4902213187066.47","5173303752838.84","5362183423826.26","5618031776333.81","5955391077727.57","6142845854863.44","6107199147198.17","6404956943473.81","6593654626187.09","6795455295430.41","7059755343517.41","7205675777152.83","7245912135917.65","7305282747102.02","7410919235233","7598161975252.95","7774177986013.09","7974697721665.17","8177564437466.84","8515310659738.02","8846819170458.1","9138537566436.44","9271990809819.65","9355592250394.26","9299830621128.65","9551056438121.57","9811293545857.25","9999286148347.91","10267715686285","10573838622731.4","10891449648183.5","11319874142755.3","11564512827167.4","11691455538411","11801001320220.7","12107815979207.3","12347984904767.7","12788504225576.6","13190298740842.2","13271810921045.5","12699519152863.3","12976597540172.3","13231016171054.7","13129876571476.5","13125538820545.9","13339841065739.3","13656255577702.6","13918452820951.5","14310689902816","14603546677236.8","14877400414856.8","14047407916987.8","14943314673230.5","15475977359466.4","15543763521524","15712658769407.3","15954312288194.7",
"Finland","FIN","GDP (constant 2015 US$)","NY.GDP.MKTP.KD","49407156604.774","53164407950.6451","54749741991.0896","56548325531.1356","59510715024.1508","62666483960.1516","64153448309.5668","65544826887.6016","67054514210.1638","73487247196.2575","78977062520.1493","80838489674.8327","87091738771.8179","93174076319.5824","96189686453.0072","97925812133.7108","98263052166.5337","98498402621.9366","101374267934.078","108594068216.173","114446254119.054","115921906116.039","119500085463.279","123209187439.57","127184572427.964","131686975464.006","135315082418.65","140133697119.607","147464248896.833","154961227425.948","156033016628.071","146857345004.687","141994349627.478","140887056302.517","146472344493.8","152674521262.385","158266465561.969","168391880311.838","177576428488.635","185370756398.689","196036503503.623","201212380923.485","204607490634.566","208723783982.573","217083963685.375","223113056548.362","232081249320.459","244411266035.096","246328504349.487","226434937568.653","233609048324.553","239193226293.28","235550695854.071","233242909052.234","232127848351.009","233210733506.25","239208760000.401","247110710501.527","250058685918.643","253433824168.6","247120696232.09","253734502126.393","255670602724.759","252373129874.188","253318435246.671","253757802164.372",
"Fiji","FJI","GDP (constant 2015 US$)","NY.GDP.MKTP.KD","864434172.569941","894841353.354185","927110246.898094","986063073.139143","1034156137.52655","1006231161.23722","1006231161.23722","1140581418.13159","1230872370.49722","1262830870.06892","1423244627.55804","1521291759.85239","1635164657.43631","1825054178.68311","1872526573.90302","1882454919.2189","1933961959.01465","2048143301.74906","2086308433.85152","2341355880.03453","2303813246.65554","2449644407.23484","2303192754.43148","2211983488.14031","2397635803.6856","2287021478.74166","2464263538.56414","2301252012.4787","2323246340.57755","2496064096.57135","2640835882.16179","2569533223.62914","2726274790.8792","2784345343.43662","2926346907.2576","2999505550.57793","3143481852.78106","3074325265.20979","3114291482.04859","3388349095.97074","3330747237.18126","3397362190.95907","3506077734.09198","3541138476.19955","3728818846.10921","3754920562.85453","3824479849.43709","3791946783.29969","3831109770.32145","3778009151.43962","3889636956.0034","3994857171.09434","4051237155.71045","4243031650.4939","4480790522.10627","4682479893.97558","4796997058.29905","5053797788.67878","5246466296.15652","5215934664.43218","4319652692.23429","4131922227.74208","4865137073.66065","5324525626.08745","5512527116.27431","5688678190.51222",
"France","FRA","GDP (constant 2015 US$)","NY.GDP.MKTP.KD","510927948958.609","536200619107.149","572963952580.446","607933884141.28","647952997536.6","679305823933.8","714382070500.882","748685060225.257","782705445711.669","838227806923.227","890199392705.707","937321618883.858","979633325317.947","1040317535197.25","1086244576613.68","1075972943434.03","1122643877509.26","1162544388757.55","1208457476980.2","1253113736480.6","1274121102725.16","1289261671631.73","1320752051528.69","1337420703409.51","1358946108004.79","1380268983033.81","1413251000995.92","1449327712381.84","1519101594974.65","1586020591645.5","1630899060963.07","1651067777785.17","1676098974378.87","1670081815758.79","1709890902349.41","1749300344479.7","1773739467493.06","1818562957062.05","1881350558837.76","1945303460549.75","2025858476151.37","2064338989612.96","2086380974762.6","2106573536968.08","2166995343501.89","2207920477337.34","2267844862926.15","2325232266328.63","2334072135222.36","2268145064848.79","2313515332182.54","2369909039106.43","2374265767668.09","2392826743357.49","2416703156974.4","2442483452642.5","2463489569347.31","2514819204088.14","2556210832760.02","2608036638906.12","2413981867676.36","2580120255051.75","2650215998256.03","2688358302961.22","2720362347819.81","2743239233772.68",
"Faroe Islands","FRO","GDP (constant 2015 US$)","NY.GDP.MKTP.KD","","","","","","","","","","","","","","","","","","","","","","","","","","","","","","","","","","","","","","","","","","","","","","","","","2166314314.46368","2067675562.88792","2059822159.10004","2133282898.13186","2284350973.3955","2418125853.51823","2549481885.27429","2573905971.05459","2609591837.86672","2701241060.07126","2775895516.47884","2901879820.04399","2854366727.12733","2998979304.47733","3114769889.92582","3213157332.58036","3240267282.45612","",
"Micronesia, Fed. Sts.","FSM","GDP (constant 2015 US$)","NY.GDP.MKTP.KD","","","","","","","","","","","100099376.013948","102403237.761822","103495793.744613","138611924.677428","159857358.947503","159976113.930306","160546145.908557","164441339.507481","173716175.041465","177397609.411317","164631348.000019","180639647.354504","175904966.369011","179299926.656296","172213099.772864","200715532.067362","216731321.458696","219331577.265039","224922127.248677","232852907.458022","241563764.409272","259505475.630252","269906611.764706","291878752.941177","290318621.84874","310682914.285714","300309045.378151","281656557.983193","289646642.016807","292916218.487395","306462262.184874","312040376.470588","313423401.680672","318948292.436975","308772635.294118","317243697.478992","315932773.109244","310689075.630252","302823529.411765","306756302.521008","312000000","323798319.327731","318554621.84874","306756302.521008","298890756.302521","312000000","315932773.109244","322487394.957983","323798319.327731","335596638.655462","328693310.92437","338881815.12605","328328611.764706","332041936.134454","339683314.285714","343292813.445378",
"Gabon","GAB","GDP (constant 2015 US$)","NY.GDP.MKTP.KD","1696430402.16032","1946939619.42109","2091971271.33539","2219423267.20213","2320505870.85802","2513881414.09618","2627207303.04505","2735320899.36372","2803944654.17385","3030584989.18453","3293619830.31703","3631503425.96331","4043205904.71932","4454902662.03178","6214014316.31316","7406490804.13761","10045078184.8121","8781197289.68249","6669389058.07285","6701028991.88961","6872102050.9686","7222258278.85147","6998547355.48186","7391042735.22878","7946028913.78889","7760652085.26897","7698287660.97566","6378336008.80052","7197655800.48086","7812717800.63261","8218372646.58668","8720720960.85617","8451237981.301","8784770737.08178","9110927737.90141","9564091413.41355","9910794415.49417","10479512210.8024","10843972206.2432","9875321072.27314","9689372094.82624","9896262806.17442","9871617829.34082","10093465659.4406","10163064451.2538","10435048720.8443","10142180902.0393","10751534086.7123","10395827037.7727","10409376035.5652","11147389066.6347","11937934403.3789","12564804521.2615","13273296028.5793","13846034032.3711","14383107762.6952","14683922149.3088","14753324537.1727","14876945089.6921","15460241661.1259","15176119359.5533","15398898313.8373","15866657481.1283","16253635205.6306","16805289922.6502","17220864511.3862",
"United Kingdom","GBR","GDP (constant 2015 US$)","NY.GDP.MKTP.KD","802958140795.998","824648563180.03","833708945906.307","874223408989.472","923134556953.738","942800397855.001","957578318965.464","984158181478.518","1038018138374.34","1058146739985.83","1086807506706.89","1108592971833.22","1148794666508.53","1232812042936.75","1212104524614.49","1203900150366.65","1237665408113.17","1266915785220.6","1310033665484.62","1346017305980.74","1316686213225.92","1299260421919.25","1326454837276.92","1374530155674.6","1411242824002.48","1462038836257.16","1520700657209.66","1590076250308.92","1670090505985.98","1708192731044.26","1721504098259.6","1699254695038.56","1721255429795.6","1781335634495.42","1869572508478.99","1935631814547.44","1986246961912.3","2083175521750.84","2150801957623.71","2214131432953.5","2314307169243.88","2369642769659.08","2410140612988.09","2487711377293.16","2545576004983.01","2616614241852.83","2673913418491.85","2752283449984.53","2750923500693.34","2624727410659.64","2684060544650.54","2706913649065.85","2748282336997.97","2795510733841.06","2883853723651.98","2945579890258.46","3010574705731.3","3101591068534.48","3149707010747.53","3189276748351.15","2868821517197.41","3113908148054.35","3274265196937.19","3283159739927.95","3318626965006.66","3364704178220.16",
"Georgia","GEO","GDP (constant 2015 US$)","NY.GDP.MKTP.KD","5243159135.67355","5498288150.05056","5779416530.19967","6022260625.29458","6349244544.44395","7019638203.70375","7548614493.0108","8020635559.04975","8378001665.83002","8778177254.15168","9836129832.76578","10079213236.6486","10365106122.0728","11037028854.092","12009362469.6233","12895704865.7106","13682282556.9885","14625580176.3439","15712196494.7727","16870286034.5575","17642345727.7474","18571497605.3761","18943381710.2443","19758250884.9756","20830721461.6776","21860010300.477","20072807510.2145","20330036655.824","21459462455.7942","19915715325.7756","16970422995.7282","13389689057.0621","7377748823.20649","5216056133.54707","4673678615.23576","4795034188.99656","5332200118.25066","5893190454.62344","6075968327.9871","6250184305.04248","6365211520.66238","6671206249.59299","7036389739.95908","7814405534.92863","8267069270.18365","9059975319.60238","9913559155.90151","11160245709.6589","11430503827.9115","11013204446.9733","11701134202.5253","12629541567.4316","13460417765.6957","14151325572.1376","14730184213.8494","15223796148.8396","15749049874.5344","16561685511.0983","17565660917.3341","18510819818.4957","17346401920.57","19192793472.268","21296041913.2144","22963990777.4548","25186857732.3036","27066204097.3435",
"Ghana","GHA","GDP (constant 2015 US$)","NY.GDP.MKTP.KD","7662648270.29804","7925452126.85685","8251121525.01243","8614663810.56862","8804989947.32713","8925530160.18407","8545455168.92649","8808259025.1072","8840749198.2964","9371740063.47322","10282998639.478","10819372656.714","10550223948.3406","10854554040.8706","11598364183.5822","10156498575.7214","9797955609.28167","10020771627.3309","10870125777.3191","10596748481.7835","10646732914.4802","10273770732.8212","9562450763.29886","9126045611.45629","9915226744.35855","10420072141.8334","10961828435.4331","11487437024.2462","12133969366.5825","12751087602.0406","13175548086.442","13871457663.3982","14409589638.7183","15108454815.9955","15607033785.5625","16248860403.8684","16996707892.1917","17709950508.414","18542387390.0119","19358251846.5356","20074507180.6623","20877487493.6","21816974338.743","22951457033.3962","24236738625.149","25666707129.5251","27309353954.6989","28496442169.6902","31103809332.791","32610629348.5193","35186775129.0417","40129504915.3457","43858655296.9198","47065830437.531","48410143589.6826","49436806230.4839","51104539956.3997","55258774288.879","58684861220.5087","62503939826.8611","62825173619.4157","66014472471.1465","68526223982.9084","70678009775.3851","74810884163.6805","79265436278.5707",
"Gibraltar","GIB","GDP (constant 2015 US$)","NY.GDP.MKTP.KD","","","","","","","","","","","","","","","","","","","","","","","","","","","","","","","","","","","","","","","","","","","","","","","","","","","","","","","","","","","","","","","","","","",
"Guinea","GIN","GDP (constant 2015 US$)","NY.GDP.MKTP.KD","","","","","","","","","","","1942094537.42791","2046303803.61148","2093679410.45577","2126493371.60931","2238138977.04167","2302528457.7449","2484966268.00798","2401643613.44062","2564865665.15536","2533885659.63891","2599801856.25516","2615653814.13534","2662735707.35719","2697351586.67643","2735114764.04489","2871868603.63435","2961299741.68835","3059020822.11607","3251987425.51287","3382179961.94632","3528427545.98221","3620640283.15178","3739069518.82914","3927673589.83666","4083606123.90946","4271765348.97459","4462353367.48162","4693574823.86752","4864614381.03605","5050053677.45401","5176459579.46449","5365832405.72436","5642956694.13195","5713414722.47307","5847115329.55072","6022369313.03617","6094011545.87354","6509469022.49636","6778506429.10409","6702408065.67158","7025019105.91374","7419271030.30424","7858142150.2509","8168199850.29177","8470141696.43118","8794201742.84609","9745789528.35549","10749606370.4679","11433119223.7578","12075307751.6835","12643401588.6985","13349198344.073","13879482945.938","14648645956.2703","15432355339.8071","16581617762.5156",
"Gambia, The","GMB","GDP (constant 2015 US$)","NY.GDP.MKTP.KD","","","","","","","253504725.723235","253504725.723235","277780701.967519","284546114.523255","302056645.839376","301857659.86377","302587264.271584","330577582.495729","350011556.292565","393389990.330913","422308976.529101","436834614.983294","464427038.901168","458258597.172334","486991776.014378","503169126.654155","499321982.876258","553664331.566174","573237790.274772","568581582.283382","591842657.034875","606368444.288168","633514510.041076","670864763.575962","694740031.231163","716325876.505343","740528298.603424","762833761.663294","764011164.754756","770748583.770315","787886530.287664","826492963.259544","855420206.246188","910167091.320248","960226283.311822","1015919410.0795","982902027.731066","1050427393.31825","1124482524.55398","1098037738.85618","1091937250.0561","1125167625.04935","1195557048.77095","1275249585.58493","1350595613.51288","1240786190.47581","1305822857.84822","1343336129.36544","1324430251.83027","1378176608.93204","1404959537.12175","1472715273.80675","1579264608.77791","1677527292.27233","1687449652.95674","1776141480.03218","1873704900.09444","1984568192.28141","2094736745.57173","2218181510.8707",
"Guinea-Bissau","GNB","GDP (constant 2015 US$)","NY.GDP.MKTP.KD","","","","","","","","","","","309755918.777507","297641465.593937","316615694.987483","320129789.759336","334725278.541427","360986432.509662","378831635.457592","351669142.123436","397829386.273409","405762678.552412","341032772.531507","402989997.491558","419915908.380757","405645958.85415","442597153.781284","461037932.755857","457377994.07007","470641955.932678","492291485.851147","522321266.59307","554182863.783592","582446190.027857","588853097.930413","601219012.922846","620458021.451395","647758174.433145","722898122.695806","769886500.621982","597079877.976298","697478986.452666","705153195.39567","738901627.416716","765900620.254642","763710672.551679","772660533.181804","823345295.681209","845299838.603667","866938047.629768","906163311.064931","928345745.452418","980382895.434522","1059647261.07297","1041496885.43544","1075408772.95023","1085781367.43837","1152384166.79638","1214989490.95557","1271652706.03289","1319485332.4773","1389780856.97486","1429966367.64789","1501712207.49424","1583672069.18832","1657004378.82743","1730065033.65906","1830722598.28661",
"Equatorial Guinea","GNQ","GDP (constant 2015 US$)","NY.GDP.MKTP.KD","","","","","","","","","","","","","","","","","","","","","132086051.076547","139706650.788986","142782538.514882","149927929.590197","151444273.188883","170988427.529981","167003445.86169","174412950.140804","179044071.247429","176843300.771014","173733397.99699","171957427.660152","231704586.214421","257269046.82918","300152801.145199","352638311.553616","587424889.588275","1468403404.76972","1817508712.76923","2283954429.45661","2699948863.55525","4411173089.8169","5269712387.32535","6005113941.93001","8286980786.09409","9674942387.18021","10420388726.5973","12012844402.6491","14151023687.8999","14341122354.4363","13061295371.1388","13913404306.2274","15070007775.4052","14447134439.884","14507099626.4903","13185496881.0174","12023008461.8485","11341603434.7324","10634279338.5817","10051326714.9325","9569759527.14748","9652085293.25754","9963221065.40967","9223446389.92684","9259992038.43505","8718580207.6518",
"Greece","GRC","GDP (constant 2015 US$)","NY.GDP.MKTP.KD","41539985361.5399","47024857985.3205","47196410446.5485","52786762334.8895","57753826340.2219","63972764697.3105","68127476783.7885","71989954837.5754","77175907942.2961","86100274027.8043","93789528052.5007","101143730558.398","111420086907.787","120436622701.813","112682623197.718","119856909405.256","128069383417.525","131835905144.408","141389873865.792","146030402056.192","147019219771.839","144734950884.65","143095614240.297","141552152406.143","144398172998.4","148021926593.792","148788176908.38","145427255498.996","151662975130.371","157426168113.858","157426168113.858","162306378863.087","163442524062.296","160827443641.566","164043992268.73","167488456016.048","169803934634.075","175921772178.591","181968090540.634","186806231970.762","194535950663.831","203582678904.899","213116735217.242","225470734593.334","237596249349.014","240408216059.142","255898673342.699","264872706550.759","265024939553.215","254107830646.221","239639588360.141","215970916413.204","197978089510.093","193479795684.276","195012591113.587","194567373678.099","194505511433.343","197370820217.692","201445880434.67","206033167050.895","187085880047.738","203277223532.871","214502162962.972","219083738943.271","223655084018.924","228291607840.839",
"Grenada","GRD","GDP (constant 2015 US$)","NY.GDP.MKTP.KD","","","","","","","","","","","","","","","","","","294935712.434929","310689415.023815","328094495.435333","326339898.60685","331346564.449883","345012163.476187","357544988.718075","370303857.706844","392446947.632986","420680655.446063","458951763.014822","472567905.754739","490372992.122434","510049757.237171","517116730.160327","512715297.542475","502672150.4058","511185184.991459","522070746.474282","545241471.586559","572588028.202019","639887179.228114","684028916.017964","717463922.03278","702943169.422603","727105600.384471","795918681.218461","790765503.201134","895749020.659748","859960907.039514","912620191.349021","921267656.665568","860341634.562189","855944031.100456","862490064.656016","852529700.227814","872573509.102323","936638937.786048","997007407.407407","1034291535.85512","1080200382.60863","1127312678.42806","1134939081.03144","978809798.804488","1024791581.86502","1099706286.21882","1149485315.76389","1177068915.37718","1229001313.63051",
"Greenland","GRL","GDP (constant 2015 US$)","NY.GDP.MKTP.KD","","","","","","","","","","","713408661.20171","806585906.039216","856410923.91198","914698328.318166","966893338.199623","973141791.091122","1031133339.48176","1122103173.82261","1189616948.38369","1247439439.61142","1355667363.53824","1364686341.57105","1304371833.71611","1349466794.07412","1279569603.00479","1326355632.28614","1420491372.10858","1498843859.42713","1582833234.42623","1688242726.38638","1490388563.1779","1488697499.84214","1412599749.26156","1341575185.54526","1421055060.70202","1474041620.85829","1496589112.21245","1518572904.49646","1636383513.20916","1658930987.10214","1776741578.35367","1799289052.24665","1781814765.21794","1860749973.98387","1989264212.32217","2088478601.21324","2204508100.36514","2256367786.21633","2395498418.1565","2416242292.49697","2458184031.69379","2445978671.28639","2480080343.49763","2447881939.21831","2563963821.89127","2499113022.81675","2616120347.69515","2617499780.41644","2633808516.64035","2708402650.63237","2715195047.19671","2759563889.53607","2814880887.77734","2839256686.24476","","",
"Guatemala","GTM","GDP (constant 2015 US$)","NY.GDP.MKTP.KD","7658207835.01677","7987397303.99014","8269871710.51449","9058903803.4147","9478602131.04045","9892036890.2383","10437296250.3765","10866496201.8548","11819057068.0787","12378915047.9237","13085489109.5694","13816150702.7703","14829296165.7862","15835142758.1275","16844637844.1202","17173106736.0095","18441729746.6226","19881885120.4926","20875321250.242","21859270351.3774","22681174142.597","22827889270.4855","22022044460.2362","21455617338.8059","21562186907.9435","21430800103.4375","21461456776.3033","22222047221.7913","23087015313.1078","23997241559.2825","24741771139.0548","25646886672.4939","26887769953.3863","27943688156.5346","29070864301.3334","30509449830.5571","31411852201.4039","32782693685.4238","34419706609.1969","35743854127.6914","37033802897.7301","37897644076.0793","39352643430.8267","40360219725.0047","41626689854.8393","42990391422.8401","45290978278.1142","48161393073.4035","49747600113.1476","49984845476.1643","51426496107.1135","53567847518.1691","55161334868.2406","57199418297.9914","59741348010.7131","62186066547.6566","63851287023.2843","65817811666.4384","68060141106.7437","70794728365.1131","69530652260.4529","75122101496.5524","78243366193.0214","81000900543.9077","84010557479.994","87606236290.0643",
"Guam","GUM","GDP (constant 2015 US$)","NY.GDP.MKTP.KD","","","","","","","","","","","","","","","","","","","","","","","","","","","","","","","","","","","","","","","","","","","4800664422.202","4842877343.03913","5157363603.27571","5345211101.00091","5149976342.12921","5186912647.86169","5292444949.95451","5315662056.41492","5435968880.80073","5440190172.88444","5556275705.18653","5650199454.04914","5751510464.05824","5799000000","5809553230.20928","5861264058.23476","5812719199.27207","5959409099.18107","5332547224.74977","5442300818.9263","5719850773.43039","","","",
"Guyana","GUY","GDP (constant 2015 US$)","NY.GDP.MKTP.KD","1555849243.71008","1628811172.24648","1646808327.27754","1444602377.02959","1608713286.32745","1778288055.66404","1871350740.24171","1952073734.27444","1972079123.76025","2110013962.86862","2199804697.49544","2268281336.58747","2193027225.96307","2220324260.24621","2391352284.36973","2594211213.12201","2634081989.7315","2564577004.01239","2518255902.1123","2472028372.68628","2514890618.69424","2552517555.06155","2215837056.70706","2065328835.4097","1961468862.25418","2008537592.24204","1990448657.74979","2008350685.18367","1934171587.8471","1839074818.14123","1782661480.13403","1890652727.13754","2037327406.13112","2203881070.82096","2391925529.8736","2512273984.61924","2712138382.14991","2879766586.43647","2831412296.32746","2915226398.47074","2875468427.07822","2941015352.67748","2974326085.51831","2955521640.87583","3001726850.82003","2943164432.84229","3094137270.70843","3316643991.45274","3374858506.06674","3496741806.93763","3641452424.56855","3830671453.00564","4032790343.85011","4180123674.47048","4250621228.25175","4279840193.7046","4442793237.23993","4608708975.07815","4813377725.77348","5071030135.73162","7275896377.20418","8735441012.70968","14268000638.322","19089873040.0558","27454916553.9543","32763601884.4747",
"High income","HIC","GDP (constant 2015 US$)","NY.GDP.MKTP.KD","9349965504390.06","9762602597323.94","10309064020343.6","10830644686185.2","11525414052798.6","12166709149132.7","12837681421219.1","13329564837938.7","14118539419250.5","14911030357011.8","15364254966531.8","15940293411939.5","16807800608353.5","17880465671564.3","18102883431862.8","18128053255694.5","19036073065858","19760649375690.6","20598667373105.2","21435887376513.5","21701134739192.7","22111183629412.2","22083257216809","22708528009615","23785873234483.8","24616923244164.7","25407484011818","26307773822959.6","27523174424556.5","28578113491288.2","29322519656757.7","29566605976224.5","30025199418932.4","30359979717465.2","31272369290880.7","32152478771749.7","33088662909034.4","34262550340047.8","35167875527773.9","36424517352212.3","37989637007551.3","38587772574938.5","39223972217179.1","40117276774442.2","41524780079349.9","42775210293108","44170303578935.4","45458266190023.4","45772959123723.8","44233805523853.2","45581536346037.2","46496744804990.5","47198514610393.9","47960406104966.2","49020869105055.7","50179969310921.3","51103109667903.8","52376587030216.3","53636000398827.8","54655276372914.6","52542203024740.1","55679557508204.9","57408886999170.5","58439575053271.9","59590533300228.3","60727124414914.7",
"Hong Kong SAR, China","HKG","GDP (constant 2015 US$)","NY.GDP.MKTP.KD","","12533003278.5798","14324076662.8693","16582032636.8598","18012713145.593","20650203741.2775","21020827550.1142","21357898298.1925","22083524490.8572","24588563004.0722","26852349509.9323","28810638147.8376","31868037048.1614","35781314022.9138","36645552860.0232","36825859307.8366","42778502316.491","47794629894.8612","51742890060.8306","57722705548.1975","63557417799.0386","69443394726.3171","71491891593.1467","75765011393.2791","83321710726.2577","83952508268.5165","93234384974.6557","105726354510.079","114725285405.494","117337693713.136","121832373724.31","128779177421.731","136808589876.281","145292343776.51","154062233778.486","157719407391.121","164435850074.68","172821585033.481","162655117633.707","166732419571.052","179509865148.01","180516676990.834","183507299799.746","189115941428.1","205569152313.655","220756917763.457","236281973981.408","251557197409.253","256910175715.631","250592519409.938","267551886467.787","280433621558.184","285201896527.083","294047583443.362","302170394417.859","309385622601.348","316116146569.422","328116261237.137","337457433352.288","331813698522.682","310097167509.498","330112173307.105","317946603546.339","327963017258","336586373892.992","348325324736.967",
"Honduras","HND","GDP (constant 2015 US$)","NY.GDP.MKTP.KD","428527494.478446","435656326.248255","445176447.43387","450822527.242666","457797455.276318","469623900.927091","464367268.33444","481847770.644054","476170857.346701","480367673.767704","504106900.878571","527572760.442541","548176464.850923","572522562.083381","626403669.340699","659728478.179991","765945167.237367","832415796.700171","940116353.623574","1048514226.88164","1185305219.45635","1271291180.28353","1327117465.18878","1419960839.57122","1453450087.04869","1521300422.33862","1605514179.59554","1633451639.13376","1757176144.66221","1882432395.32975","2280969074.40865","2875090820.92111","3134862035.97671","3562368637.01276","4596133115.54641","5730204274.97864","7045709680.83833","8625903501.81984","9624452407.55055","10738565557.958","11770779974.6587","12091321063.1334","12545270107.7257","13115708313.2068","13933118990.7264","14776156180.0019","15746542343.9334","16720989901.6315","17428555328.7177","17004757718.2843","17639229093.9667","18315815357.186","19072018181.9071","19604424966.4102","20203944075.628","20979791685.416","21796529142.7732","22852116284.6356","23730778960.5382","24338200129.3672","22156260473.8169","24940257609.6892","25973672631.7766","26902451582.3921","27879658239.1165","28925544388.8026",
"Heavily indebted poor countries (HIPC)","HPC","GDP (constant 2015 US$)","NY.GDP.MKTP.KD","120654240872.379","120375619518.005","129175432652.95","133506090185.138","137914706544.68","143143730043.105","148604965831.418","151996811676.614","158761994596.84","166157021606.757","166204159092.241","173735959494.077","177306482333.519","182739470267.347","192497329245.04","196511352065.009","203862888357.758","210804264622.654","215848188412.675","216980769231.31","218379759680.537","224924401858.523","226295546420.702","226986538565.429","229461276320.894","232703674225.105","239566779627.118","247031093728.207","250519794956.517","254284614506.001","251430745461.038","253704851363.233","250135530767.306","250930199469.951","251827823231.216","264930660219.888","279730672932.774","296402633135.458","307519471378.963","318194649650.314","327344217588.213","339354046255.939","352627953323.18","366820602441.194","387974502011.43","409434072592.469","432871701346.046","456593631102.115","482263025177.128","499011768250.415","529988129233.298","552001940906.866","574319039637.499","609722238454.868","642977783018.742","674525283733.803","703530284007.718","739155507462.779","770073358512.024","802444594617.813","802469291619.595","837431567575.247","878462505043.296","909054239996.292","955606849315.489","1011278193672.84",
"Croatia","HRV","GDP (constant 2015 US$)","NY.GDP.MKTP.KD","","","","","","","","","","","","","","","","","","","","","","","","","","","","","","","46602093838.7601","36774331748.9042","32466847437.9486","29861194011.6617","31614187835.8976","33748057522.7818","35810546859.12","38018382838.5152","38875109178.2249","38544496743.6655","39680657122.492","40915080020.5683","43288734001.1977","45699236426.5457","47605119872.8294","49665562073.3499","52183539129.1275","54818202926.5143","55899090638.2627","52091418017.3307","51395391839.3109","51338072036.4152","50189628842.6824","50123096928.607","49842639321.5814","50999271058.5849","52766972837.1735","54499873306.8611","56086403565.5828","57826469010.6323","53020817678.569","59718022506.1921","64074327526.2691","66484829951.6172","69028396205.1161","71377484555.933",
"Haiti","HTI","GDP (constant 2015 US$)","NY.GDP.MKTP.KD","6694501128.55745","6498219674.86944","7010771683.47423","6878072319.31193","6764765888.12317","6911006452.42465","6871213789.45214","6725703043.18733","6939689176.20131","7204226191.74408","7251136777.72679","7721038031.59485","7796480893.27433","8167228671.56653","8639285435.54945","8736283400.77109","9473523979.62856","9824816121.51196","10434825547.2073","11223742331.1057","12051458300.9013","11707665179.6161","11290433820.8955","11392971447.7538","11427254839.7736","11496233326.0739","11439039014.7942","11348253230.3382","11370998175.3795","11039712740.2337","11154318515.4634","11364080463.8","10760655413.912","10176750400.4574","8960564685.92752","9847455167.82772","10255215964.9598","10532590219.7954","10762394520.9594","11054082104.3443","11150259169.2375","11112041891.9578","11228920585.9316","11619774577.796","11466642593.0665","11818917734.006","12027964912.6803","12594064682.4783","12928818990.6636","13690375422.772","12916662276.64","13575181302.2734","13643386325.9664","14233433330.5029","14644604839.5892","14849629308.6025","15118774099.5928","15498296353.5977","15756778637.9976","15485274058.243","14973407477.2561","14704149691.2104","14456828250.6294","14187369712.6764","13593635235.2547","13224852042.6065",
"Hungary","HUN","GDP (constant 2015 US$)","NY.GDP.MKTP.KD","20802988701.497","21780729169.4039","23109353648.3918","24426586805.1618","25574636383.9207","36420945623.3308","39116095599.4456","42049802770.0578","44110243104.425","47153849878.4212","49370080823.6716","52431025835.1227","55629318411.9369","59467741381.0763","62976338123.2251","66880871086.9406","69288582447.07","74554514711.8038","77834913358.2631","79936456018.8897","80096328931.1658","82392486404.5354","84733329896.4525","85345922954.291","87614458282.2668","87392734576.8445","88734168329.8336","92328993221.9218","92268736417.6688","92948226293.9038","89698143066.4828","79031203241.5134","76609544644.9065","76168190532.2801","78412984829.3261","79580966214.7964","79661529391.287","82033753398.2324","85190500943.9874","87819529312.3301","91691821698.8094","95416367494.0372","99929623991.0794","103865629649.023","109020611056.081","113708806061.092","118182032745.55","118574815857.973","119752782052.746","111681245651.521","112873946275.587","115037411549.874","113496503293.017","115802945078.187","120822254244.73","125244126623.289","128298381762.592","133589642960.172","141078862882.165","148241697677.304","141809897486.431","152052706989.445","158366514062.482","157072489603.652","158186244446.653","158992270290.276",
"IBRD only","IBD","GDP (constant 2015 US$)","NY.GDP.MKTP.KD","1882885465768.29","1905275692509.44","1967006923075.88","2059673413240.8","2230365524205.65","2367791539232.58","2498491338783.6","2600406891588","2765983463141.28","2979978750428.56","3210052207713.44","3402976162168.69","3625940993893.23","3881442140608.79","4101462226658.15","4291960879575.99","4562858666440.84","4777496832507.61","4971912299914.4","5208018224995.14","5462208675706.33","5578384177917.83","5738472201245.31","5826317010786.73","6113937883118.47","6383183060621.56","6631685232921.16","6955802497175.67","7240007214110.79","7452523936235.09","7601676167958.49","7696764970091.32","7823370635803.58","8112048138751.48","8402689949813.22","8742915130563.85","9218884368460.38","9715647872778.01","9974788196132.28","10343537656858.2","10954857222387.8","11354965926540.3","11867463258461.2","12566591183037.1","13538188023728.9","14519802365127.5","15729426913880","17138395438526.7","18156127515083.9","18662618198702.7","20111669409221.7","21388351194698.9","22556676606936.9","23732878098049.6","24867313098368.1","25941217987927.1","27094833997186.6","28493413411354.2","29878643363466","31070213600171.8","30670356237113.3","33008810382039.3","34253062851654.7","35842102818315","37428352956740.5","39039764465763.9",
"IDA & IBRD total","IBT","GDP (constant 2015 US$)","NY.GDP.MKTP.KD","2188192950353.37","2214139861010.48","2295077556699.91","2403736708927.18","2590062700881.24","2742898358117.75","2878758931355.56","2969838994920.13","3149262536193.5","3398327511775.89","3662982697500.42","3884830938139.37","4113838886262.57","4387638399994.87","4646133589787.15","4831036260419.72","5130614815739.87","5367124365227.07","5566049339613.62","5821560565680.33","6095933896924.6","6207033822891.12","6363591954678.31","6443426728791.65","6737346919925.44","7031875763978.03","7298372437319.94","7644887536840.66","7963241295637.1","8191154215070.08","8368740206508.63","8479468875621.22","8621713820765.13","8917839104047.92","9217626409135.71","9587466155628.51","10105492112487.5","10637022280049","10928446629460.1","11326212357112","11976539427536.5","12418507557068.5","12989806124474.4","13743303677155.8","14794176340939.2","15853639457057.6","17144363692795.1","18638061005241.2","19731707386957.9","20317444280260.2","21869193524050.2","23218439320731.2","24450078193747.6","25729037198228.3","26971577102548.1","28118750119954.2","29343268083197.9","30831942944626.3","32319461708695.6","33607314446147.9","33162583847445.6","35600558124565.6","36963029333610.1","38635939289661.1","40343734988549.9","42092920647698.4",
"IDA total","IDA","GDP (constant 2015 US$)","NY.GDP.MKTP.KD","289181369204.926","292553686661.319","309975106519.504","325041911873.215","340858766287.634","356030158910.053","362204005777.535","353942549071.112","368094467584.469","401266548211.606","434224827609.771","461785363968.243","470103877425.904","489410098223.503","525558011228.123","523419295325.366","551908921389.546","573749233561.03","580518104351.292","600590249401.328","621602054029.059","618920760446.675","618192757332.788","612710108143.054","622412166966.775","647970776870.768","667066364588.097","691120274573.541","724318239465.726","740742171220.11","769001409544.787","784787207144.513","800516410360.666","807631384547.774","816472712078.089","846086017953.839","888143110533.561","922716511591.017","955201896959.457","984141231911.657","1022825835832.65","1064798374276.77","1123825881200.76","1178098412069.26","1257297652735.17","1335033817596.26","1415761873265.76","1499904927980.34","1575627136566.47","1654909074540.51","1757588407071.92","1830118472796.12","1893397854761.56","1996159100178.68","2104264004180.02","2177532132027.09","2248434086011.27","2338529533272.06","2440818345229.65","2537100845976.1","2492227610332.32","2591747742526.24","2709966481955.4","2793836471346.17","2915382031809.38","3053156181934.58",
"IDA blend","IDB","GDP (constant 2015 US$)","NY.GDP.MKTP.KD","122994195964.568","125229586086.629","130478794395.175","141278494962.255","149620141328.842","157492902332.071","158512538889.114","147737130038.999","152374898890.542","175430506768.193","205623665938.784","227122847883.53","236300175562.924","249669947786.648","270116976696.315","266647070179.798","284843857419.643","300292595832.695","301662233496.119","318442494730.18","331514667863.452","320087235278.306","317018959258.443","307629948268.091","311775275291.974","330433849146.241","340230352527.577","352203228606.99","373770992120.73","385530964353.181","408425029444.76","416214571181.908","427797738228.039","426818565788.81","430611399064.426","440429281619.984","461367948006.01","472804106128.265","486051079472.088","495982540209.702","513469249335.135","533864504658.179","567931715838.514","593627318546.334","637445140218.292","675521976383.561","714270009739.066","753174813154.754","784866527581.335","831144550068.83","880637114808.288","918199184958.298","959890260209.545","1014950498092.59","1074069585009.46","1116256560392.48","1142757621266.28","1175036377333.88","1220843306869.8","1258307145069.02","1217720048831.66","1270813794299.18","1332099589691.57","1370398622792.14","1426799180415.11","1492100062682.87",
"Indonesia","IDN","GDP (constant 2015 US$)","NY.GDP.MKTP.KD","52777607844.8164","55807383384.864","56835342943.0885","55563919278.9667","57525157909.7895","58147343958.1915","59770437997.5003","60595510800.8184","67209619010.9976","71794859672.0359","77218698920.0559","82642538168.0759","88458625142.2643","95627290482.537","102928121319.277","108051163593.775","115492177179.31","125610822865.747","134110994997.818","143933699325.67","158154460398.846","170691612499.017","174526106274.393","181843928959.468","194528502792.725","199318073804.82","211028100540.478","221423191492.769","234222555729.351","251687564195.661","269915108912.607","288571594912.183","307321553097.314","327286415428.63","351963716551.494","380895160093.945","410674256276.219","429975448805.372","373533751956.055","376488874892.846","395012382597.556","409404526219.842","427825582126.161","448277224148.753","470829486219.898","497631790442.44","525006275302.523","558318040161.892","591893632243.067","619291626017.383","657835433773.518","698422460479.197","740537688618.414","781691320690.699","820828013230.588","860854232686.214","904181621780.388","950021694164.001","999178586309.021","1049330233997.45","1027656193885.38","1065709127396.86","1122268412650.2","1178929850175.16","1238260376381.51","1301511819008.36",
"IDA only","IDX","GDP (constant 2015 US$)","NY.GDP.MKTP.KD","","171420333355.962","184246554740.224","187916722237.317","195321612510.611","202576655445.754","208118743911.511","211847879341.603","221792934745.977","230948674728.26","231580777706.163","236616637551.744","235061796491.253","240522926023.194","255993164509.37","257662949752.22","267577387226.986","273505146278.111","279165814464.181","281706159845.669","289402060556.518","299163449224.451","301772857570.494","306191022838.903","311822414188.376","318360927762.764","327681666051.224","339802007213.697","350874888867.439","355122536277.534","359428284691.038","367431447036.985","371388460647.125","379699515866.6","384777902676.348","404811502960.176","425933556817.949","449350122452.724","468731323051.905","487955831177.844","509241874743.857","530837835809.627","555637959587.242","584262461035.008","619494457987.884","659177876123.409","701210417029.934","746554734757.359","790795619159.251","823786689829.836","876979301880.36","911945824969.424","933513645874.734","981208602086.082","1030194419170.56","1061275571634.61","1105676464744.99","1163493155938.18","1219975038359.85","1278793700907.08","1274507561500.66","1320933948227.06","1377866892263.83","1423437848554.03","1488582851394.27","1561056119251.72",
"Isle of Man","IMN","GDP (constant 2015 US$)","NY.GDP.MKTP.KD","","","","","","","","","","","","","","","","","","","","","","","","","1181084096.58618","1186031930.57773","1412629715.29841","1552428450.29754","1736070746.85469","1854908489.10312","1932573079.00908","1963590738.60468","1979299513.40244","2030761215.8064","2111991688.88312","2202807293.61618","2372423591.96083","2576451886.42492","2924273044.63406","3324898364.51275","3501118028.55419","3690178368.17942","3918969360.39539","4154107509.79688","4370121229.25085","4627958352.74886","4984311086.32714","5358134429.26002","5620683069.9188","5738717429.66488","5933833731.82898","6052510369.79887","6494579135.1244","6763575613.59418","7112244689.05881","7084800892.22284","7577357706.49841","7792384786.37832","7964861239.48697","7985161906.36243","7279527763.56095","7558904124.23897","7243812927.38562","7096383589.17697","","",
"India","IND","GDP (constant 2015 US$)","NY.GDP.MKTP.KD","136368119594.257","141444753583.433","145590679987.767","154317899661.255","165819135752.835","161448524536.245","161359197053.707","173987108161.169","179881668161.044","191645390146.726","201528983195.205","204839964092.459","203706581882.861","210419775342.652","212913957238.715","232395396993.299","236260373292.016","253400507183.968","267876092470.546","253844253329.845","270942749193.224","287216122413.739","297198988652.009","318861504638.44","331044366854.288","348438428450.72","365081813580.314","379558605843.486","416101684467.7","440848680237.688","465242841650.512","470159674240.679","495935689516.747","519496484318.718","554089360742.694","596058814159.964","641058406951.43","667020123970.576","708271422045.356","770923380748.906","800534479629.68","839151992858.488","871073127574.186","939542798331.655","1013982178696.23","1094324353137.75","1182534912725.95","1273126725470.22","1312424303400.29","1415605643151.34","1535897931719.55","1616399198833.97","1704596203504.08","1813453530765.84","1947834564909.58","2103588360044.94","2277267041549.85","2432016068498.23","2588974770244.48","2689205295885.26","2533830417086.36","2779348258938.28","2990839011962.06","3206485223026.3","3434122552914.77","3693970992045.56",
"Not classified","INX","GDP (constant 2015 US$)","NY.GDP.MKTP.KD","","","","","","","","","","","","","","","","","","","","","","","","","","","","","","","","","","","","","","","","","","","","","","","","","","","","","","","","","","","","","","","","","","",
"Ireland","IRL","GDP (constant 2015 US$)","NY.GDP.MKTP.KD","24110313735.9191","25319727860.0098","26134122704.3572","27374091165.9705","28410464121.8336","28959765871.2038","29218403418.1406","30908893700.7178","33457000655.6593","35418870766.8565","36361200213.4564","37622893378.5297","40064546829.0924","41956165576.6343","43743594855.9275","46218015394.7561","46862667362.3027","50710701806.486","54355141813.3646","56025495102.5758","57750704523.4471","59671040950.6034","61033610334.2611","60884504483.3458","63535642711.5551","65496107816.8481","65215568204.4892","68256629227.1468","71817859762.6851","75993292635.9118","82427285855.6966","84017835877.9952","86826782446.1614","89164687696.4892","94296853730.8362","103381809953.759","111010999492.641","123246371072.281","134050299130.928","148165642333.121","162098435201.65","170699088560.512","180769250950.138","186217344582.055","198858038461.921","210272056411.317","220760118842.237","232482742331.818","222058051543.628","210742455593.378","214289191596.523","217736818590.032","216854920423.995","221610413457.216","242410308909.292","302101388556.271","305795232417.145","336707637029.955","362595940328.693","380627401462.693","407856325068.063","474166373639.897","509781668505.942","496851698334.418","509767195342.461","572660227885.924",
"Iran, Islamic Rep.","IRN","GDP (constant 2015 US$)","NY.GDP.MKTP.KD","50350548202.7421","55582432557.7808","59978596070.5945","64202333927.261","69643628268.6439","81507915872.7607","90883288325.821","101110205808.448","115674304556.643","133623091839.002","148224891000.395","168534047458.466","192969825709.818","207330025746.583","219357345962.942","218641766675.082","258566705735.058","251395157266.795","219113865436.214","192774712987.119","151136050943.17","142526151688.067","175551236248.121","195014104732.137","181090389202.494","184472523734.211","166422061469.432","166135636307.771","156031272523.14","165599290646.835","188112392401.369","212033043457.695","219025854894.467","215803959420.018","212138990732.738","217232542412.818","231027951539.907","234147751320.933","239018052131.649","243804857656.766","258056537598.384","264229695672.548","285576361692.342","310248155730.812","323702581949.347","334028060139.024","350728779262.979","379333424181.702","380285006935.854","384115942794.318","406386748164.51","417138595177.331","401507697046.153","395396833390.87","415106476157.82","409191686496.677","445262288195.34","458739730634.758","441546348305.719","431119516583.705","450269020578.621","468869169367.781","489278157562.545","515368187076.863","534246745197.836","519149083728.835",
"Iraq","IRQ","GDP (constant 2015 US$)","NY.GDP.MKTP.KD","7007485325.46828","7520837447.64045","7867047598.88061","8059609507.87116","9254568661.85383","10250719342.4167","10759449895.1719","9806505271.71195","11719960412.0495","12100177780.9244","12650053064.6706","13329936812.088","13827850446.6301","14438869357.7529","16765457417.8993","18859574485.2208","22098725966.9315","22518592787.0063","26359581201.6672","31860629533.6718","39747322739.9783","39457673064.8968","40812640889.3232","35477076845.7478","34950156507.4332","35458295526.7584","37106251927.42","40559093082.9659","40551371874.048","39286763062.0929","62001516291.8778","22291338827.2342","29556579056.3127","38509216455.9305","39993566700.0619","40841438911.7737","45342486348.2519","54972294638.0998","74213129683.8961","87259924322.4904","101916218527.399","103716679377.555","95208069160.7452","60307856288.9303","92503535426.8886","94053181141.5504","99356180856.4776","101232561440.969","109562085020.285","113264515567.212","120516349622.451","129611081238.514","147674239072.767","158939252263.834","162537141323.775","166774104959.102","189767872908.426","186314571374.742","191221819559.378","201765390231.117","177479307669.569","180145367592.813","194483223959.197","195490074355.105","192469260104.189","188320119060.069",
"Iceland","ISL","GDP (constant 2015 US$)","NY.GDP.MKTP.KD","2496863286.9335","2495011011.99908","2702465527.59873","2980306394.0591","3274817715.59981","3513760866.42572","3821238093.17793","3773079009.31449","3565624493.71484","3650829024.72148","3923113079.26491","4435504506.75195","4709500458.97095","5030029516.99716","5317057693.93586","5351414130.82803","5670324568.89364","6170576324.12513","6541842286.54919","6859813923.10471","7254110589.5605","7563498917.35322","7726459511.88419","7560250872.24255","7872422570.45318","8131648962.65733","8641547419.66373","9380048854.20176","9371632513.64412","9395852542.3685","9505724857.03821","9484477138.13315","9164480917.05339","9284851745.82319","9619928854.25845","9631144119.03686","10064319596.8779","10481070033.3905","11215843690.446","11653035889.5513","12224638524.7157","12694179476.6135","12763018327.1805","13054189962.4598","14049259326.0012","15036829617.4341","15889660323.6699","17278627876.0624","17572297288.4242","16110024869.345","15752089366.4679","15969467678.6418","16156200540.5153","16737332122.1518","17057653884.1965","17700486957.1907","18801118750.082","19456350343.0849","20363166153.4652","20594942209.8705","19226227454.8966","20222255993.2392","22013401666.7718","23121173215.7303","22824557130.9069","23116588684.0143",
"Israel","ISR","GDP (constant 2015 US$)","NY.GDP.MKTP.KD","18584896126.8212","20667127426.4165","22766105030.589","25201104616.1831","27201363402.4216","29648927906.7255","29625313382.981","30512599361.2725","35468441015.076","40279984075.7045","43223377701.739","47956800423.0344","53781899257.8658","56786943486.2639","60464557625.5562","62425313956.3963","62626637873.8213","63275010961.3432","66789992966.8011","70936192711.9592","72121140571.4861","75972356618.2471","77554481266.5451","80159614913.225","80907675670.3537","84173870159.8167","87700876800.8831","93962466299.8262","96696789396.7059","97252551139.1731","104366768913.685","112430265579.967","121154029223.834","126141645505.165","135511251853.027","144458957652.071","152893804289.674","158413677279.853","164911702424.587","170334589407.821","184968923140.764","185469211204.594","185185665146.213","187842263106.266","196575885063.06","205131976814.302","216601040001.896","230275218247.263","237680439766.476","240580556617.241","253920041344.896","267919718903.324","274376417086.78","285598789630.214","296217764317.696","302841190257.708","316578125375.869","330330105623.59","343720034898.801","356021732427.035","349605974158.5","382242904637.58","406569119633.763","414955522699.101","418912615202.685","431191570915.148",
"Italy","ITA","GDP (constant 2015 US$)","NY.GDP.MKTP.KD","488503133788.409","528595787578.387","561388022191.607","592880362723.239","609467390271.455","629384928731.992","667052321535.948","714937422416.683","761726892292.164","808177454730.047","851095738477.482","866569577728.861","898550204800.509","962579655370.363","1015522894585.88","994296811886.421","1065144288779.7","1092417317092.5","1127813165153.7","1195021350830.48","1236010778504.38","1246445522983.07","1251600643353.48","1266234400973.17","1307081253663.81","1343654508026.34","1382082648970.97","1426198182881.34","1486018315011.81","1536370314479.62","1566879170825.76","1590984785699.92","1604257980661.49","1590576776647.73","1624790459614.85","1671695507214.02","1694189587392.1","1726814955886.64","1757973143577.88","1787471784895.84","1856863206512.55","1894119928193.34","1899232719747.26","1900496731461.62","1928510465814.16","1943213635518.5","1978181374737.88","2007108163772.48","1986572667176.02","1881181927615.29","1909947188308.66","1923230167272.61","1863124632394.25","1829252558793.34","1829227175768.29","1845428048839.1","1868241619489.51","1898202609462.08","1913894038926.83","1922107755078.16","1751650987235.43","1908092024820.83","2000084512919.56","2018541223675.26","2034347191418.34","2045324195978.49",
"Jamaica","JAM","GDP (constant 2015 US$)","NY.GDP.MKTP.KD","","","","","","","7407890769.32512","7541872735.2186","7975087876.66343","8419673016.68952","9435456809.17078","9667387268.04729","11408344049.4993","10782538299.513","10326516578.9903","10300071169.6225","9610559160.55532","9360920206.24462","9355893362.62554","9256717027.37892","8727773475.48955","8958138517.41687","9143503152.54326","9318059796.44958","9174343092.5659","8904283865.52367","9071914861.57486","9784092367.8033","10172941747.9657","10902677820.4538","11360648630.7449","11910303935.5665","12143214990.9269","13286754001.4092","13470561601.922","13787114012.3084","13771433761.2911","13614376085.2375","13296541186.4629","13435845573.7016","13553906825.7897","13736197326.0583","14010549151.015","14524220379.0531","14716481130.4443","14848016734.9532","15278479351.3183","15497260153.2881","15371463204.7905","14703526728.5078","14489274699.2317","14739993670.3316","14649543756.5624","14725382395.3111","14826961375.6345","14963589915.5912","15376650479.9803","15729242259.4032","16124965549.2249","16416735750.8852","15053421189.293","15912170664.5422","16936803585.1513","17401946531.631","17308839319.8134","17322971206.1042",
"Jordan","JOR","GDP (constant 2015 US$)","NY.GDP.MKTP.KD","","","","","","","","","","","","","","","","","6256889537.38099","6776111812.72948","7770815619.66266","9387371342.14838","10437334413.5756","12230334600.7269","13089630985.8185","12799075400.1899","13348371753.2017","12987038382.5513","13701927344.3612","14020260711.5014","14225260731.8347","12699001314.6954","12663964273.843","12867668074.211","14714149626.9644","15374372016.9193","16138705339.4575","17139446194.4021","17497149998.3442","18076038898.7743","18620520406.0011","19251668679.1751","20069039071.2381","21126668916.0298","22348594867.4625","23278669089.1592","25273002542.7996","27331891656.4845","29543854891.2862","31959410677.5837","34267003610.9757","36020333882.3292","36970447929.8027","38045287231.4402","38960145956.931","40021074389.938","41350923977.4003","42394049295.7747","43289270898.1947","44374837667.7263","45197473565.1553","46036487855.985","45505882648.8273","47213269175.8014","48510152310.9303","50028035471.6265","51306781533.8503","52757023329.6643",
"Japan","JPN","GDP (constant 2015 US$)","NY.GDP.MKTP.KD","604167798190.181","676930966622.635","737238563912.393","799709523721.241","893089271658.866","945064458016.846","1045605722450.09","1161481236851.12","1311108687497.31","1474707446854.26","1480592275932.35","1550165189154.98","1680589069874.73","1815584067074.32","1793338807982.61","1848781238666.63","1922269998783.54","2006664148043.4","2112454308093.37","2228302186040.14","2291086632507.93","2387526177580.13","2466611949306.58","2553511797888.6","2668470766661.22","2808122007336.69","2901534905245.84","3038796826435.9","3244979802198.18","3402622143897.05","3569102682109.45","3691076650696.96","3722379548990.98","3703100606521.69","3739874853041.49","3827464796307.93","3945177225076.82","3998948850264.62","3928061846959.68","3914407888319.42","4030991750950.9","4042464298381.04","4045899940482.26","4101737784188.63","4188405380395.49","4265818895379.49","4331781612600.87","4406651221892.01","4355242255151.66","4096717638451.29","4266176556594.72","4257628936826.67","4327834450517.28","4414273272427.52","4454262857599.7","4534438580494.94","4566405760116.54","4640539102852.95","4679247874199.03","4664812538574.46","4465005582812.98","4624147102598.69","4685724442189.07","4719498455389.44","4708167683577.82","4764341438831.9",
"Kazakhstan","KAZ","GDP (constant 2015 US$)","NY.GDP.MKTP.KD","","","","","","","","","","","","","","","","","","","","","","","","","","","","","","","95326487409.9576","84840573793.2488","80344023383.1104","72952373230.2308","63760374204.4497","58532023518.9309","58824683637.7392","59824703259.2838","58688033897.7015","60272610811.673","66179326672.5077","75113535772.261","82474662277.6485","90144805869.7482","98798707234.4777","108382181835.458","119979075291.852","130657212992.82","134968901021.859","136588527833.35","146559490369.689","157404892659.159","164960327499.374","174857947143.911","182201980933.864","184388404706.042","186416677156.152","194059760924.352","202016211108.857","211106940610.612","205829267103.2","214679925583.069","221549683201.099","232848717043.771","244491152895.888","260383077834.12",
"Kenya","KEN","GDP (constant 2015 US$)","NY.GDP.MKTP.KD","6102055403.60775","5627642874.35474","6159869249.6291","6700603529.23536","7033252799.57237","7174557471.60245","8231266932.82613","8507938913.6599","9187101299.91888","9918323313.70066","9456581036.82684","11553473095.7874","13527086974.8446","14324722508.4153","14907110911.9045","15038621917.7177","15362548495.5997","16814892774.0725","17977221151.8912","19346227179.3826","20428063600.0061","21198925607.9366","21518282813.0601","21799967946.1155","22182604684.4938","23136581311.9696","24797222251.1412","26269459979.3708","27899002871.2389","29207563408.6722","30431959354.312","30869676465.3409","30622875266.9484","30731034422.1691","31540116338.6072","32929842156.6672","34295389782.3606","34458259247.3522","35592009621.64","36412543752.2683","36630908098.8264","38015522174.3133","38223413680.2696","39344305939.1787","41352557259.2179","43795114731.9782","46629751036.7518","49824229272.6978","49939962360.0343","51591446859.569","55748929986.1062","58603891851.295","61281315911.5794","63608687382.8764","66801914096.6185","70120446896.8359","73074983895.0953","75879571212.3885","80165208728.3956","84264984851.3549","84035138346.859","90413816676.9795","94807911027.625","100230916344.516","104901873444.36","109761569108.182",
"Kyrgyz Republic","KGZ","GDP (constant 2015 US$)","NY.GDP.MKTP.KD","","","","","","","","","","","","","","","","","","","","","","","","","","","4159487047.16273","4296748804.15257","4863920937.72379","4999612217.7448","5284729934.9621","4864914939.91282","4191715901.49571","3543704782.05536","2831946047.78281","2678346337.21658","2868093847.63288","3152472634.58716","3219362911.28951","3337056039.33985","3518703233.18908","3705955297.86785","3705313255.4532","3965807641.19042","4244477505.27223","4237027793.42929","4368498475.52979","4741693829.84541","5140072739.62985","5288430380.28424","5263491909.11624","5576999924.82018","5572083788.24116","6180302892.03129","6429000667.90909","6678177511.66313","6967733666.77765","7297999868.50301","7572252145.25549","7920623120.2686","7354379549.41978","7759385792.10421","8455209116.53133","9217301873.9258","10280951958.8775","11421728478.9395",
"Cambodia","KHM","GDP (constant 2015 US$)","NY.GDP.MKTP.KD","","","","","","","","","","","","","","","","5104596991.6618","5104596991.6618","4355425545.40488","4355425545.40488","3796687001.66256","3581475361.62849","3582947065.65765","3582947065.65765","3741793666.97819","3926341896.40254","4109709289.00662","4265911859.7333","5184427493.70972","5805361650.77597","6007352427.85881","6077176596.90232","6538513178.62442","6997355850.26551","7284133439.52237","4748625742.75315","5218904416.41975","5526689596.99919","5748123107.34897","6017229084.13523","6781740973.22419","7459479704.67578","8010713670.8994","8512590714.58905","9387998414.66106","10275886653.5849","11642922159.7044","12917049054.0975","14260222987.8994","15326369460.3469","15950885068.8658","16760698493.0409","17981993293.903","19357661918.8519","20878690156.7817","22549052336.9265","24174170369.0738","26085259688.3373","28191654621.9478","30665817313.8491","33099747942.811","31922812945.0881","32909177695.673","34597385966.8314","36329791405.1421","38515324291.0221","40575632562.1218",
"Kiribati","KIR","GDP (constant 2015 US$)","NY.GDP.MKTP.KD","","","","","","","","","","","84746574.8708675","82805827.4391105","92808131.3636628","112214202.943278","163050326.487859","171764420.369868","125786121.216689","119984073.320693","121255416.788099","107207983.835369","106050817.608776","112543454.688388","111316560.034976","100432091.631784","114410719.720611","99262600.1033589","96815058.7213838","98066619.8460231","119685813.265374","110957795.220944","103872769.02459","98005324.5676637","121486648.824449","121360309.173832","123842438.861016","127250840.738682","127184610.783428","128681742.929266","134398138.528156","129137483.710471","137844792.030144","133510773.704126","135442881.463681","133309023.708417","132497214.949953","134209649.095545","141962852.614276","146299931.070239","141933271.358134","142695170.854388","144444545.140039","149158821.041934","157815491.497028","170016083.870243","172164513.672867","191559398.688293","205137195.257567","212751891.466135","220037915.146482","227323938.826829","224409529.35469","243353190.923592","255739431.180182","263754057.228564","276140297.485154","287797935.373709",
"St. Kitts and Nevis","KNA","GDP (constant 2015 US$)","NY.GDP.MKTP.KD","","","","","","","","","","","","","","","","","","194002839.825459","201588164.973714","216904178.644145","235211153.856773","238849643.15553","240157913.520821","243007916.639823","264552530.635244","287171952.607537","318350193.838284","339203230.569898","370496000.519493","390798418.410495","409858640.19708","402216050.689402","419386548.61501","447913009.509376","471660098.86724","497050234.845487","526092074.974665","561992423.382491","559256948.982336","577264387.545673","635237944.035906","668609850.727648","677754528.432512","651095766.645498","677115810.577404","743018278.372433","766426186.524481","771029360.031988","858287028.941268","829064585.832369","828615280.858431","842010736.012811","835799755.490721","883668355.018065","950623606.036342","957222222.222222","994866931.117104","997065001.528822","1017041453.06618","1046924638.78381","886725390.821136","889985054.357552","983259885.957027","1012966873.64566","1016129628.26613","1043449132.66188",
"Korea, Rep.","KOR","GDP (constant 2015 US$)","NY.GDP.MKTP.KD","25956065666.4547","27752325950.9628","28840704941.5108","31439197234.8066","34402880326.8061","36918983033.1291","41352211966.2705","45136528802.2192","51104880669.0777","58561431044.9918","64515396100.7241","71387189519.7583","76624741567.9558","88099059883.6165","96599657797.1897","104261471164.404","118089873272.717","132706204222.942","147396058469.561","160273927312.535","157830929681.353","169516449730.117","183871559685.3","208633185451.276","230824674324.955","249149373131.462","277808988270.135","313624703636.085","351677400843.66","376875147732.962","414656502991.157","459750289581.251","488951752176.177","523152547993.21","572181545647.577","627888532992.027","678059525601.662","720656531307.353","685063811513.859","764649475913.54","835011437852.054","874473540684.493","942192762521.074","971162614185.718","1021504157422.6","1066023726231.41","1121936729365.41","1187479862374.9","1223156560996.14","1233184753860.86","1319281537670.41","1367937063745.25","1402787524457.73","1448958816285.78","1495538208413.16","1539212301135.55","1588028842393.05","1642548917819.59","1694718171579.25","1733930596323.25","1721788880530.99","1801214449834.76","1850343736945.76","1879634949821.72","1917295522781.86","1936603041534.49",
"Kuwait","KWT","GDP (constant 2015 US$)","NY.GDP.MKTP.KD","","","","","","","","","","","55498510908.7117","59407648951.839","61725008483.9921","57669629302.7241","50177583440.3505","44018581774.7583","46926530505.8162","45121014947.0131","48439563791.2356","55172280681.9329","44462929838.4201","36048439889.5318","31813071622.5237","34338543538.7768","36138434436.7488","34597277855.8674","37561473177.8492","40621287704.9811","36537785228.2511","45998461761.3682","33933574664.7635","20018165400.0387","36595073851.1762","49033910555.6181","53170492472.1749","55753669856.6105","56091050454.9445","57478364573.3471","59583253740.7562","58517303894.6596","61264446634.5746","61395143657.0582","63245767128.4116","74203741654.2937","81802425970.3532","90480882139.5699","97280315040.9735","103108938573.596","105665789636.507","98188818733.8474","95861205611.671","105091330435.265","112054550468.936","113342578898.914","113910328503.346","114585555688.511","117938415952.58","112380895138.2","115463874454.862","118077765349.788","112389586345.299","114268886945.818","121991940635.833","119990201720.547","118221524330.941","121451130439.078",
"Latin America & Caribbean (excluding high income)","LAC","GDP (constant 2015 US$)","NY.GDP.MKTP.KD","650829105765.722","690221044621.626","721598606080.555","734790892102.208","792379316057.854","837885014647.021","875100734966.167","913144812518.075","981018621840.742","1045878162245.57","1117650919044.91","1192732178258.88","1281409957323.41","1391982228326.3","1482187076240.7","1544468149084.43","1630612962053.75","1708408392436.16","1780264492451.58","1906899224058.17","2026490873663.07","2046873400087.13","2055038654782.41","2006153203232.17","2084776721599.85","2148836989430.97","2222706291444.23","2293769376171.23","2306124261117.14","2325077262035.25","2318651870740.71","2389871480975.31","2442596570151.27","2544945104717.43","2673847282172.57","2687646652304.25","2789932371880.53","2939433354537.29","3018631612550.9","3028639403098.35","3138379826697.09","3145860455788.98","3147849787240.05","3214237751086.2","3394348302502.99","3535555685884.74","3725294989703.96","3926829460701.91","4075083843840.36","3975460912752.1","4230793964213.47","4417677157329.67","4525495401932.66","4648802312847.68","4700702160616.39","4703989762871.3","4658009307531.01","4731953462368.33","4786479646202.18","4795229045146.46","4469326087631","4775676639761.52","4965555613268.88","5071163544036.39","5172080467258.18","5286636914155.63",
"Lao PDR","LAO","GDP (constant 2015 US$)","NY.GDP.MKTP.KD","","","","","","","","","","","","","","","","","","","","","","","","","2109467955.25326","2216417220.06336","2324692154.92208","2291546871.25054","2245482171.91353","2564130387.501","2736044527.0661","2853600421.42037","3012256546.1234","3190357917.97419","3450659811.76174","3693284478.98933","3949167183.90196","4220557557.23225","4388012740.39955","4708617453.27328","4981659930.07599","5268175760.92381","5579985581.01999","5918523434.75225","6294805131.65111","6742212710.02267","7323341971.83126","7879683723.91001","8496261313.36707","9133631713.05317","9912447859.53224","10709275115.0696","11568812077.4386","12497359667.4702","13448654116.2974","14426380125.6488","15439521179.3987","16503694943.2856","17534839203.1116","18491844275.7106","18584864138.19","19054754737.3799","19570648221.6862","20303702352.295","21142284373.3873","22101637863.16",
"Lebanon","LBN","GDP (constant 2015 US$)","NY.GDP.MKTP.KD","","","","","","","","","","","","","","","","","","","","","","","","","","","","","13590690651.8309","7821290496.8826","9896526025.77854","14790098775.879","17221346342.7057","19075339624.5917","20621442059.1652","21951290517.4826","24428699054.1547","24686413686.4571","25591349424.6391","25456845224.2295","25798443405.5655","26789018310.9609","27706046545.3127","28600147893.7267","30510478932.4999","31329923063.1007","31815384920.7126","34777595316.005","37931620043.7015","41812842419.7439","45147473283.5593","45539055323.5066","46707037069.3046","48494923363.2625","49699566407.4833","49929337836.8159","50705514062.8608","51163399287.7034","50199119756.2008","46727888410.6848","36728167162.8739","34156740537.1604","33944395264.1769","33686219465.2748","31301271532.2962","",
"Liberia","LBR","GDP (constant 2015 US$)","NY.GDP.MKTP.KD","2785350370.18069","2853312513.1916","2891678326.53536","2957448411.79038","3109815009.49354","3258892894.70375","3509914203.82905","3746685675.02189","3925360307.76188","4211459133.73098","4492076771.58861","4712405513.2375","4907522457.65882","4796809968.86456","5024811956.3808","4850521857.01522","5108120174.19861","5189236333.32571","5439161404.64176","5616740217.43511","5386545754.30036","5271448731.19689","5143197691.97722","5045638801.43654","4939311262.94449","4897657154.03558","4815445174.02703","4767213639.19741","4669871991.41282","3424489545.49759","1676942910.41919","1438394191.91654","933723838.507843","625824712.107485","489630570.966971","468741927.114726","525559090.742512","1084122317.29609","1411615367.79969","1718520972.07064","2210291803.5902","2274838397.37873","2360440967.03039","1648882904.55436","1692081112.12779","1781443510.53791","1924741222.72585","2108270598.33452","2258921103.43636","2378656131.45291","2523749998.53307","2730716886.49046","2949005327.42991","3205193907.94462","3227674916.86578","3227075700","3176896008.31","3254893758.73415","3292571599.13518","3211334057.92828","3115556299.79146","3270920145.66908","3428189426.39464","3588757484.77383","3733092094.5398","3920364939.63214",
"Libya","LBY","GDP (constant 2015 US$)","NY.GDP.MKTP.KD","4206979769.71443","4623294238.63811","6127004092.17358","8272704007.27891","12001351827.4839","15379597827.5084","18238997837.3163","20265366359.0823","27128012832.1743","30678497533.51","32197312918.5276","30498091672.3913","33281298886.212","33925831081.5749","41455139017.5464","43125063344.1066","52992488552.4777","57683765284.0683","59590166894.8703","64928319576.7224","65373260707.1559","52828013781.8676","54310397842.6176","52967721371.2717","50297204631.8625","54485341416.0667","48299889590.7404","41198814142.543","44321281890.3532","47512155858.1689","49279670598.2636","56994467920.7338","55448621740.5463","53361983286.4069","54394423864.3042","53186646293.0975","54321714851.0961","57153327139.4503","55123101078.1761","55536336508.487","57579668503.4421","56564631725.4858","56022234980.534","63314109952.651","66138956972.5768","73990151521.3885","78799900129.0316","83709120342.1548","83573471186.9254","79896086548.9669","83912660700.3206","41672273290.5727","77854953189.632","63842648630.664","49131511071.1064","48717501321.3052","47991152062.8031","63584342257.9606","68633808773.5188","60949510655.8708","42996651437.748","55164567212.7209","50586008471.7998","55745806520.295","56804949261.2974","64400741235.432",
"St. Lucia","LCA","GDP (constant 2015 US$)","NY.GDP.MKTP.KD","","","","","","","","","","","","","","","","","","483071666.370725","532885730.443547","553096670.870333","540815003.817063","574941799.663024","586937052.519247","616080730.927389","660842530.186584","715611606.683218","818674128.230424","850796701.904777","969054583.354008","1056085416.33001","1160539672.65499","1164899565.29353","1257544905.59482","1264878904.44378","1285098754.70856","1307565183.52965","1345779926.11894","1336438462.00596","1420453281.22774","1458387956.43222","1459098899.46569","1409371875.70461","1415241211.82979","1475595751.12365","1582833327.62538","1576338887.67283","1673997137.54872","1702314784.0614","1786567823.16159","1736027614.08199","1741756827.17338","1817121648.89295","1815145417.37838","1782131987.48386","1805800308.13675","1807640740.74074","1869604354.17882","1932793731.46772","1988589215.44077","1968119316.49773","1517409879.57457","1686550996.36471","2012825747.32479","2091481905.7983","2191222631.96802","2178643364.46113",
"Latin America & Caribbean","LCN","GDP (constant 2015 US$)","NY.GDP.MKTP.KD","729353517006.221","773237616499.386","808020532219.569","825400186397.871","886966572777.973","936533854567.704","981305399551.875","1023210419968.91","1096097987376.56","1168156704927.69","1245081328010.55","1327831022934.26","1419966266763.39","1532888079416.14","1625857457077.56","1684218425889.12","1776928509088.74","1864345990965.72","1947277093761.62","2086431227293.98","2217091367675.61","2242616509791.97","2240596945098.77","2184208867395.18","2269804842655.35","2338753764312.09","2421878448265.65","2502905127102.58","2522765544023","2553343723650.59","2548888757919.92","2629858729561.18","2700204625219.27","2815431127004.46","2957323036142.81","2985349546744.75","3101661342985.47","3271113574858.78","3367000339686.84","3385028757360.82","3507665074202.16","3526318821603.05","3534013912981","3612139418372.49","3818757933203.98","3975047359799.01","4184217577929.33","4405469762173.51","4567979423400.89","4462799823798.53","4737322868891.12","4945564099918.65","5076415469048.41","5214358449178.07","5276761415866.33","5289417937086.3","5250753616287.75","5332325529172.8","5397535490186.1","5414665376774.45","5043249772131.2","5400114230996.61","5621010578604.13","5745054179121.14","5874603524338.12","6010984327947.16",
"Least developed countries: UN classification","LDC","GDP (constant 2015 US$)","NY.GDP.MKTP.KD","","159162225403.658","171170784453.037","174643971119.905","180919947714.743","187608210771.652","193849279621.833","195875216700.668","205930445255.153","212781978724.458","211497528545.636","215175668721.305","212118399516.334","216893536727.836","229090894220.79","230304814520.118","239242452354.828","243915076404.927","247666139889.567","252183436105.204","257183325714.08","263262743910.418","265883426979.611","270272217286.505","276665463228.503","281334820109.763","290644519543.869","302828019046.082","311571845484.776","317004249206.216","316637143906.562","322432104271.657","323270575956.995","321506209644.802","323698675502.572","342486665406.311","361777785411.221","381097630058.27","396481681157.43","412414728766.61","430031525649.989","451101775321.752","475557414586.512","500072749214.149","532803144336.341","572256883759.74","611510966969.971","655890308676.736","698228612718.482","727733716511.287","774058735326.216","797646534340.29","823918785695.676","873929960153.336","920643684222.348","945963113669.267","981890602584.927","1026100965696.5","1073842382968.01","1125650973295.24","1123613410200.79","1154577868938.36","1209017484246.6","1245903496732.49","1294148987713.86","1349797503062.71",
"Low income","LIC","GDP (constant 2015 US$)","NY.GDP.MKTP.KD","","","","","","","","105570906581.084","109196971438.412","115365298550.309","118695351187.165","124317037187.242","126372571325.642","128190069259.346","135532742991.74","139077638986.178","143666488876.384","147564113529.165","147045381563.734","147914874442.165","151520989400.484","156009288488.382","157844037461.012","160284191231.302","158836130581.39","159814476131.155","163765416600.804","171984888331.701","178106470306.58","177833825594.597","172567867078.55","174983967220.698","174690241624.755","176760760886.388","179515648525.464","188190310787.7","198727088719.001","210442778674.756","219223544832.35","224846075698.303","231954687522.142","242856232023.67","255897016525.649","267103796381.349","284220495374.006","303157747559.512","320646279298.951","340622482768.354","359469973804.408","372989537971.852","399595077937.46","401018692191.784","388372425693.963","404288926074.801","419603902483.824","417830631224.268","425327225575.832","438785615645.419","454151680163.013","472129745367.375","473404864278.776","483019823666.099","501049248795.175","507135728923.065","524409058791.394","552395102673.173",
"Liechtenstein","LIE","GDP (constant 2015 US$)","NY.GDP.MKTP.KD","","","","","","","","","","","","","","","","","","","","","","","","","","","","","","","","","","","","","","","","","","","","","","","","","","","","","","","","6268515276.17441","","","","","","","","","","",
"Sri Lanka","LKA","GDP (constant 2015 US$)","NY.GDP.MKTP.KD","","6526664103.58491","6775853415.55026","6946384611.14003","7217740530.02289","7400851253.59807","7772654437.22202","8273137554.5471","8753070054.59681","9428528685.58867","9791209285.05024","9919171127.58101","9878454922.75882","10575616895.2402","10982337230.93","11655140816.1935","12043852197.4931","12658159750.0751","13373831451.5399","14230232361.7166","15062135518.8953","15920605663.1758","16579956862.4954","17378114488.6136","18264250015.3876","19177354093.8569","20012632748.7716","20357972879.4177","20861361428.7856","21341027006.6773","22706851734.3915","23751364017.6978","24796421956.6643","26507390755.7817","27991783094.2506","29531355022.9951","30653536829.2624","32617018384.0492","34149503893.2846","35618117138.1271","37755215976.773","37171743798.187","38645482886.293","40941128556.2398","43170398094.3813","45864985572.9226","49382046547.0422","52738458384.8131","55876443144.8859","57853861326.2277","62491407972.6572","67909089970.56","73771125788.2825","76760144670.2947","81655890498.5574","85090300895.6546","89390445520.6344","95165677292.2796","97364084619.6196","97149412501.4789","92656723311.8673","96555233166.2537","89459202621.6389","87644138317.9669","92019698428.6062","96577833375.7408",
"Lower middle income","LMC","GDP (constant 2015 US$)","NY.GDP.MKTP.KD","425287610102.564","438387354727.594","456369238713.418","483272556238.811","518450945132.98","528675129083.545","534398295783.282","541548592763.428","563594841018.101","606026943364.904","652281580938.406","681623950609.015","691026847195.504","721102014470.92","755706667775.215","780173973754.99","822002693545.165","869028138425.276","898602849649.224","905718508838.08","945342061580.42","958379310042.885","977614396690.057","991180026797.985","1028908668091.36","1078368856749.41","1121822151394.39","1163056486395.86","1243358823704.37","1272812595121.39","1341413501013.56","1376747211626.57","1428331013157.61","1454243480703.6","1503901903850","1578355302268.62","1674120024800.26","1739254949557.64","1820477376423.33","1912275031343.38","1988853242397.2","2076315665984.56","2157151368896.18","2274261439065.42","2445325991424.21","2613941527003.35","2801720850133.76","2996747226581.8","3132698755627.08","3319934663986.25","3537790483128.17","3703249393256.31","3889959150530.16","4105071007228.53","4342701230004","4583309433434.87","4812612646906.19","5044069780010.74","5291446825709.64","5471534667871.95","5240688761991.98","5597001281786.37","5948423581227.32","6263144142264.04","6600071684959.18","6993555946958.05",
"Low & middle income","LMY","GDP (constant 2015 US$)","NY.GDP.MKTP.KD","1717759339005.37","1735483919616.56","1799546072440.72","1885555095082.31","2034967471536.07","2157624551176.34","2262355526918.75","2334509323382.58","2477235703563.33","2675684471127.5","2888215710937.46","3063745103415.93","3249070955684.11","3471987458720.86","3678708256612.25","3834509793644.66","4074270938036.24","4261248131523.08","4416514088086.25","4615549209375.64","4826412931202.28","4917245139076.97","5058399879194.65","5131580496577.01","5370486686029.04","5606916757134.55","5815460008237.6","6086871078115.92","6339328986463.64","6517960962009.55","6724500208481.53","6922679600860.13","7217763164382.11","7576140545486.46","7960391443964.54","8327653018883.75","8843579432396.82","9345908211150.39","9653519796941.64","10000845117495.2","10556221208470.6","10943724315343.9","11456394225459.7","12121514964697.7","13062885532439.5","14028847425838.9","15184484481321.3","16527658620829.9","17510418216532.4","18206097940567.1","19681441081361.6","20929491358145.3","22080440640560.7","23320774584093.4","24518990366747.8","25659752659960.1","26852489626630.5","28265968304994.9","29657119246587.4","30870483892680.9","30515266297309","32764345049399","34077552371296","35662881451694.7","37240749587461.9","38928798567748.6",
"Lesotho","LSO","GDP (constant 2015 US$)","NY.GDP.MKTP.KD","193508327.04697","197116860.960945","227338452.109786","251470587.845903","272219723.187022","278083623.356492","276955934.797675","307177536.808655","306049826.525561","310786059.860491","317552093.562765","333790811.177675","333114189.330949","421072594.874098","467306740.332068","404157255.412463","448813112.562869","546694921.250926","646832345.915048","665551148.644027","647283238.941542","651779515.140733","680830657.075131","694353079.769469","732784813.254431","751912323.939007","787138333.758753","792882304.40291","861085398.600682","910987401.97772","966060902.402024","1033362571.71292","1105247043.49934","1144038630.18996","1212450693.47103","1252351695.56175","1322446271.54381","1371424437.09695","1392512225.79035","1399140932.84008","1453365294.1512","1505128088.4482","1516022748.40945","1585150007.49012","1611976676.82948","1667849758.72804","1738401391.78308","1811204148.77671","1911244554.99023","1887282177.32009","1986735734.7651","2078451680.28081","2210102550.34645","2249719203.36981","2288201773.07605","2359686724.53829","2444845631.39553","2368122098.53455","2333058897.5103","2299976266.27346","2112391171.33041","2160272945.18777","2211855514.87917","2249331685.70891","2366860026.63691","2413784465.89837",
"Late-demographic dividend","LTE","GDP (constant 2015 US$)","NY.GDP.MKTP.KD","972808986145.351","936711373205.774","964631968866.91","1004566489525.05","1076799126271.03","1148579282142.04","1237050101020.3","1258883385417","1324089692680.53","1456163253151.03","1613966470358.83","1751219530449.67","1889260501871.47","2074719996104.44","2177564081070.09","2272187425412.62","2422252757710.12","2575454341708","2747101230430.75","2960340589939.77","3176142726224.59","3180628637986.17","3241996263099.27","3299154315432.68","3557007519811.81","3814392872967.1","4035374941996.13","4295802020313.45","4516425940682.84","4730035510664.26","4741424633590.9","4765714239333.69","4805114745254.94","5013757453401.46","5237750542361.82","5535514298955.92","5818645101666","6147666157998.2","6324562461488.75","6619595329734.05","7084629118529.36","7452960339023.87","7903816816811.29","8447459666886.52","9140732978346.68","9853193714168.35","10769162309467.9","11868543720291.3","12694557351994.2","13170095088102.8","14225558035693.1","15245382074247.6","16142677785492.1","17051467321008.4","17951772940852.9","18797219516598.6","19633662730720.5","20666834813972.2","21791350580915.5","22825836890737.8","22879571047510.3","24617038020065","25426877621854.7","26553933806735","27755642365546.2","28991690925359.3",
"Lithuania","LTU","GDP (constant 2015 US$)","NY.GDP.MKTP.KD","","","","","","","","","","","","","","","","","","","","","","","","","","","","","","","30815380533.6334","29066402990.0376","22887185266.0768","19173313226.3411","17300837252.2606","17870049092.5502","18768366411.8313","20326259134.8192","21843195078.8693","21603573442.0349","22342117970.7075","23790809196.6404","25389513378.757","28068588415.9846","29893617960.0569","32204827116.6036","34586529059.4547","38417999935.5475","39416661070.6359","33567775753.9873","33711177146.509","35842949499.0897","37413912227.1865","38928020774.4147","40396597406.9714","41540954817.2039","42650896790.5078","44618059836.1503","46812540124.5928","49002127329.2631","49023107998.6089","52158046400.3588","53443909218.4902","53839146914.2133","55470578287.6915","57090361644.5279",
"Luxembourg","LUX","GDP (constant 2015 US$)","NY.GDP.MKTP.KD","8748044331.85749","9083092801.23986","9206502629.48233","9523124564.89966","10272196920.3173","10196703488.8631","10309468773.1102","10331812540.4238","10764082893.2226","11837569463.5816","12045903099.858","12367195464.0037","13183207544.328","14279084184.9952","14880586838.5106","13902728299.5962","14255069394.0521","14478841477.7046","15068850698.9891","15422307181.1387","15551990550.6803","15466306344.5785","15641276100.8115","16108806698.524","17105448818.9401","17582981892.4552","19338456010.6085","20102514073.01","21803846613.9813","23940200934.59","25213802874.1504","27393332164.8938","27891796249.9076","29063431792.5317","30173922687.2701","30606073681.2382","31033969944.4745","32715926225.6125","34899450950.3176","37752878141.2099","40372208709.5952","41613361510.4957","42955512461.2663","44080624812.7638","45945534515.3702","47086134704.1048","49919131984.7962","53961843361.9674","53798731288.1898","52056215834.8097","54013740787.3412","54577798723.5502","55478174860.1508","57237767886.9182","58739165125.8896","60071584216.1375","63062062097.5","63892664765.9204","64922166578.2157","66707085285.153","66366844706.6357","70965889651.5506","70187101063.1136","70256893052.4917","70508844109.7407","70958604647.057",
"Latvia","LVA","GDP (constant 2015 US$)","NY.GDP.MKTP.KD","","","","","","","","","","","","","","","","","","","","","","","","","","","","","","","20300397396.49","17743517230.6282","12044553173.3201","11444375654.0447","11694997018.6893","11584507029.7279","11850946177.8588","12937852902.7127","13785282610.3782","14173807644.0021","15001703493.7099","15970900289.3453","17195147700.3185","18644549495.6873","20271313178.6916","22625890637.9303","25527665150.2661","28186253353.8682","27231101091.0587","22863227157.4637","22026145287.9415","22694935010.9107","24352854611.1188","24863312429.9055","25384188823.064","26344565876.8902","27016796481.3321","27935083541.205","29139005429.8548","29335802338.5259","28318076614.1623","30284070900.4111","30862052747.7596","30571453786.1231","30560125330.6748","31213460641.1947",
"Macao SAR, China","MAC","GDP (constant 2015 US$)","NY.GDP.MKTP.KD","","","","","","","","","","","","","","","","","","","","","","","5864572000.74053","6452411836.97971","6998223923.12004","7049469247.65311","7521431005.29074","8596485490.19559","9267941894.51659","9733648869.50242","10510339248.614","10894953515.1846","12343868429.82","12984050920.8821","13536337255.7322","13982511751.5598","13923804581.0561","13884959088.7977","13250263249.1846","12937743582.6531","13681294587.0131","14076443224.3656","15329923614.3899","17114841063.7583","21673699752.6806","23424490230.0367","26561538062.4813","30408119660.3025","31439719865.7318","31847926733.5328","39842746025.8379","48457666664.9019","52924239876.4531","58630357383.3483","57435035498.6827","44940613353.1038","44625350360.8479","49051541817.7349","52170812899.485","50886936460.4335","23203378176.6445","28415367854.0484","23028683194.5103","40371220293.3995","43540200437.277","45573992396.3692",
"St. Martin (French part)","MAF","GDP (constant 2015 US$)","NY.GDP.MKTP.KD","","","","","","","","","","","","","","","","","","","","","","","","","","","","","","","","","","","","","","","","","","","","","","","","","","","","","","","","","","","","","","","","","","",
"Morocco","MAR","GDP (constant 2015 US$)","NY.GDP.MKTP.KD","","","","","","","11518527478.3275","12673702326.064","13927351920.6705","15091980118.0894","15803334620.7818","16687830454.1668","17094552490.3422","17703000748.8839","18693669512.4496","20106578472.1074","22280658838.1136","23630681317.068","24158274887.3154","25316371177.7963","26238435140.8487","25780985097.3851","28090283843.6343","28479775173.6037","30307717167.6808","32128499365.9112","35107166524.2736","34993066802.2243","39148576061.2285","40262823843.6365","41636515790.1878","44641043473.6915","43704591004.544","43380918430.9002","47974090254.8843","45380875814.1028","50995795428.8466","50199902853.4782","53833649265.2898","54747239388.7725","56160912155.7573","60497559620.7789","62754238001.606","66626866131.8459","69672633474.8662","71896757928.9618","77498104932.5221","80164867241.3167","84721870674.8237","87895356582.8232","90971304769.4422","95997146621.9656","98936909179.3524","103015299181.348","105816536606.04","110413823841.592","110989284688.174","116603009678.139","120177639735.159","123651944968.713","114775951852.213","124135631043.727","126385828220.594","131006044306.041","135975581947.965","142223991027.897",
"Monaco","MCO","GDP (constant 2015 US$)","NY.GDP.MKTP.KD","","","","","","","","","","","1764784376.58996","1857048363.07573","1943369720.81132","2070733459.75223","2163390727.98177","2142348778.60356","2236861253.98802","2316342215.11778","2407919992.9574","2493020820.0449","2535039624.78161","2558422281.84848","2620653076.16361","2651969181.99443","2691338079.02775","2737324964.26717","2804454154.96003","2874132898.51489","3006302816.38957","3131475023.50273","3214254130.61092","3246882960.05532","3291256145.976","3261176706.97129","3333432128.16338","3404005987.1978","3441815364.07946","3518817353.44267","3642090885.26236","3762299515.19654","3909414076.80499","3994941645.66053","4035949624.707","4079842051.91308","4180633840.11691","4259874163.75106","4507698668.99984","5158498315.13633","5197025654.18761","4607839553.42958","4703001560.24653","5033263116.99128","5084210733.0012","5571130593.87711","5971529297.06174","6264753585.625","6453225163.14613","6246322939.64641","6602232250.12554","7072369914.49454","6136051447.60504","7500231633.85052","8345229894.39415","8799540111.36912","9548428280.17131","",
"Moldova","MDA","GDP (constant 2015 US$)","NY.GDP.MKTP.KD","","","","","","","","","","","","","","","","","","","","","","","","","","","","","","","11137693132.5555","9355662201.10612","6633164508.28943","6553566538.6324","4528514463.37445","4465115303.68557","4202697785.43658","4271918931.24013","3992441789.3799","3857966190.08457","3939281163.91139","4179577330.63921","4505584348.12398","4802952913.19777","5158371415.97847","5545249279.88205","5811421236.26146","5985763886.4747","6452653478.32394","6065494252.61994","6496144351.04957","6874100822.53274","6833561915.89765","7451580071.77113","7824131195.57662","7797667196.73087","8159947934.63828","8500675703.95748","8847128857.51461","9161406662.06896","8403210632.93021","9573777856.36482","9128802925.53684","9237254992.07154","9262257512.23544","9486079719.1752",
"Madagascar","MDG","GDP (constant 2015 US$)","NY.GDP.MKTP.KD","4151435154.88261","4236482815.08598","4332696292.69223","4292428143.03736","4462516417.17832","4442334514.27688","4534048838.45828","4784716703.26725","5111454772.34536","5301663360.44596","5581403272.41878","5800716980.83221","5726895807.58357","5576938281.89963","5688860706.2927","5760465920.10296","5583685378.33593","5715683720.68839","5563543310.52298","6111811047.75423","6170038735.21433","5565374939.11029","5459632815.26647","5508769510.5709","5605733876.77473","5670555451.89363","5781711090.7885","5849641181.11071","6048934315.21165","6295421169.5666","6492398920.48671","6082965417.7811","6154798240.80708","6284044275.81625","6281398611.31878","6386837686.07253","6524423229.10942","6765402319.37305","7030408175.56267","7360783017.34648","7688842733.27739","8148653656.69862","7137571065.48697","7835974694.57165","8247912168.09114","8640170094.37648","9106610406.88934","9626649240.51396","10272850829.8606","9864124029.23054","9925206605.67835","10081868751.8746","10385448752.8756","10624353147.1587","10979121878.0735","11323020701.3017","11775165456.5346","12238318933.7165","12629254472.2012","13186360203.1442","12245161113.1284","12814644792.2069","13344855250.4054","13909458168.1836","14510741411.4462","14946436415.4163",
"Maldives","MDV","GDP (constant 2015 US$)","NY.GDP.MKTP.KD","","","","","","","","","","","187964776.564389","197752527.971145","202546528.636027","205742529.120788","217527780.737129","200149528.334716","201348028.485371","224004421.481143","256898849.939706","284295074.104839","337096793.412458","376755239.718251","365406574.444485","424808146.800603","539317202.008688","622458576.945265","680724366.619139","740826580.813539","805503273.326515","880631019.745342","1029918209.68972","1044776799.05973","1114472035.60832","1176400673.07978","1267565681.28595","1432169026.60643","1544718134.83043","1674442652.47933","1799936819.86027","1911094724.79954","1984591804.63877","1906326757.09611","2044885954.92519","2326058788.83095","2463875271.81491","2188480301.91021","2705624149.59562","2898626608.24578","3158820509.47837","2895352810.97153","3091816044.31985","3365238508.40701","3445643747.5744","3685976098.72391","3975719121.76918","4129505319.12921","4392772972.49748","4703536561.40931","5106580520.20896","5460112147.97969","3663253190.26213","5037261439.19069","5733717715.04974","6017127527.21638","6227390285.84391","6620396113.49078",
"Middle East, North Africa, Afghanistan & Pakistan","MEA","GDP (constant 2015 US$)","NY.GDP.MKTP.KD","245616869734.414","260696259190.129","274880896480.684","303891392376.53","332961878958.669","372262453645.981","396997666440.379","427756068621.95","480265802719.991","530280689808.736","622663595241.608","678414293656.204","770352732319.245","856191704608.788","930577071576.592","931688869311.879","1060695267180.31","1100844942984.48","1098265538250.66","1159905997335.15","1176739397325.84","1183188470111.64","1168185426400.58","1163472313489.65","1164929728877.99","1171870479151.34","1154245549374.11","1165734807288.07","1192617215476","1238702704498.05","1344617274079.5","1374396261425.41","1460786022398.41","1496736965308.02","1542940775091.71","1592459045013.57","1673621599039.53","1743041219066.27","1815773179396.73","1866417815799.28","1985227628041.02","2024839358521.05","2068058783129.57","2163692511999.29","2335751138029.35","2459320795480.17","2607139150303.16","2744036799740.35","2864707622907.01","2897338015096.45","3034559865537.13","3151038180271.14","3284609260021.54","3362559093355.12","3465593642324.66","3561595503548.09","3721998284374.02","3799297466472.67","3890587199494.79","3952096168738.95","3811524057958.64","4003259471671.34","4261451479424.25","4359069965379.83","4460573971280.92","4583014791072.13",
"Mexico","MEX","GDP (constant 2015 US$)","NY.GDP.MKTP.KD","152252652595.644","159865285226.527","167322065046.917","180886675665.215","202422104044.408","216794073426.443","230010142142.228","243477063178.675","266420585700.657","275528493190.141","293444689470.87","304485451085.435","329540972149.707","355446582960.301","375980117953.589","397578239615.233","415141036248.196","429216973061.487","467661689800.004","513016316142.586","557939217930.27","611422385100.004","611119202960.532","582860269028.285","603338559528.223","614917928406.528","590751900354.136","602941257824.805","610286657404.856","632412287302.93","665614206217.349","692078394532.559","716775997855.793","737325961805.099","769725007515.6","724231953293.782","769266848267.796","824645415959.505","875650385836.062","899774820102.317","945027051109.809","940766441508.274","938540700981.551","949667522087.641","983527357532.924","1004311721038.6","1052569034983.79","1074439987400.41","1084575522256.88","1016298775542.76","1066822388040.15","1103564231719.43","1142776194745.57","1152513808415.91","1181370028573.8","1213294467653.78","1234800029897.25","1257912134548.83","1282719194726.5","1277682078136.65","1170944075330.45","1241768434190.09","1287835026633.04","1327845439047.71","1345779005031.98","1353338023059.52",
"Marshall Islands","MHL","GDP (constant 2015 US$)","NY.GDP.MKTP.KD","","","","","","","","","","","45931280","46992252","47500634","63614160","73361848","73406056","73671297","75461688","79705581","81407557","75550102","80412894","84297825","97370735","101135112","94806793","118074749","129130978","139189050","136834516","140496545","140619900","150661400","159710500","169097800","182986300","164133300","153553800","152518700","150483000","154176500","164861000","170855000","168186800","167500000","170500000","170800000","177100000","163700000","169700000","179100000","178200000","175900000","182600000","180300000","183700000","188300000","195000000","205700000","227200000","220900000","225670100","224089100","212000000","219000000","224000000",
"Middle income","MIC","GDP (constant 2015 US$)","NY.GDP.MKTP.KD","1642469024197.53","1661781602916.25","1718435452890.28","1802747447758.32","1950931193963.21","2070431963349.55","2172217272023.08","2242258371893.62","2381461232111.63","2574167786595.59","2783000844845.19","2953319321271.8","3136027740733.65","3356282806718.05","3556329966475.91","3708580428642.07","3943516309541.21","4126490263557.02","4281213421303.38","4478416016113.03","4685349097608.64","4772290760396.83","4911279222035.38","4982207909384.69","5221187578140.66","5455752870066.99","5660232002529.96","5923948184976.57","6170411151107.72","6348262103269.81","6557620947551.93","6753207834323.65","7047820978968.3","7403556439265.85","7784505177710.2","8143307739118.28","8648794985653.29","9139685605689.12","9438888119403.88","9780471768179.29","10328312481620.3","10705298331471.9","11205299356640.3","11859131597356.6","12783393804267.3","13730562664442.1","14868373319345.6","16191143948141.2","17155161384601.4","17837456271075","19286391052674.9","20532280886119.8","21694598636655.7","22918905357264.3","24101696103984.7","25243424508586.8","26428222543541.1","27827915094067.5","29203468472956","30398849662900","30042639336594","32281074869093.4","33576185601580.1","35154673729061.2","36714999302821.2","38375173573648.4",
"North Macedonia","MKD","GDP (constant 2015 US$)","NY.GDP.MKTP.KD","","","","","","","","","","","","","","","","","","","","","","","","","","","","","","","7293742777.22762","6843662857.59735","6394362794.22171","5916750488.0266","5812724181.91604","5747928135.67601","5816047055.53344","5899797047.66049","6099135593.62124","6363778789.48482","6653275727.54115","6449202687.04079","6545532200.7983","6691013307.97393","7003757263.7722","7334620965.18469","7711402289.66945","8210598903.42197","8659882989.55735","8628827362.55974","8918648175.61246","9127334379.6944","9085697011.49163","9351477059.69398","9690853712.45803","10064519962.5655","10351178142.8536","10463154366.0785","10764555646.4726","11185494933.6944","10661068595.4055","11141955229.994","11449348867.2054","11741875752.5034","12093396439.5","12515101178.9676",
"Mali","MLI","GDP (constant 2015 US$)","NY.GDP.MKTP.KD","","","","","","","","3078971539.67314","3193152434.19734","3200528597.78485","3396943593.19419","3484210939.02589","3687828798.79168","3634166619.19235","3578606531.31402","3994621299.01535","4538826076.33938","4826980130.67253","4756338418.91021","5250792007.98366","5023651153.86416","5136656281.80608","4704706961.24235","4596435346.07736","4467248183.98982","5056556735.99026","5017992440.65494","4979274371.19993","5517319744.4247","5715665208.30713","5413448188.78719","6098639579.86163","5790098351.70751","6041865012.11619","6379707258.43114","6426195785.11791","6835267858.3163","7116972455.44015","7590483163.61291","7947682136.69548","7889185607.25096","9136152788.53972","9413551548.83962","10335808731.4098","10488502207.7151","10754740076.8785","11151547252.0302","11347819622.1347","11760733949.9903","12402250894.7379","13093898208.5229","13478253743.0442","13333713052.1392","13772483870.2363","14668058747.8836","15583181170.4105","16518961030.4362","17406945659.5901","18254289663.7678","19167003985.7703","18942920942.0007","19530329790.4298","20253575064.0712","21218443430.5972","22282874239.8106","23530596747.9351",
"Malta","MLT","GDP (constant 2015 US$)","NY.GDP.MKTP.KD","","","","","","","","","","","948276096.479479","971546731.313848","1028268806.70342","1070902254.27843","1178382330.53142","1408874867.27812","1648624365.29882","1849495557.35298","2055920682.2376","2271602657.51711","2431744084.82252","2512277663.17077","2569669448.16898","2553933046.4316","2578000569.17278","2644649093.68682","2747398735.99401","2860330958.08726","3101005963.74093","3354640515.59585","3565694065.6779","3788781495.73745","3966510657.3982","4144240019.06036","4378435381.5624","4656137252.90771","4832015201.42709","5086033304.64647","5346723155.22713","5599087146.70433","6701058569.36027","6650317909.16334","6832612103.23025","7084961694.60523","7113822599.48253","7318788654.49206","7489769368.24704","7866984246.01358","8213965209.15612","8099359895.59788","8601305558.80119","8686647864.62769","9042945893.91007","9611958233.20516","10345481640.3286","11340789705.8045","11803267588.8346","13334309857.3714","14292941962.4926","14876816607.292","14362483056.1497","16280015568.2968","16702118564.7144","18478231172.9523","19626239322.4129","20403744841.7559",
"Myanmar","MMR","GDP (constant 2015 US$)","NY.GDP.MKTP.KD","2819978877.23355","2833276800.0935","2949069211.3481","3342749157.91689","3145726892.78789","3482088443.98083","3313145218.39439","3116832787.04718","3492702255.79267","3607672972.16754","3787310936.31627","3943725455.64312","4039788351.92398","4000678162.32036","4214409419.87952","4389421587.10075","4656315811.771","4933473074.38092","5255027822.25503","5528356400.98051","5967227079.11638","6346489388.2095","6702138810.88653","6996435937.60731","7341551093.93539","7550858733.14669","7471019822.19073","7171758277.44955","6357588759.57883","6592520573.15596","6778227478.72962","6734127184.6481","7384707336.70028","7830700106.7998","8416276599.95319","9001043827.20066","9580955459.25851","10122431105.6912","10716234490.6459","11889140284.792","13523413252.0595","15057508855.1318","16868251605.3361","19203491833.0403","21808380518.714","24767548771.8286","28006178558.385","31364521323.4726","34581048770.2412","38229352561.0607","41912536386.4647","44256068472.7859","47501220126.7123","51503673421.485","55711475876.2459","59607290407.6191","63101751663.2419","66973743448.908","71172235145.7539","75854734833.6027","68991135073.5064","60700903302.881","63151698289.3327","63756973610.2966","63137226234.8764","61867003258.5508",
"Middle East, North Africa, Afghanistan & Pakistan (excluding high income)","MNA","GDP (constant 2015 US$)","NY.GDP.MKTP.KD","155738298495.994","161576041718.534","165808159743.328","184412266267.767","203173083229.714","228011302201.862","244326401651.195","262835325091.81","295505141858.586","328129339954.332","356715007150.942","376538767179.763","421294131906.219","444292803346.801","477088532754.909","491964398743.332","566574035812.474","576146067034.544","565584238284.8","562730303070.309","544176809523.374","536517755931.835","595182604687.578","623384662445.889","624443220420.556","651580176236.672","639993625909.961","646576823872.168","658372924847.678","676955598417.536","743725943176.05","752751587600.319","790227775357.435","802426302838.102","820998110454.656","845342869251.645","895671250808.29","926667733709.592","976853375000.162","1018007556143.21","1076510382791.84","1107653918536.96","1143890611033.58","1174485594261.01","1264950728692.6","1327644362187.22","1399404513755.19","1480873561756.95","1532261539078.19","1575731758614.93","1651884685202.18","1645845857882.25","1704324837135.76","1723467306257.76","1764778314479.16","1784466385695.77","1883720255063.91","1947813315786.89","1988684490301.38","2016435809983.93","1963608420930.73","2048674285673.99","2137190096211.67","2199081374692.97","2248810745632.52","2293685653372.88",
"Montenegro","MNE","GDP (constant 2015 US$)","NY.GDP.MKTP.KD","","","","","","","","","","","","","","","","","","","","","","","","","","","","","","","","","","","","","","2711170862.4031","2844018352.0146","2576680772.82447","2656557790.7931","2685775700.69989","2736911154.52922","2804859323.26213","2929003840.60977","3051453835.71426","3312854184.87227","3549310814.19746","3794163580.97893","3566724394.35399","3665722319.08448","3790715683.41507","3696428119.37129","3821593813.9709","3912177393.20714","4010884106.80136","4148830669.34239","4282285485.12352","4484962679.88169","4682028157.33813","3980069528.1716","4499319776.55507","4847546740.62484","5161588407.08774","5324906167.20458","5471051068.05593",
"Mongolia","MNG","GDP (constant 2015 US$)","NY.GDP.MKTP.KD","","","","","","","","","","","","","","","","","","","","","","2484401291.11981","2691653428.46928","2848685511.08964","3017709971.3509","3190107887.21565","3489180326.59186","3609858808.62016","3794249397.05414","3952780563.85351","3826905840.8639","3494212069.76499","3170771527.90814","3070296387.65315","3135828262.42822","3335782058.86711","3410339918.29364","3543231097.14284","3661572769.35615","3773996564.97664","3817248910.66296","3929961221.71521","4115965440.05725","4404273778.31917","4872245746.85238","5225662152.64429","5672782077.14901","6254129712.42599","6810770268.31901","6724368909.15607","7152385862.09146","8389088993.66654","9422609644.69237","10520241544.9149","11349786311.9875","11619892590.6941","11793003947.8926","12457761002.7432","13422599720.3616","14174566537.4555","13528524951.0287","13749955731.6936","14441951078.838","15513848972.8704","16308475359.1871","17424613413.4745",
"Northern Mariana Islands","MNP","GDP (constant 2015 US$)","NY.GDP.MKTP.KD","","","","","","","","","","","","","","","","","","","","","","","","","","","","","","","","","","","","","","","","","","","1607115151.51515","1612630303.0303","1562993939.39394","1364448484.84848","1270690909.09091","1185757575.75758","1054496969.69697","869187878.787879","881321212.121212","816242424.242424","822860606.060606","844921212.121212","880218181.818182","910000000","1175830303.0303","1448278787.87879","1165903030.30303","1032436363.63636","732412121.212121","768812121.212121","896763636.363636","","","",
"Mozambique","MOZ","GDP (constant 2015 US$)","NY.GDP.MKTP.KD","","","","","","","","","","","","","","","","","","","","","2851825334.41874","2994416685.38902","2787801950.80273","2350116987.73375","2197359386.36591","2219332908.17081","2168288339.46096","2487026734.53926","2690962806.90192","2865875511.88992","2894534061.64812","3037102925.87601","2806992350.59937","3114089525.00613","3314642610.85013","3385008953.52437","3747066497.85064","4189780379.08586","4624228447.72781","5170672900.3853","5210292403.59676","5879902615.65954","6448401314.435","6913827631.93056","7481086789.73586","7953294766.92377","8741520167.29262","9410189984.44687","10057425620.5829","10653727556.9369","11365367724.1329","12176179697.5618","13149604768.3812","14013719723.4859","15093136077.3533","16208985769.615","16970320249.5828","17418032489.647","18025039081.8692","18442825951.8799","18217911539.7402","18651030677.5113","19465951656.6009","20537327379.1707","20978659139.7778","20868838925.8263",
"Mauritania","MRT","GDP (constant 2015 US$)","NY.GDP.MKTP.KD","","1067389946.31794","1075145691.10065","1053817299.49442","1345628650.25443","1562790649.16277","1566400101.18171","1622275674.48886","1787690082.85207","1810009967.19102","2026956515.67232","2064311022.40111","2049181524.50044","1955231532.48207","2193038739.0819","2080439918.44761","2258236496.88823","2215813408.72516","2204629891.9375","2310232542.03484","2388115337.57515","2470512204.51564","2412704093.49485","2502826843.48923","2422064013.76914","2494599030.24547","2637129925.42273","2687245524.58842","2733476842.20953","2864071033.2823","2813339613.23359","2863644580.52619","2917312880.6116","3088665261.64444","2994129490.4365","3288147029.98539","3479478605.01407","3338744254.03104","3431488052.09143","3557532727.38488","3418147674.46376","3390819795.19187","3437663426.84245","3675834015.3124","3849802340.96431","4179587468.01261","4945839545.86186","4848435056.58765","4832382896.8187","4837112633.71603","4963856086.88709","5170987043.87509","5402130846.39324","5626363205.90498","5866880289.55903","6182303676.55144","6260256913.89463","6652809184.23378","6970292790.3702","7189230027.94751","7163301538.8176","7216504489.52491","7706938495.42044","8231741703.46659","8750967217.58837","9103536665.50591",
"Mauritius","MUS","GDP (constant 2015 US$)","NY.GDP.MKTP.KD","965665103.121351","1186310839.87355","1195878281.42274","1362039895.5513","1268202252.37774","1308746423.43444","1262047674.03788","1317377476.70898","1226614703.81838","1287123250.09451","1281944599.50946","1336729315.3383","1448297584.80905","1621828058.47954","1764740728.22208","1780730872.41629","2203697975.98197","2347987724.55224","2437934581.20463","2523665178.44202","2269752701.24713","2403267565.12349","2535377007.92481","2545107665.96174","2664686641.29586","2850001619.88986","3127649727.35757","3405730310.25514","3637025264.91513","3799423847.87669","4072478438.63667","4253111031.30466","4530103333.16682","4760326036.51855","4957219922.06001","5169772453.58552","5458651269.65547","5769110827.99179","6119407786.24471","6279181383.40497","6794249555.80586","7021689826.80183","7135084405.96558","7557869943.06927","7885127212.19229","8025288740.59791","8415762744.17286","8900830661.908","9387088070.31371","9702824740.03021","10129431413.6242","10549352323.5511","10919700091.2128","11290702454.7202","11726268292.6522","12162211503.0793","12634806000.0366","13134438955.5367","13675143575.8358","14066792766.4264","12069668892.3557","12472565404.1389","13513082163.7098","14148086474.4567","14848196377.6278","15316148267.1641",
"Malawi","MWI","GDP (constant 2015 US$)","NY.GDP.MKTP.KD","944667422.058223","1016836214.17842","1023632388.93377","1009392858.66876","1036253845.01772","1177355281.64236","1333343510.54967","1430431584.18858","1402923252.38422","1485448247.1066","1492567970.51197","1734641056.59672","1842732594.91417","1885127635.57549","2020403708.86032","2143382122.79433","2250502600.78848","2361183024.64384","2591281916.72248","2705198653.51164","2716201951.98732","2572511628.92944","2636913267.76854","2734972402.75698","2881575238.57261","3013291524.42244","3006818901.87136","3055686904.136","3152774981.35474","3195170015.77883","3377048507.13521","3671872668.53471","3402615041.17122","3732391067.02738","3350187439.57544","3910634175.56103","4196762833.85435","4355921668.87641","4525595860.28364","4663277073.69729","4736773940.3021","4501121160.06136","4577640221.16799","4838823865.43116","5101112194.50269","5267853576.27553","5515442681.93082","6044925172.60306","6506741521.33369","7048630103.04233","7533157578.1417","7904743381.9111","8054933506.22505","8490733601.03182","8968360291.15986","9219474379.31534","9449961238.71922","9827959688.35226","10255826273.6659","10842133933.7208","10928176721.5316","11426314939.9064","11531564448.65","11755940188.7261","11952668098.8907","12177998253.3931",
"Malaysia","MYS","GDP (constant 2015 US$)","NY.GDP.MKTP.KD","10075053649.8072","10840555621.6448","11536630907.8954","12383281583.8406","13046897050.9237","14049533276.9683","15147744693.7571","15732015396.7718","16987114742.2068","17817535562.9787","18884189212.4274","20779153503.2444","22729992899.4898","25389647919.0597","27501726905.7384","27722034464.7822","30927669086.1643","33325509326.093","35542952796.7525","38865898972.0635","41758231849.7993","44657131817.3834","47311173244.6651","50269176995.279","54170965009.8042","53615577053.7607","54280729183.0432","57098947792.52","62773281162.3831","68460289886.5035","74627553679.509","81751102498.1732","89014784403.7144","97822746879.1401","106834219205.048","117335045630.591","129071719045.017","138523307832.505","128328802476.716","136205126470.557","148271359064.948","149038923296.259","157073594223.932","166165798103.902","177437551536.374","186898768708.901","197336779111.682","209766600383.972","219902039818.778","216573759299.08","232654030399.227","244970531973.676","258378881826.473","270506469604.101","286755041078.03","301355266964.947","314764917575.088","333061328477.268","349191778300.005","364602265936.14","344706479641.244","356134704342.139","388299855024.742","402034268648.217","422559964245.24","444411684411.754",
"North America","NAC","GDP (constant 2015 US$)","NY.GDP.MKTP.KD","3709291615833.78","3797031427298.05","4032407651226","4212521177711.94","4459707155140.5","4744809655183.26","5054342461679.73","5183175774748.64","5432730710932.54","5609467280344.18","5633795607264.49","5822623443839.36","6129774915166.1","6481135820786.71","6467017449462.99","6463542977027.83","6814742155830.59","7123436747399.89","7506485450946.88","7747670961413.41","7744253769086.32","7946714009011.4","7793725262909.35","8137150962313.13","8716382883190.11","9083724119210.53","9388057943458.46","9717258286431.43","10125057863940.7","10485281954668.3","10668191026795.3","10639055307396.5","10991017031030.6","11292664209902.3","11751613094897.6","12067145297453.2","12502445598112.4","13056832119822.4","13636175671914.7","14292759908047.4","14887620358377.3","15040995988027.6","15311921552513.6","15727952369066.5","16323628966689","16888635996103","17357179894002.2","17705726482024.7","17737884409587.2","17275882111082.3","17746470091116.8","18045713098869.7","18450546757866.6","18844188600645.9","19324611232550.5","19858183921200.2","20207174333804.5","20712928586863.4","21323523583775.3","21863086734805.1","21357532920428.9","22668118543356","23277621651170.8","23943233912873.2","24598337054130.7","25122213704738.4",
"Namibia","NAM","GDP (constant 2015 US$)","NY.GDP.MKTP.KD","","","","","","","","","","","","","","","","","","","","","3477739161.30949","3511523641.00858","3497544590.4164","3433768600.46996","3425634293.66579","3441535103.59146","3605602362.64102","3733737146.75807","3764097990.89465","3834060337.80812","3912561187.29612","4232045772.77894","4536302039.10592","4464649372.02005","4541882425.73877","4718971067.42416","4869568737.86144","5075069422.96386","5242119678.32805","5418741285.63406","5607973667.33031","5674032719.94258","5945742924.34569","6197830193.6963","6958275950.69608","7134269025.97086","7638888381.86825","8049405616.20712","8262699735.19694","8287154923.12437","8787636883.68937","9235045191.83414","9702493818.43111","10247261642.7308","10871578021.6669","11335161083.5061","11338991738.8743","11222512162.9739","11341464002.1253","11246291861.588","10335184546.1643","10707646943.9364","11285723332.8927","11773828665.0454","12218704810.0999","12430110584.9587",
"New Caledonia","NCL","GDP (constant 2015 US$)","NY.GDP.MKTP.KD","","","","","","","","","","","","","","","","","","","","","","","","","","","","","","","","","","","","","","","","","","","","","","","","","","","","","","","","8738203074.3957","","","","","","","","","","",
"Niger","NER","GDP (constant 2015 US$)","NY.GDP.MKTP.KD","2602180352.66278","2720485699.01606","3000116629.79646","3282974505.52137","3287276511.73776","3514748216.63627","3501304403.14799","3505606409.36438","3519050222.85266","3325997034.48358","3427632150.81039","3622298371.03122","3435160573.56497","2849548703.9568","3099603386.06155","3013025467.74032","3033459908.97494","3268995364.33056","3709414436.8571","3974526140.88837","3876950088.1899","3870062063.28482","3954215023.32994","3801438868.18018","3162043118.60555","3406093636.53018","3622453380.98841","3625651332.08849","3874775278.55005","3911858659.29872","3860672838.20896","3843705601.8807","3920608632.47669","3933219484.77413","4006172005.58166","4104613431.71867","4108739820.30038","4171499823.06338","4587507438.32542","4577434991.48422","4522117708.50312","4850791323.99035","5089376067.96136","5199846593.3602","5218763717.35798","5601396628.31908","5933618261.55882","6120095511.70958","6593265446.85522","6722664934.31258","7299346341.92573","7471447186.58798","8259606009.352","8698614858.59842","9276388744.59484","9683867926.44282","10098470683.508","10657116598.5285","11391880476.6275","12084371848.8128","12622708625.7688","12763477152.9842","14323371862.6454","14700817032.8862","15924405812.4168","17040361036.8007",
"Nigeria","NGA","GDP (constant 2015 US$)","NY.GDP.MKTP.KD","65552393151.3156","65678119684.6865","68372888067.7336","74238337576.4471","77913498064.0268","81719554395.1141","78246053144.3214","65927285449.685","65104275426.988","80857806917.1098","101078114311.67","115469142733.257","119353827264.414","125790293297.222","139829338541.938","132519413714.691","144502285208.406","153207273164.642","144376163268.452","154135170311.463","160616293802.862","139530778712.904","130037957319.982","115832500285.95","114540246019.734","121313042218.617","121386976784.846","125271512342.595","134458956986.486","137039737057.541","153178750575.345","153727670613.164","160847095650.819","157573666209.803","154713823159.567","154601400724.996","161088358074.5","165819683303.955","170099910681.009","171093510004.065","179675448843.378","190308075298.043","219480696548.107","235606371240.474","257401275803.853","273974099482.97","290575362867.529","309727563830.114","330679000570.877","357255424171.506","385856064172.751","406337011591.485","423525315758.166","451780110047.004","480286163931.207","493026682800.63","485055087455.971","488964081501.001","498365674277.795","509371727741.802","476930359899.737","482220722032.144","503047012789.736","519727567204.567","540886022091.974","562593735122.067",
"Nicaragua","NIC","GDP (constant 2015 US$)","NY.GDP.MKTP.KD","2980615373.71111","3204094266.12794","3553045710.92612","3939101155.23994","4399916077.86226","4819014940.50278","4978097196.75715","5325046369.09554","5396559614.61793","5733181024.61445","5810798353.78582","6002831090.09635","6136137334.27084","6529894124.45404","7456644456.86985","7445217380.81752","7833072592.58392","8488581747.41852","7823178769.93958","5751695780.71855","6016948591.65853","6339655005.17507","6287900475.9331","6577974631.78335","6474957371.46333","6210659227.69296","6147477622.39866","6104054733.3848","5344110782.05487","5251218575.72005","5248461700.60458","5238527333.8895","5258766205.00338","5238102616.97418","5412936135.83752","5732943936.85449","6096657285.16644","6338490397.92159","6573754971.11657","7036282429.22732","7324881903.35865","7541760192.38638","7598620454.41747","7790161379.81727","8203988039.95305","8555315487.40164","8910613085.37027","9362947172.55444","9684631534.27819","9365749046.00831","9778787862.00226","10396483140.3717","11071852873.3639","11617373486.8649","12173318263.9174","12756696261.0676","13338803114.2245","13956550774.5717","13487142194.6088","13096437236.4148","12803529948.2066","14142060746.7673","14644142761.6099","15292555226.1826","15840173210.7769","16620068188.7789",
"Netherlands","NLD","GDP (constant 2015 US$)","NY.GDP.MKTP.KD","165062578867.618","165550415550.271","176879870203.618","183291096178.688","198458258681.846","215611194014.587","221521321840.566","233217680753.617","248181239914.247","264137926396.921","280356474536.234","292459408444.342","302794556889.217","319279368397.634","330258484559.693","330265184698.342","344982823321.882","353677910399.818","363213939815.998","370529672438.225","375501862329.23","372559385945.9","367936830433.128","375552968866.461","387051194389.54","397037811901.925","408103159783.866","415984646239.332","430299588524.868","449319337792.549","468115367207.742","479533329877.887","487714508978.523","493847773249.031","508471062735.049","524315203787.127","542250115007.444","565287469992.677","591560354220.307","621394767005.089","647615764135.875","662663663969.898","664292686855.897","664942730062.864","678349859387.515","692147602470.16","716630910947.279","744475056649.439","760233696247.46","732368991449.991","742031522823.378","755189991605.283","747805546601.84","747579402588.694","759634560414.317","775743675302.734","794549879151.561","816650350359.65","835096289734.875","854304853959.192","821260366624.8","872809532457.157","916513152781.965","911031844894.181","920814790664.484","937247947433.363",
"Norway","NOR","GDP (constant 2015 US$)","NY.GDP.MKTP.KD","68705746508.4939","73015888522.9354","75070515625.2273","77911966965.1333","81815084643.8549","86139509961.0412","89401193889.9016","94994203169.7479","97140953907.672","101516776456.22","103489552527.076","109403740814.895","115184871340.188","120357011507.106","125128490234.871","131319830527.568","139001467342.167","144772677442.736","150354655397.742","156896930817.598","163999338665.154","166745065609.658","167149323122.227","173736488537.187","184291950022.191","194540622065.034","202414963261.717","205945644354.441","205265970896.676","207379270442.778","211441810489.128","217486204424.686","225237904334.096","231709124675.248","243385718694.015","253493272680.5","266090606536.428","279640177680.533","287262912068.518","293532747729.175","303640301715.66","310209362458.012","314730598340.287","318181171842.263","331958912872.2","341817216114.248","351549653857.762","363573710884.323","366565216453.901","360651524216.608","364275829281.061","369321235919.604","379750707834.862","384584561342.921","392642430455.596","400669174330.888","405844166612.591","416678764070.259","421305528551.092","427497488848.368","421681140844.59","439152009907.477","457071158448.196","458683228227.53","465213599254.875","470262478012.781",
"Nepal","NPL","GDP (constant 2015 US$)","NY.GDP.MKTP.KD","3312007761.75636","3375209678.85925","3439686985.43509","3504872894.04063","3768875641.6126","3723528943.78579","3985689329.11524","3923054320.96154","3949553904.15476","4125839146.34731","4232120437.9241","4181530376.86702","4311902146.17686","4291354368.62072","4563151175.75162","4629612136.04912","4833247300.78379","4979065088.23782","5198429819.63444","5321574269.33285","5198145984.11468","5631773977.62426","5844619815.88407","5670601763.15115","6219580092.51561","6601767395.36014","6903181024.46915","7020232622.83629","7560566498.87752","7887912410.008","8253520017.23047","8779116585.00696","9139622809.39563","9491484580.52648","10271305209.265","10627560489.2414","11193827112.9875","11758960072.8988","12113656106.9535","12648180059.6101","13432367221.0195","14077106359.8202","14094019042.6825","14650033415.89","15336036356.9726","15869604827.464","16403555897.1058","16963173094.5667","17998713599.3171","18814609456.1982","19720799061.8121","20395607080.0478","21348110877.0432","22100664484.6361","23429242138.2095","24360801286.7638","24466311259.2881","26662720369.2492","28695053195.3456","30605298792.5448","29880069318.7261","31325711777.1674","33089761144.5103","33745781686.0998","34986909218.2842","36537085383.278",
"Naoero","NRU","GDP (constant 2015 US$)","NY.GDP.MKTP.KD","","","","","","","","","","","265130983.762139","272815506.001545","280722756.597865","288859190.57555","297231448.398974","305846367.763416","297231448.398974","288859190.57555","280722756.597865","272815506.001545","265130983.762139","257662913.863681","250405201.442499","243351919.924339","236497311.02435","229835780.459472","223361887.229355","217070346.832083","210956024.832731","205013926.144296","199239202.531043","161396098.985432","135152666.22375","113369618.391946","108986614.557434","100351115.302983","88449902.8357614","80530467.448872","71037539.4601017","66371651.8998459","61821104.5195479","57641293.4319715","51893687.4550086","52041366.0031789","49795903.1503652","49795903.1503652","54004007.6419454","42081044.9158016","50497253.8989619","47691850.9045751","47691850.9045751","54705358.390542","68031022.6138793","70836425.608266","82058037.5858134","84863440.5801997","88370194.3231835","82759388.3344102","82058037.5858134","89071545.0717802","90474246.568973","97487754.0549406","97487754.0549406","96786403.3063439","98189104.8035374","100293157.049327",
"New Zealand","NZL","GDP (constant 2015 US$)","NY.GDP.MKTP.KD","42148160390.9811","43545645755.8129","44887232024.4008","47626303657.8206","50533072579.9719","53621518615.6516","56972039073.0183","54357350841.5608","54330798051.4977","59869644429.6973","59032901561.2977","61267566912.7645","64403920249.9476","69427605033.6464","73588707384.0144","72314384061.3695","72986049289.3978","70113071933.2412","70336426495.1032","71878042721.0015","72801137868.2538","76190506137.4219","76898837871.5476","79583779696.8191","83397990770.3651","84745147541.5073","87044511901.7045","87882322465.0656","87588249641.6856","87732506618.0974","87852601486.1116","86907423909.2371","87864207158.9241","93473133875.3906","98251175352.6957","102905098515.148","106600255478.383","108812760649.505","109743314968.438","115650965470.797","118968749812.922","123032216234.303","128833364776.463","134921868357.134","140440895647.611","145149814895.947","149176913569.912","153746384754.635","152169544390.374","152108281106.485","154347048879.934","157657022029.391","161287176327.531","165423928008.694","171742023963.132","178147457242.978","184816451391.396","190944384995.972","197287932986.149","201872346390.44","201386003376.743","210043909984.57","217070337673.134","221007764663.383","219087820768.13","220101916574.919",
"OECD members","OED","GDP (constant 2015 US$)","NY.GDP.MKTP.KD","8955634144525.1","9345455025483","9863115007561.97","10365843800732.2","11038709578656","11646203589178.3","12292273844146.8","12762905410083.7","13524153302634.3","14270356308968.2","14664313454806.9","15189733132685","15997729720510.3","16976782815374.9","17176897423093.7","17245521240730.4","18068035298488.5","18730861953854.8","19548532253703.3","20307621661602.4","20551092942212.1","20981254788232.9","21026693893727.8","21625268149170.9","22661433912273","23489240444334.8","24217550246753.6","25073230199200.2","26200602585447.6","27178966745871.1","27969858622713.1","28289280127421.7","28891478595768.2","29305103884295.7","30283050972802.9","31123481183681.9","32092482801337.4","33273690341928","34250759276693.5","35429435795940.4","36896904536748.9","37411318535276.4","37989598055421.7","38759098068469.2","40020514247187.3","41162975378876.8","42423052818117.9","43546770343323.7","43720333630849.4","42234879539513.7","43490685129381.2","44295123277913","44917296865442.1","45646617424520.9","46668523875537.5","47849615079402.5","48737052099855.7","50010084314172.9","51204980346185.4","52153816757745.1","50138421607035.9","53194215678189.2","54874380562652.1","55856287150877.5","56851749212679.2","57858058449481.4",
"Oman","OMN","GDP (constant 2015 US$)","NY.GDP.MKTP.KD","1249211741.94432","1263447838.95456","1518510059.15118","1587317448.39794","1588503800.68307","1595621860.88804","1678665420.91968","2790262280.54162","5075146585.24272","6377742274.68985","7263935714.31476","7329182208.16189","8049290788.68407","6902101210.0919","7695760470.23578","9576104314.40267","11543047911.1034","11659311606.8678","11228671307.7733","11715068326.4398","12422124727.9151","14539734067.8668","16221957658.137","18925617927.5717","22088390354.4491","25182354730.2694","25686545708.9855","24802727111.1711","26281968613.5955","29371903351.2976","29333594829.5491","31115340232.7624","33733348946.8565","35771841957.9457","37158277767.4612","39015009844.3554","40203383600.0114","42629059777.7952","42600125690.2964","42726901830.7523","45372727044.5609","47465846485.9487","47093635557.5669","46060087700.6298","46977841907.6213","48283564529.379","50538317581.1033","53055456656.1063","57803951303.0508","61261764565.2408","62776154506.6944","64593279186.5623","70318260489.7491","73994291063.383","74950483987.1606","78710793237.9714","82682873555.7961","82934277088.5646","84001727416.2074","83053651985.4157","80246670660.8581","82318780120.4001","88892516940.1985","90149469425.3473","91620377299.3726","93817318343.1259",
"Other small states","OSS","GDP (constant 2015 US$)","NY.GDP.MKTP.KD","","","","","","","","","","","","","","","","33839654629.9007","39343505923.2793","43312544203.172","46346105241.8081","53201946097.6442","51755030237.6541","47852550922.2526","49298757541.8156","49773746369.9651","51113652003.9904","52136479454.4064","53199283842.5365","56444778896.979","58197145791.1727","59879457703.4199","63014481703.0918","62685926715.8589","60725694140.5847","60950844273.875","62686205002.9597","65408642437.646","67538778937.5865","71751248418.9677","74202677488.7157","76128921943.1075","81691167472.0064","84296496921.067","87242163512.8721","90966346070.2152","95019782623.9484","99395419683.1577","105558609717.186","111325869078.005","112331961470.653","106571144034.464","109211013292.041","112811691648.127","114166986131.665","115074679955.909","117493207287.007","121433689793.067","126428555227.69","132829246028.565","138632766412.125","144513445971.554","136182965949.79","147065543383.023","153534499893.865","158448075579.821","162835205830.306","167530397562.151",
"Pakistan","PAK","GDP (constant 2015 US$)","NY.GDP.MKTP.KD","18921911099.4869","20054831466.1635","20953861208.7756","22774506905.7757","24498481838.7543","27051068282.3803","28617312097.6994","30162822259.833","32344565831.098","34126072054.2236","38000562580.8228","38178546784.2244","38489093528.9446","41208064651.9774","42666909141.7874","44463790022.8473","46756427335.2631","48602230016.4329","52513996839.0732","54487701574.7253","60054003904.3132","64810739569.0917","69047733113.396","73728049698.119","77462527003.7113","83343570902.3902","87928845524.5354","93602316255.4105","100739753814.043","105736212788.011","110450553630.166","116041083242.324","124983090542.903","127179977939.619","131933222221.385","138480552374.263","145192124911.514","146664948034.581","150405247842.758","155910279560.875","162552194688.572","168487544527.033","172859487443.654","182196165734.208","196464413110.888","210760292372.08","223514741630.685","233449556918.441","238399717138.761","246678267936.347","250382678707.751","257093227079.837","264876940258.885","276443758787.987","287823367553.405","299963590534.773","319682711890.74","333853050597.697","354390697428.203","363242090361.647","358614068499.253","381973779235.3","400224894618.857","398564217461.774","410847021870.558","426041897772.178",
"Panama","PAN","GDP (constant 2015 US$)","NY.GDP.MKTP.KD","2863868500.89091","3176791808.78013","3438709932.73256","3732334111.31252","3897756024.90608","4254791890.19387","4577364762.66833","4968863620.63068","5315560545.62547","5764267697.78353","6165416120.33112","6758291016.74331","7068010822.59997","7447160849.30988","7629491145.23181","7762314439.76189","7891515164.23244","7977850383.28967","8759092863.64932","9154544103.2961","10352368753.8696","11305491618.9702","11910160913.3553","11375232192.4905","11683441125.3705","12260864084.3264","12698305749.8015","12468586353.5904","10800308977.5736","10969036481.16","11857417978.5654","12974268895.1904","14038376851.2514","14804274862.072","15226218483.1841","15492932940.2149","16124998544.7039","17368081132.8196","18824824096.4283","19805907259.4786","20639538981.1271","20835595644.0282","21358328178.3601","22446932329.0813","24282115701.6943","26291748117.2201","28883388489.0221","32682439460.4496","36015209193.4566","36595725406.4936","38818327825.9763","43441154827.5517","47623362287.1202","50635232250.8688","52977523789.5376","55767806100","58317491835.7804","61667283244.4831","64083556965.6452","66072040231.8554","54297264368.6321","63238394459.0666","70219029318.5391","75251163819.299","77318946518.7126","80682556210.6412",
"Peru","PER","GDP (constant 2015 US$)","NY.GDP.MKTP.KD","27514598739.2362","29536122813.8214","32500159377.7442","33906847467.0061","36127022963.5927","38157987897.8373","41301794164.4427","42892972386.2168","42958271665.5281","44468022472.7392","45964792097.9186","48074824231.8113","49746643129.8434","52869207462.2149","57831952689.8792","60319225840.9985","61192111990.3475","61405711440.1431","59783063686.1708","62228639707.1274","65927096478.7269","69587396442.536","69432408996.4596","62205824296.2837","64450388680.324","65778796308.2426","71979080889.6031","78979871696.2567","71523166041.881","62717204194.5052","59592279647.2189","60914786737.8504","60585536757.2262","63762386032.6397","71610493993.7311","76917830598.9662","79070739970.4791","84192012966.592","83862369616.8153","85116037105.7632","87409379264.7108","87949475111.0632","92745825187.2292","96608710264.5646","101398766434.291","107771740073.589","115885765581.756","125757364463.195","137234696225.05","138738546494.974","150298879148.001","159808578409.161","169620385179.423","179547449111.361","183824551906.256","189802976285.619","197306492869.139","202276318741.548","210305376512.78","215017545590.315","191509018299.917","217203104601.484","223324321983.196","222541124000.612","230364056335.945","238266842609.231",
"Philippines","PHL","GDP (constant 2015 US$)","NY.GDP.MKTP.KD","31344414578.2009","33129626605.0432","34735185774.0934","37172298520.2165","38437083908.9934","40491580379.5156","42289875657.1023","44498543744.5452","46740451307.7078","48932332357.9901","50739152607.185","53473489811.5011","56377307514.7893","61328367803.6852","63410224488.9803","66866781055.7536","72736616790.959","76782933144.9968","80769798287.5113","85289329758.5592","89724981380.6129","92795557533.1733","96227514092.1276","98052903642.7771","91150588918.0784","84899137702.1736","87879678171.1382","91712822474.0122","97854767009.256","103906025758.682","107109108270.262","106641694746.423","107087061460.264","109423583330.152","114209405300.726","119491847401.125","126494485337.077","133055010091.644","132370986792.543","136800717247.312","142796015521.852","147150196386.034","152618672919.07","160382249186.079","170918125627.487","179365762735.543","188901594317.393","201216639993.9","209958471374.167","212999348337.291","228621785456.625","237442546234.973","253818843989.004","270952964501.391","288153024771.696","306445871242.322","328355086268.976","351113338965.581","373379140695.818","396224439236.642","358510629276.391","378998554988.857","407730367707.393","430232801525.374","454819510163.045","474842491496.932",
"Palau","PLW","GDP (constant 2015 US$)","NY.GDP.MKTP.KD","","","","","","","","","","","146752830.714773","146938237.671082","147439739.844141","147737604.320433","147893518.695942","147930886.418985","147869459.494894","149984146.982929","149251332.107799","148692912.838032","148136586.07115","147582337.551658","147030159.133559","149870794.421566","156797818.006789","165322141.19531","174309890.13214","183786257.330108","193777808.920727","204312551.858663","215420017.418198","225986875.097626","211523630.927991","185506137.0433","199048162.294643","220744392.307671","243701806.769796","249306951.929721","254293048.107332","240561265.591229","234297230.216297","251508442.867897","263367004.758067","257763189.460007","266714048.894488","274408269.826706","275034203.191757","276923855.753246","261544895.86188","245341943.275143","237916711.7575","248730840.471263","253858001.908852","250320025.314726","260868320.140666","283224750","287944709.951285","278092878.361503","276931490.588704","277764180.223659","261077754.760105","229971280.110212","228906790.097914","231705973.218968","259524527.528799","275839216.548176",
"Papua New Guinea","PNG","GDP (constant 2015 US$)","NY.GDP.MKTP.KD","2618701702.09897","2780566580.04829","2957802655.29699","3078259812.44171","3342075344.62979","3685257013.25121","3899508937.02793","4058236946.00848","4235159448.26456","4585553584.23864","5082756253.20918","5402725547.07875","5707631246.82483","6080297606.58948","6239025757.38609","6184129557.72027","5974583505.41329","6024460260.61675","6539543138.53288","6659373433.70064","6505978016.35071","6488097664.83673","6510997034.98872","6720857086.48885","6697016428.59007","6964909833.10925","7291777026.36941","7493795332.02432","7711807859.64617","7602332586.60826","7373337464.29462","8077262449.85336","9195889413.93028","10869751500.9507","11515643989.6531","11134194181.0049","11995278888.5184","11526936460.3395","11092473174.6015","11298300003.6359","11016425270.6953","11003063602.1014","10985579675.3822","11223318880.0206","11528725110.7168","12260199191.5266","12923469113.2424","13933462679.345","13892155836.0293","14836880985.9851","16339627662.3714","16520596167.0901","17289980088.7062","17951312547.2223","20382597142.1943","21723437010.0982","22915960976.066","23725951011.6612","23659695751.3327","24719771866.5529","23936789891.162","23814565624.2584","25173667563.9887","26132900873.2365","27148935841.1887","28679571266.808",
"Poland","POL","GDP (constant 2015 US$)","NY.GDP.MKTP.KD","","","","","","","","","","","","","","","","","","","","","","","","","","","","","","","194797367584.792","181131204775.169","185686615837.644","192628157713.225","202823584825.574","218906804615.997","232246717071.23","247015068311.447","258431144714.153","270575301764.16","283174187558.032","286667833930.23","292117946677.278","302410346199.761","317805438387.054","328168510412.522","348521872927.444","372083512402.176","388394800371.402","398551823849.317","411181642127.603","432791139408.41","439333996551.267","442340098156.254","459682079851.439","480054118583.367","494605411858.337","520089746650.75","552573816155.989","577884228677.544","566120997479.772","605337233054.782","637150470884.733","638740867489.057","658084600079.586","681596153335.986",
"Pre-demographic dividend","PRE","GDP (constant 2015 US$)","NY.GDP.MKTP.KD","183523426697.638","182938782698.935","194252041103.263","205448312584.481","214949774166.192","224422387379.597","227065954798.287","214012717538.94","221756728955.395","246798714507.514","267941315112.261","292921064156.638","302906929287.87","315187819142.626","341430884438.482","340288574642.079","363823060855.295","380839108515.926","380164566440.746","401744176239.895","418538477868.033","401949266843.888","396992922824.535","378355985220.344","380784035125.68","394527718520.839","404480280312.046","420128935907.06","436322143876.407","442242820508.283","477995585179.557","439278056476.313","448837770813.798","445875640360.349","446180622032.208","460136228892.495","486114751143.724","516551679262.184","552351529365.996","575602926478.944","607108322858.544","633545051386.317","671596852967.678","667776006340.277","747963185978.335","792615984705.227","841891092202.662","892977527144.79","950015942653.913","996028725408.605","1062490293992.42","1106640758216.1","1154517024208.31","1225079390361.75","1288451738385.74","1327649722440.53","1360680437200.79","1383186232489.31","1419951547288.13","1464834284628.2","1403976965634.59","1436138766046.78","1502707017980.42","1539441456466.64","1590683638472.11","1647539677447.1",
"Puerto Rico (US)","PRI","GDP (constant 2015 US$)","NY.GDP.MKTP.KD","14872866396.2782","15920174750.9808","17245260651.1686","18737156256.8692","20060172567.7053","21906679850.7348","23549494281.4411","25015031909.1869","26310919276.8857","28777629536.6528","31194351251.4781","33180011638.8544","35560204651.063","37816462599.5297","38919711945.4414","38664956204.6133","41078843372.9853","43523314808.4812","46540327586.3428","50220189697.6778","52351266023.4768","52952230929.6783","52127953622.9345","50907130172.6374","53925254341.0198","55595558165.2215","58362753380.9773","61729699983.6625","65364574807.8781","68198098011.2531","66260903262.1266","67787813677.7899","70881684617.9023","74173803638.2829","77278688339.3385","80794086619.0355","82663425484.3649","86697472737.6136","91492472088.4549","96423641766.2393","99578589112.8593","105865455033.218","106835668972.022","106892740374.551","116244440860.349","113934735057.689","112328922886.154","111022754694.512","108975346085.071","106847683983.96","106406131528.656","106024654228.865","106055693105.528","105730285957.27","104471711252.84","103375500000","102069149649.478","99124231779.4147","94801000739.6964","96389357184.3707","92359439312.9166","92715228856.7798","95456906860.8231","96155166598.5367","99210088884.5323","99525249619.7237",
"Korea, Dem. People's Rep.","PRK","GDP (constant 2015 US$)","NY.GDP.MKTP.KD","","","","","","","","","","","","","","","","","","","","","","","","","","","","","","","","","","","","","","","","","","","","","","","","","","","","","","","","","","","","","","","","","","",
"Portugal","PRT","GDP (constant 2015 US$)","NY.GDP.MKTP.KD","36024040678.7342","38017936914.6732","40532613040.1372","42913377694.5161","45621532604.8967","49029000161.2664","51028357933.1227","54878183558.609","59748902049.2682","61016021944.6935","66576926207.4632","70992076013.4684","76682585127.1815","85271549891.6412","86246084032.3519","82496423036.3738","88188866127.4689","93129733594.4814","95752235290.7646","101151643830.927","105793836908.303","107505690554.857","109801339942.75","109611260054.699","107550590438.34","110570008320.31","115148663807.605","122496753631.096","131670667026.502","140151100100.585","145687801786.27","152051745327.928","153708313966.776","150567626889.127","152020360998.271","158531058877.056","164086378007.658","171307602359.378","179544008821.687","186558035204.778","193677420299.115","197441874347.86","198964002685.767","197112600768.677","200638423891.103","202207110531.023","205493047516.038","210643893867.297","211316368904.681","204718906458.637","208276152407.912","204707283345.749","196414790526.28","194481859660.111","195923731482.461","199038523119.639","203027536357.754","209757330876.906","215937376369.165","221866335067.158","203663019645.466","214984151437.597","230002603240.143","237132655096.059","242384176671.169","246903381349.295",
"Paraguay","PRY","GDP (constant 2015 US$)","NY.GDP.MKTP.KD","2840643135.31984","3036655622.09727","3136873107.86776","3284628970.20977","3422993221.92201","3634122579.76438","3706496252.14829","4045654269.62756","4228804025.8008","4427606505.78894","4673490344.84267","4932315341.17476","5259391843.88932","5643475390.31597","6116484715.65794","6535613449.24659","7027480419.00606","7835224752.93087","8777702779.1326","9818926783.49676","10968933818.4602","11974835380.5032","11807472959.5198","11448216675.5201","11770667082.9813","12303070325.3867","12913897548.8793","13893068567.8455","14714895264.957","15735403256.8771","16384218445.3751","16956625718.4736","17244282666.9241","18095522437.8594","19057827421.2949","20358106834.2346","20678499692.6975","21555788371.9567","21570454446.6117","21275784844.5439","20783433276.2554","20610088070.713","20605676606.0528","21495995447.7688","22368177914.5133","22845400902.1597","23943606096.665","25241738121.227","26881515165.6739","26811317495.2227","29786095177.4635","31062837784.8467","30842899501.4209","33400724748.6239","35171376876.62","36211447840.0971","37756961788.4686","39573101423.9502","40841122661.179","40677000526.59","40343536418.7875","41955105419.3976","41943325612.1227","44160385148.2395","46222297907.7398","49292671875.7034",
"West Bank and Gaza","PSE","GDP (constant 2015 US$)","NY.GDP.MKTP.KD","","","","","","","","","","","","","","","","","","","","","","","","","","","","","","","","","","","5057700000","5417700000","5483500000","6287800000","7189100000","7784400000","7118400000","6455600000","5649400000","6441200000","7853400000","8740100000","8653000000","8980800000","9648000000","10477100000","11082400000","12146400000","12886900000","13492400000","13471100000","13972400000","15211000000","15426900000","15616200000","15829000000","14037400000","15021700000","15635000000","15483000000","11944000000","12462900000",
"Pacific island small states","PSS","GDP (constant 2015 US$)","NY.GDP.MKTP.KD","","","","","","","","","","","3211810611.85285","3415056102.73578","3600517130.93604","3995100512.98263","4117976319.44886","4135150250.46601","4176741547.48728","4315108609.74207","4405900843.71299","4781982539.02584","4616957194.15967","4755823498.55181","4604075261.58741","4552606663.41107","4795637018.34321","4714815345.85102","4961366599.8609","4860587671.99582","4914934386.3845","5135910438.50058","5327026672.78891","5300415785.58607","5553242580.11341","5656370529.78847","5928325427.48257","6186936994.64975","6370233849.44588","6291976221.29508","6381224713.64498","6649400202.82072","6552062014.97587","6607823739.69613","6734976050.28588","6864109005.52166","7136737563.45252","7313129245.11174","7488527046.18059","7498540400.11419","7647730518.90673","7609520459.5702","7884643790.20495","8187807308.13221","8273186346.94638","8542035434.20627","8847755544.63363","9199527864.78686","9544423965.36442","9915231563.44742","10185234036.3407","10303712622.2361","9247936367.84501","9005636380.13033","9756266774.36718","10462143299.8376","10845832192.8977","11205835214.4342",
"Post-demographic dividend","PST","GDP (constant 2015 US$)","NY.GDP.MKTP.KD","8674067708424.58","9051415329820.78","9555576110139.28","10035167675890.1","10678818253329.1","11269641653574.2","11889186115121.7","12338916446449.8","13062907275232.4","13790650877712.4","14159962847796.1","14660401383565.5","15428477663786","16377861778454.7","16541415881246.4","16580344992521.1","17373534604229.6","18013921084872","18781939505442","19492108334160","19691393516798.7","20065533985492.2","20117587370894.1","20745878207021.7","21755269749178.2","22554157778691.7","23290691292117.6","24111265235483.5","25228707616395.3","26176277471655.7","26876744247816.5","27152313525645.8","27679398505841.3","28009404543911.8","28923171984016.4","29733353662639.8","30605582644974.7","31670863515487.1","32539988400383.9","33692496460842.3","35069149061215.4","35597453580350.4","36144427300092.6","36870828033718.8","38048696080883.6","39114925720009.2","40270436587596.2","41316514115181.3","41468533870442.4","40063102714266.4","41228475024148.4","41902821540317","42435174696110.5","43081675386321.4","43977791848863.8","44970537111944.2","45782883131936.3","46918045992389.4","47991337619112.5","48865567786337.8","46892052388125.1","49621439025339.9","51040823954788.9","51957493879621.8","52882049046989.2","53756353047517.1",
"French Polynesia","PYF","GDP (constant 2015 US$)","NY.GDP.MKTP.KD","","","","","","2165319767.32739","2372683308.89411","2260237893.59335","2597709541.43584","2527936595.41813","2569058826.64776","2877407765.42446","2742311205.38656","2956281713.26325","3488443430.39493","3317415430.73608","3589563464.59949","3664190227.09712","4026672418.183","4184756524.1978","4205048461.33123","4316315005.61798","4389631481.5465","4495845434.88415","4601960535.24521","4548081323.602","5164246036.40514","5229823198.51874","5041621099.90898","5150413279.958","5157102801.91492","5345622077.92662","5267715607.70063","5199357378.7183","5112719178.3435","5092832264.3676","5058784818.60545","5052571889.66028","5140151877.33531","5237328133.90137","5407300957.95024","5388829856.98392","5434429137.37377","5550015578.46015","5603920611.48168","5621291279.00346","5671297393.42537","5767991632.3435","5768381984.09947","5524299140.06103","5388066377.2296","5228474143.52811","5179978074.0569","5200635899.8791","5231504505.84414","5325846361.81186","5448457902.84308","5682340239.1533","5785013023.38646","5940599015.38201","5312451133.13352","5491263054.60892","5652560509.1391","5809297011.57328","5874732292.7704","",
"Qatar","QAT","GDP (constant 2015 US$)","NY.GDP.MKTP.KD","","","","","","","","","","","9274198074.09001","10202346060.2424","11332703716.6159","12554923937.3774","13300467069.4211","14082419144.9245","15258147945.7653","14143474142.072","15397062067.9319","16201979784.5979","16037299333.2902","16181790926.1136","15069374657.3881","14794333642.9785","15483414894.1336","15155140134.9997","15963786066.766","15970968397.4034","16913966161.0933","17966388844.4945","18579844378.9379","18271004153.129","20341205347.0975","20071656697.7549","20356414975.2446","20844813471.9246","21756546971.5751","28286130488.074","31459453162.3762","32807196384.1802","35440999279.1214","36822541702.2622","39467329343.865","40935482223.545","48802669201.4469","52459320479.7741","66188134254.6431","78092213538.3655","91885668301.3592","102872944217.685","120085188332.894","135721967110.406","142000786637.637","148292418281.811","154400753941.045","161739955576.923","166695978169.384","164199531361.81","166227185730.265","167371229300.128","161416823768.972","164042828070.675","170908036353.71","172936988054.931","178314693414.898","183488780201.551",
"Romania","ROU","GDP (constant 2015 US$)","NY.GDP.MKTP.KD","","","","","","","","","","","","","","","","","","","","","","","","","","","","","","","116460149704.559","101415582149.459","92524246376.2034","93938788972.5597","97632408355.8641","103718335742.553","107771339314.171","102545439457.276","100463958892.948","100085550636.348","102548919722.127","107900062083.039","114053593614.452","116723756275.208","128895841498.556","134912890211.095","145744791283.304","156287689281.09","170834114652.888","161409698529.133","155105339843.99","162078238594.701","165163587446.019","165624017079.639","172441103432.375","177885131240.315","182972525962.275","197967999561.02","208647427408.285","216910469745.256","209105975817.662","220789460074.341","230035489109.198","235229078939.709","237383786157.719","238992844283.874",
"Russian Federation","RUS","GDP (constant 2015 US$)","NY.GDP.MKTP.KD","","","","","","","","","","","","","","","","","","","","","","","","","","","","","","1197410924014.2","1161488648471.78","1102869019648.24","942610308784.401","860899753893.879","752686755595.146","721498966074.43","694406178901.29","704127280752.683","666808805070.201","709483999749.711","780432873756.849","820235350100.851","858786345191.518","921477339138.287","987823227185.947","1051043572413.11","1137229862736.19","1233894148253.07","1298056264713.14","1196807955081.93","1250664313051.12","1304443243531.73","1356935163522.96","1380755103933.22","1390921151171.34","1363482182197.71","1366122853556.84","1391077891792.47","1430116278514.33","1461551317111.73","1422766794859.9","1506233291829.03","1484613261468.36","1544986751583.49","1621026050317.24","1637255383314.57",
"Rwanda","RWA","GDP (constant 2015 US$)","NY.GDP.MKTP.KD","1006931676.24387","963658525.179547","1072877639.38359","967516287.18583","846915452.784701","906280239.212677","969800612.983897","1036872193.18976","1109596137.31907","1231733491.31494","1305655056.03203","1321409621.35682","1324885830.74437","1370436573.36866","1389757311.24332","1360380267.86007","1625716687.04386","1658135257.63872","1809868575.57509","2024698311.10363","2205941454.75741","2325860832.62297","2367978600.8775","2509592007.58403","2403165900.34874","2508971246.95827","2646265603.11841","2645629543.83744","2764651786.98466","2763641741.5481","2697333931.27348","2629512715.69592","2783936772.6836","2558195917.60239","1272751916.2858","1721067047.97258","1940429017.80541","2209173633.92301","2404877024.71686","2509534587.02338","2719605115.77427","2950351652.85545","3339564215.20993","3413114360.36071","3667311764.89072","4011228564.29967","4381347663.23333","4715788995.12731","5242129868.154","5569671641.16985","5978187921.45189","6453955353.40313","7011674431.72186","7342614847.08613","7758827558.48585","8447064078.84373","8925061966.17873","9344891026.00495","10099102466.8293","11036918642.0266","10730411838.5598","11632990181.3646","12775928435.8846","13869502290.8789","14871874942.9284","16266231947.2257",
"South Asia","SAS","GDP (constant 2015 US$)","NY.GDP.MKTP.KD","168423297313.499","175171334798.073","180925298231.366","189785954287.729","204554983587.283","200758914302.849","202022118135.482","214566301440.545","223646433998.813","236654107798.047","248772858950.586","250371287376.85","244987589881.354","253272367404.553","259115583074.472","278075606790.812","284191437837.18","302946771959.171","320631719929.422","309235829181.821","327394335958.215","347607937089.102","359275390655.001","383160803979.273","398853669172.007","419057853859.702","438760946795.922","455574219604.294","494392070851.653","521431179176.376","550564433424.249","558906306877.933","589156371139.509","617569052725.916","656891689051.561","704172319259.337","753987624172.365","785735160957.047","832765688928.663","901123720900.529","937951354356.837","980846139521.345","1017843636302.76","1093833038693.23","1176374213771.82","1266302048994.85","1366278928683.61","1469218232370.93","1520356367774.79","1632707842672.23","1766498511556.15","1862792006504.79","1967949580014.23","2090617094971.79","2242092335684.84","2414503392327.99","2606918145625.28","2783774592065.34","2961759850737.65","3083030383318.14","2929264189412.53","3200121520162.37","3427367075068.75","3659909271310.59","3907231740118.18","4185575669896.82",
"Saudi Arabia","SAU","GDP (constant 2015 US$)","NY.GDP.MKTP.KD","39062138603.2778","43701490633.1969","48911870586.8409","53165300282.4167","57831504044.3909","64850377193.5964","70155880866.0463","76406337221.7124","82259159326.4176","87225874036.5745","133099787877.101","153369697077.861","182180374832.841","223162035358.397","259090398369.515","244871098281.093","282149187832.003","298771678009.696","299286687828.214","332100224569.115","351354104854.782","361834100908.464","303545917340.532","270175776742.908","259348470470.204","240644765871.719","243070832682.003","235455342414.061","250996198534.581","252038318255.458","275795698496.001","298468230594.601","312139812825.371","313325431978.059","316311316729.837","317297284499.134","327782952467.117","336460414155.988","345894131084.973","343703259654.365","359919640768.117","361159899361.903","358673710260.03","390124853185.866","423796550560.486","448990815757.244","463868057904.565","474136491554.825","503713066804.231","498339873323.225","523453786400.721","585005778521.172","618711318317.787","636936313349.28","662570908159.594","693414400000","705230509999.152","713567089638.542","736593549189.516","748759049109.6","720270347023.097","767229070838.89","859301066620.788","863963569239.897","886849365316.209","926779452930.387",
"Sudan","SDN","GDP (constant 2015 US$)","NY.GDP.MKTP.KD","9621210052.7813","9623364370.0568","10288901060.5718","9995978959.51054","9883979101.6659","10553823687.5175","10176508923.8016","10321430684.7007","10524063160.6711","10670279283.5861","11302501304.2396","11556504009.1107","10970475252.2477","11039830075.6015","12303370550.4611","14236656553.9736","16609226650.6473","17642960631.5428","16596558979.2378","15763644181.2978","16003931008.687","17194233566.753","18218780590.62","18594543247.9579","17663159912.4505","16553729141.1377","17449916752.4451","19931449274.84","19865457877.1765","21639720128.4311","20456015800.8977","21992448809.6895","23439081607.5571","24509954458.5396","24756580788.9443","26241255779.4056","27794508186.0374","32884421186.4108","34301247872.5417","35365991403.8139","37610270337.133","40055073506.847","42460970095.8851","45131259048.7124","47451406763.008","50129334265.0222","53403487491.79","56466323951.3765","58638439292.8844","57015500648.426","59215296613.7581","57312394053.386","47566600027.2224","48496595854.7667","50757206252.6521","51726758676.7677","53520457581.1072","53900054790.1369","52455031754.9093","51312429477.3951","49449890489.355","48525909156.8784","48061119947.9824","33915159966.5036","29179132448.9899","30073262602.2896",
"Senegal","SEN","GDP (constant 2015 US$)","NY.GDP.MKTP.KD","3845391101.77094","3960500894.65365","3955105291.97973","4028847382.54161","4185324877.91611","4241081336.12329","4363087108.93029","4309866483.6694","4580990423.65839","4280745764.02574","4647265164.70415","4640738106.81172","4936966115.3942","4661323443.12333","4857135177.50285","5223152496.43671","5689084008.34184","5536451271.68326","5317543794.14988","5689861492.96184","5916759625.81974","6223261363.46036","6721768519.10687","6342159311.79994","6591776709.80046","6820055505.01507","7033317655.08876","7473312400.54532","7412287163.3226","7706835393.86617","7649320651.26936","7852789724.13743","7956464848.37129","8064689718.09751","8060857301.03684","8501672122.84215","8673403962.06847","8937561242.89432","9464741444.3125","10059440324.3535","10450471990.9721","10900976316.0181","10908464913.3606","11518679089.4187","12053525217.1809","12573060904.8807","12866110160.1646","13229850430.9674","13719774159.3291","14097356679.2382","14575382431.8826","14769831308.7257","15361066998.8901","15731635117.4164","16710783797.4248","17774766696.1759","18904543055.9123","20304894471.2858","21565674310.6847","22560634320.1241","22863414676.3243","24359596784.0565","25297546478.4826","26374572022.2517","28078951138.374","29955264558.0666",
"Singapore","SGP","GDP (constant 2015 US$)","NY.GDP.MKTP.KD","5946720491.69894","6430636626.47973","6916371174.51312","7610786827.41439","7374611314.16725","7952357572.78199","8761915152.83763","9857909188.44216","11191387994.8357","12739585038.0958","14515738366.7012","16317640426.9634","18490426054.2251","20450966486.6437","21702034804.4296","22567672249.1953","24246067681.3412","25907515501.973","27922390122.3792","30590220573.5275","33683923408.4338","37327150728.2745","39978179040.9688","43398105213.3908","47213790846.1077","46919789791.428","47549833615.1874","52684232538.6867","58618369610.6777","64573309330.2784","70914989180.4411","75658065571.9819","80681614023.603","89927445311.2214","99905515247.3951","107074136708.308","115074063971.778","124643863764.479","121912898005.201","128884330733.002","140533304238.721","139028385430.873","144482970559.889","151054425108.65","166069208808.394","178302402123.907","194361682395.941","211896059498.482","215844707508.228","216120888113.033","247501100140.018","262883130580.256","274543305511.611","287769788882.221","299095084828.978","307998545269.398","320044223810.303","333891877148.001","344531704035.059","348524066699.398","335939410470.424","370007310021.275","384845634898.987","390426927063.444","411289436837.416","431960358591.093",
"Solomon Islands","SLB","GDP (constant 2015 US$)","NY.GDP.MKTP.KD","","","","","","","","","","","","","","","","","","","","","526652578.341882","517188529.391036","508553727.895836","528339476.723672","529238712.106486","512661246.685371","511628592.269686","554714423.044186","561649442.396255","585599616.44526","598482808.000127","634391790.743472","714959534.283423","743557912.883408","803786112.792286","884877004.332566","899122706.550892","890904028.4635","902410152.843686","898026872.644284","769815580.39287","708564391.548454","688724702.709347","733653435.607267","790024731.941432","848163277.481457","883254017.822883","915402123.41043","972394202.454103","1000251965.11083","1097358149.86722","1178894466.85833","1207965042.16349","1271231571.58946","1286352300.29305","1307908813.59962","1380562408.99877","1423021077.98042","1462095137.08983","1487670872.02155","1437368862.92689","1434092017.05313","1397028143.8117","1436719369.01707","1479785892.35403","1533311980.79215",
"Sierra Leone","SLE","GDP (constant 2015 US$)","NY.GDP.MKTP.KD","2005356249.07876","2041634016.8749","2134343944.58291","2170621713.2559","2315732958.05168","2482006192.12045","2524200297.23393","2525116116.33552","2576121538.21916","2795747409.3316","3036754625.67978","3142006005.27901","3170291431.93802","3241832807.34461","3355291389.44335","3411298468.53725","3395975722.69911","3397560821.63871","3479317420.56144","3636278670.42028","3812401964.96231","3922253603.97286","4109806182.32945","4023385111.53585","4188063642.81064","3965621323.24253","4014638262.38105","4304947544.40648","4000157258.03699","4029358405.59328","4164341831.33004","4262285540.81822","3451901036.4416","3499349141.24849","3431203339.79824","3156715557.04632","3212078685.59765","3023302224.4158","3077268543.10996","3016360576.09675","3217030909.61881","3012895640.5399","3812040149.67774","4173559981.29382","4443958500.36539","4637426225.10187","4836052320.36646","5017392581.4315","5202336667.33238","5281974205.57014","5617678842.06416","6072747634.58121","6715143020.4477","7699806185.67422","7098065167.70102","6788352974.78329","7225348888.80731","7457128029.04966","7672926606.69678","8095145458.32686","7993685031.06354","8465060863.02376","8914856495.10508","9423896753.16695","9828485688.49272","10281446270.4261",
"El Salvador","SLV","GDP (constant 2015 US$)","NY.GDP.MKTP.KD","","","","","","8436981023.83702","9041164856.23055","9532719323.54453","9841264124.19132","10184273395.4893","10487489267.5318","10892123610.1732","11558452941.2734","12120387185.4016","12767131179.7589","13140382331.0483","13803874422.7697","14739785629.5234","15524349903.1238","14875390870.3838","12519595404.9102","11803350547.2252","11058739556.5625","11228936354.4283","11378871628.7386","11448773885.0049","11471061560.9159","11758775195.4032","11979625802.1576","12095116486.4236","12679661440.9982","12869106686.2417","13772770636.8146","14574113893.4325","15257940313.4288","15980263628.1804","16109937378.9353","16615462391.6437","17056150528.9746","17424910257.6837","17621447036.1716","17776447691.3707","18056056716.4359","18338704970.0344","18501810234.6557","18997812331.293","19821747186.6752","20187974224.9399","20622904543.8145","20188015254.5251","20622904543.8145","21407994006.2362","22012261122.6093","22504372601.4935","22888906230.2134","23438240000","24033351541.724","24573529736.8617","25166352435.5773","25779775126.5993","23744951345.511","26571731219.3539","27356820681.7757","28274665875.3002","29007110834.144","30140111727.9972",
"San Marino","SMR","GDP (constant 2015 US$)","NY.GDP.MKTP.KD","","","","","","","","","","","","","","","","","","","","","","","","","","","","","","","","","","","","","","1248965766.56128","1342208790.391","1463670097.74814","1495569026.95305","1578996995.6428","1583904523.21278","1645248617.8376","1720088413.27988","1761802397.62475","1829280901.71205","1959330382.31667","1949515327.1767","1748306696.80729","1652609909.19258","1515199137.23299","1408460412.58581","1397418475.55334","1387603420.41337","1419400395.73301","1452676990.615","1456428672.75406","1478186318.92378","1508721078.15242","1408422624.62352","1604162183.58074","1730866079.9527","1737822991.03591","","",
"Somalia, Fed. Rep.","SOM","GDP (constant 2015 US$)","NY.GDP.MKTP.KD","917045732.27398","887131872.87034","949911138.760042","976592267.239141","916916392.314922","862417802.402844","940886220.381401","996783740.230726","1017018224.13508","999733290.377919","1045535150.53668","1067892505.95689","1226805081.24814","1077756045.11294","1085866066.19681","1245436210.76508","1222421286.0677","1389224692.68366","1469791647.97166","1396493891.65707","1421532243.67638","1510579931.09983","1552377825.19655","1372667072.79999","1417493799.80225","1552579747.39023","1519262585.4291","1672521530.45046","1729642283.89566","1795501262.06265","1837281328.3018","1891491615.50305","1730935688.55732","1800010346.16042","1478762688.89017","1537774139.79522","1661503678.51954","1681117593.96895","1791844290.88289","1922976751.05888","2059706442.19302","2206158044.12576","2374493799.80543","2555674023.594","2737390479.44266","2932027546.45904","3122209723.1084","3331221429.82625","3554225115.76716","3792157453.24332","4046017818.73271","4316872490.4943","4605859127.18598","5110628982.78644","5569461554.68178","6152149099.99942","6584944951.37236","7555288980.07671","7710498420.37372","7926418061.75208","7707287719.38668","7972973226.06415","8189695542.68927","8531635197.8089","8882404280.64289","9148089787.32035",
"Serbia","SRB","GDP (constant 2015 US$)","NY.GDP.MKTP.KD","","","","","","","","","","","","","","","","","","","","","","","","","","","","","","","","","","","","22980131320.201","24396847807.3336","26576270301.9253","27996144670.7069","25105401187.8126","26625555756.526","28430375122.4264","30290019038.036","31671150000.8568","33788958112.2477","35783687980.3426","37179490290.6082","40091414081.4273","42160489173.533","40835549106.7566","41493398701.5159","41515918199.5454","41331605760.2741","41518250531.7903","40769149019.8676","41297410634.9586","42526090399.794","43531153349.2666","45555069182.0072","47719029694.9033","47265687464.123","51022863667.9918","52402255080.2826","54366256509.8452","56513683533.7835","57661132821.882",
"Sub-Saharan Africa (excluding high income)","SSA","GDP (constant 2015 US$)","NY.GDP.MKTP.KD","263532490154.276","266375661098.83","282477717008.821","300113460564.401","315016703378.856","329768167441.744","336430703240.519","333844158550.891","344282851888.451","375281343418.216","404583080814.227","435763670821.934","448613928932.477","467872874457.944","503127336078.045","501959926757.406","527891539444.795","542519254848.172","541489216495.688","562749804152.346","583708356624.87","578970551368.845","572009035885.404","557470116123.365","570029090620.819","581436154330.781","592309768030.714","609677744589.294","636940161396.363","651522298136.447","666222061008.021","668789324147.345","665442905068.748","658453935479.672","665248847118.98","687402179890.185","722727828407.894","752080018371.272","771018058591.207","787818652988.854","814886792548.316","849284780719.551","903632561630.571","940964308843.438","1003948605912.72","1064255049775.24","1128604838549.02","1198094763566.38","1260487436704.31","1300219382910.01","1379113714868.84","1438249545229.92","1486120915306.32","1564556705731.14","1638523874745.35","1686510433482.35","1708567128842.59","1751337265213.69","1800238576013.3","1846075718701.93","1785461244158.74","1849466274077.58","1923969705614.29","1976149503083.81","2047614853404.7","2132337956193.29",
"South Sudan","SSD","GDP (constant 2015 US$)","NY.GDP.MKTP.KD","","","","","","","","","","","","","","","","","","","","","","","","","","","","","","","","","","","","","","","","","","","","","","","","","20185217785.8109","21202884179.2359","22367646895.0144","21329717232.6938","11500530835.4315","13010519613.8763","13449448810.7001","11997800760.2242","","","","","","","","","","",
"Sub-Saharan Africa","SSF","GDP (constant 2015 US$)","NY.GDP.MKTP.KD","263658554688.55","266494105216.499","282606621503.205","300256305019.898","315168230773.475","329916648436.443","336602933578.081","334017596949.776","344470469242.147","375466697886.622","404785171158.919","436000063032.534","448866240565.638","468149500247.02","503405559946.593","502248170997.846","528230540077.621","542834016262.376","541878520344.48","563205016935.812","584136934003.473","579382115759.08","572411964597.251","557870735904.815","570447140426.526","581897984133.063","592775014902.429","610165851972.964","637454349742.063","652090179006.281","666832811325.315","669417183838.409","666116612424.356","659177623958.532","665954582880.823","688111073914.975","723508064601.002","752956216123.991","771915870676.397","788733239042.593","815840367858.028","850215958547.839","904574416795.196","941849449125.149","1004807259144.69","1065191452514.4","1129629820810.24","1199211153278.6","1261572064298.85","1301277118508.85","1380219102853.07","1439460053216.65","1487369078304.66","1565820517385.38","1639839043810.31","1687942836834.48","1710173104061.18","1753054922553.67","1802041076569.07","1847977614402.97","1787139859951.38","1851154160556.9","1925824363441.45","1978100228661.96","2049630863414.25","2134470853590.24",
"Small states","SST","GDP (constant 2015 US$)","NY.GDP.MKTP.KD","","","","","","","","","","","","","","","59794120515.7717","59740139842.4919","66047450226.4629","71519243115.2332","76603505420.3544","85306948626.6937","85673210829.3858","82604425260.3015","83823269339.1464","82890673851.4167","85011970084.2555","86169005079.2992","87876511446.625","90591229796.9702","92788665635.1553","95678135595.5482","98475661004.0666","98105332615.5073","97104766216.9776","97581590581.4117","100633135236.886","104580687133.329","108539283753.692","114222169965.334","118545623305.373","122666570941.507","129983817108.86","133507980312.74","138274537401.415","144831241910.987","151343019372.116","158053162115.486","168416637310.279","176305302926.48","178441905890.199","170672600813.491","174248611872.593","178659666309.969","182492617509.792","184618974055.004","188927662612.844","193179840479.883","196588538737.463","202905022956.011","209766746035.886","216293165085.722","201206073691.312","215882468243.065","231919049890.181","243581323027.677","258361763842.807","269706638448.018",
"Sao Tome and Principe","STP","GDP (constant 2015 US$)","NY.GDP.MKTP.KD","","","","","","","","","","","76468736.2506781","80579183.1670411","82425278.5992942","83737737.1631401","88497202.0699379","93256666.9767356","94785464.7434442","116981878.366734","120371194.301411","140043649.259691","138529274.075959","124241500.205205","128084020.94978","123122082.461344","115697254.525823","126456967.355714","119081846.71003","115592613.456173","117902997.641936","121599628.773842","118982019.506696","120410999.081655","121253872.447682","122587663.34157","125284593.874866","127790287.890706","129707143.583715","130999443.003646","134274413.232095","137631281.963527","138248376.950013","142484974.901201","147272738.169326","159483885.915675","165126275.794519","176048759.302531","191657434.828232","198636586.369116","211009232.403659","217977600.590737","221134908.544338","225556350.897449","232194345.227845","244081946.538405","256057120.595489","259999643.047388","273459368.754364","284706696.977306","297171520.830854","303157496.465873","311114954.79799","317023957.753826","317558772.390522","318740893.733006","323454716.185587","326781365.560781",
"Suriname","SUR","GDP (constant 2015 US$)","NY.GDP.MKTP.KD","1039858389.18455","1089771591.7296","1132272683.87584","1195679954.17757","1273399151.27813","1426207049.44322","1700038802.72792","1905743497.97625","2050580003.84585","2142856103.91648","2200713218.75969","2286541034.28868","2272821788.01739","2231910996.00868","2240838639.82062","2303582121.69931","2506297348.55636","2761939678.05467","2944227696.75827","2926562330.77441","2669024845.55855","2858525609.60726","2738467534.00317","2631667300.03246","2581665621.49604","2633298934.01962","2654365325.33021","2489794675.33711","2683998659.80501","2796726603.44131","2670873906.35377","2742987478.73293","2753959428.88201","2569444198.10301","2656805272.5068","2656805272.5068","2683373357.71967","2836325576.94385","2901561112.04282","2860939242.8352","2921018934.53474","3043701742.07788","3128925411.81216","3326047695.01974","3608761755.24276","3771156041.83844","3989639610.76687","4193569551.84687","4367326198.30964","4498944263.51763","4731486826.19641","5008248887.00011","5142988298.24504","5293854859.13611","5307380818.79212","5126237646.22072","4874454256.1508","4950790053.58146","5195768566.26648","5256433828.6406","4416708447.1504","4309144555.20541","4412832154.84564","4519472310.29538","4597250507.58532","4679619055.64692",
"Slovak Republic","SVK","GDP (constant 2015 US$)","NY.GDP.MKTP.KD","","","","","","","","","","","","","","","","","","","","","","","","","","","","","","","45559569012.8021","38919807326.2816","36303816917.8241","36994071827.2028","39289750244.661","41585644560.5088","44130510842.8744","46551440140.7428","48332548393.0038","48103809189.8384","48483456226.779","49901675269.4696","52105958758.2435","54636588083.9574","57581226217.4214","61315329710.646","66788144152.8851","74013706023.7143","77983340266.5833","73690093871.6194","78694079820.7688","80710556384.8384","81977043067.5237","82553606913.1151","84789118561.7889","89178548717.3324","90915584911.6973","93529165482.8938","97328432250.4869","99543529164.3085","96969818857.1148","102454294896.646","103012252413.418","105188526684.47","107227789781.413","108093566997.137",
"Slovenia","SVN","GDP (constant 2015 US$)","NY.GDP.MKTP.KD","","","","","","","","","","","","","","","","","","","","","","","","","","","","","","","27206131640.8496","24784756707.8199","23430592692.7454","24096822864.4667","25380577956.4315","26422998604.2834","27192863782.3938","28599098754.7261","29475325366.1332","31028087570.9532","32113425072.0193","33021812643.9619","34105781287.8601","35195471631.5843","36795465565.4736","38213609800.3921","40471568430.3753","43360927307.906","44823161262.4126","41420820595.9101","41881476947.431","42155984116.073","40926910455.6051","40589764218.782","41711191731.4298","42709468274.8137","44005450729.606","46282469720.8281","48309217703.4135","50002578162.6734","47959972369.9892","51996698295.6593","53384233078.3164","54652553125.6646","55598805913.7619","56188114316.4633",
"Sweden","SWE","GDP (constant 2015 US$)","NY.GDP.MKTP.KD","125834712614.541","132983751117.043","138647591837.048","146034643797.803","155995907021.394","161957302442.495","165343577415.436","170908031395.295","177126529754.472","185998930797.591","198039895153.403","199910671533.143","204486104612.027","212600074709.457","219399440984.236","225000407386.083","227381147701.208","223751556630.806","227670672633.622","236413234399.524","240432191895.085","241525750662.298","244541597390.036","249189449580.302","259729005209.761","265340122457.298","272481282704.234","281619877045.928","288826638633.873","296494428192.776","298731996822.795","295308603268.775","291887179172.021","285857909819.787","297337294167.624","309511442391.393","314787745399.443","324435964184.782","338210969503.89","352419615811.858","368740595935.982","373758441664.22","382271644878.765","389462280395.789","405740184306.611","417073066879.505","436575715827.722","450654706998.622","446494653686.263","427493565399.86","452077714777.655","466380936831.165","464448264944.252","469732138276.917","480516119003.081","501602351911.6","512292396637.964","521937949816.044","531177584320.755","545031918111.884","534492107010.626","562423939232.591","569484812988.256","568322714847.714","574107082599.29","582966494884.607",
"Eswatini","SWZ","GDP (constant 2015 US$)","NY.GDP.MKTP.KD","","","","","","","","","","","399193833.213165","454057571.525347","478686990.417508","521858208.31233","551831066.168178","628582181.569069","615259773.424769","621471392.462255","629719117.850539","649284144.81932","730113866.750266","837013058.322959","846827604.5942","857009477.77926","909816302.871614","944320319.106919","1060136277.26995","1214986039.24225","1294808454.13369","1461982521.19049","1769262015.33258","1800407693.90058","1858492561.84436","1916219458.99594","1962221980.0192","2056911965.8875","2135939630.98633","2202213676.64425","2259560192.01763","2326236997.19888","2367182799.34336","2400612484.65221","2498765077.55051","2612175410.09597","2706660911.50653","2868851690.22305","3061891254.30998","3194095189.73391","3240107842.57048","3286542195.57087","3412233861.45679","3475009965.0534","3617154618.7404","3765262097.18702","3842727914.01316","3908217914.21824","4023477834.54531","4165142616.56823","4167866438.89669","4435938143.62829","4304996589.59367","4487365678.93282","4504690089.10423","4663821718.37207","4805211286.04111","5006737885.86805",
"Sint Maarten (Dutch part)","SXM","GDP (constant 2015 US$)","NY.GDP.MKTP.KD","","","","","","","","","","","","","","","","","","","","","","","","","","","","","","","","","","","","","","","","","","","","","","","","","","1257551799.47476","1297793365.1585","1357491904.26446","1376368434.1966","1394353867.67664","1416389988.22102","1417888715.0838","1431610451.70303","1323735540.53767","1232967219.66025","1368162086.82719","1185966832.34776","1240255611.86927","1412651157.56389","1466331869.0583","1510321838.25854","1561672780.75933",
"Seychelles","SYC","GDP (constant 2015 US$)","NY.GDP.MKTP.KD","132183659.739565","125730088.176742","136302204.82927","150117255.121941","159003065.394021","157316724.88424","179178255.41322","180082638.782421","193684704.863561","193684704.863561","210868159.822469","244294507.642715","259705357.489746","283219564.440439","286909489.57767","296025766.309996","344211797.726032","322904306.721377","391204032.824694","452992130.247515","429886464.866273","413220699.015675","404662590.787714","402168917.272196","419484794.190246","462665475.16642","466190739.137488","488915450.900807","514957094.274002","567923802.361715","610261194.745671","627107005.020014","672089666.127958","721174866.337827","703602944.474698","707015676.972428","777702722.229699","872533006.069359","894062242.634693","910799133.493907","949537227.205275","927971690.1167","939226436.101185","883932969.017981","858736866.549886","936072662.702788","1024120860.74662","1115022508.93326","1084627594.53557","1057735598.8393","1105387984.2341","1210507986.73155","1248162998.34204","1263811654.24036","1315169064.95728","1432403352.12944","1605975218.58763","1717657339.98638","1802500555.76177","1901895701.03715","1678615792.63838","1687886479.31967","1854657827.16819","1950725578.14848","2016010009.5422","2132897396.95785",
"Syrian Arab Republic","SYR","GDP (constant 2015 US$)","NY.GDP.MKTP.KD","2416809459.5719","2678623972.66858","3335457317.12131","3046848645.11119","3329333067.50309","3405886882.28154","3145027774.76421","3404734187.56585","3531699456.73388","4194525816.31044","4119156358.57562","4488060363.59913","5639728751.47333","5049257331.96814","6351752284.1667","7390363889.77066","8296012086.33179","8146723865.7142","8956719228.20998","9036253893.88506","10347244177.0016","11149708543.4403","11460683575.745","11726610393.8307","10834141440.3693","11847221132.5117","10905020052.6496","11088473279.7696","13085633737.1643","11299800376.4421","11722362728.3717","12621053937.7216","14258356769.5027","15135373404.835","16227092308.8531","17367303480.1649","19073739937.3351","20031967344.1722","21391197330.6904","20631071856.7183","20770464164.8342","21558371666.9433","23252547295.167","23389919092.1457","25004416047.1727","26558566638.7706","27898712655.2553","29481891562.6198","30801684271.5309","32622770589.0401","34316384709.2057","35294477374.6878","25998298625.553","19160679076.5945","17185147685.8779","16466861435.0236","15412046167.2679","15300563702.0073","15513736241.5028","15703116792.1143","15853068144.9249","16136789237.2306","16104116653.7273","","","",
"Turks and Caicos Islands","TCA","GDP (constant 2015 US$)","NY.GDP.MKTP.KD","","","","","","","","","","","","","","","","","","","","","","","","","","","","","","","","","","","","","","","","","","","","","","","","984236608.008882","1065651608.31914","857314089.296143","865757988.836841","905760327.445553","881607724.52549","891048689.69461","968670576.849373","1078274000","1156461656.30247","2019043138.35929","2155382023.58255","2262756808.26439","1497558135.76773","1941275299.16352","2214745146.41684","2518855082.81725","2660838540.233","",
"Chad","TCD","GDP (constant 2015 US$)","NY.GDP.MKTP.KD","2446244184.49017","2480436407.7506","2613390679.21443","2571590697.06268","2507019607.81102","2522217857.28222","2476639050.27365","2495639859.30168","2484229323.02411","2655176849.41179","2704554017.70899","2643765748.34981","2674158904.90251","2450040775.6344","2571608187.13347","2803316958.84443","2886877257.14841","2951388133.70077","2937527406.00338","2307689578.99639","2168128111.38822","2190739911.9494","2307870209.23448","2669714666.03982","2724414420.75421","3318139885.49851","3182704447.61443","3106675733.32509","3587662425.49946","3762910231.35739","3605678066.92775","3913427635.7172","4226558330.99315","3562572904.59318","3923706916.75521","3972225487.78462","4060189350.10006","4289727783.36345","4587931638.30455","4556602936.95288","4516519365.57037","5043061274.9312","5471278189.12254","6276741545.44499","8387570299.81684","9841348751.59756","9787927000.40809","10199036983.3823","10513288725.5389","10365231906.9564","11782555814.3112","12312232324.3414","13427942676.0601","13809056592.4911","14093914057.2841","14559599499.5011","13959379525.828","13733590857.5498","14522052213.2211","15303748438.7807","15243505756.0754","15288236703.0191","15919594857.6967","16556157862.2862","17376036158.1077","18347335765.9226",
"East Asia & Pacific (IDA & IBRD countries)","TEA","GDP (constant 2015 US$)","NY.GDP.MKTP.KD","291399182688.88","252251437557.882","250556604108.117","266749802376.665","295642602715.169","327640660252.723","353920843476.744","348781398736.035","354825232713.075","395349355165","448650050989.844","479029507301.857","502468669603.646","543958947500.528","565276098252.506","603252330808.507","619857111108.692","666126913059.346","727282178189.555","778288159815.284","836387019664.105","882982465518.405","939686973751.764","1012052124031.73","1113208413796.06","1201430111231.1","1287300670978.17","1405597489763.66","1542963084608.58","1630692117100.28","1714532831852.25","1853407044817.32","2061826667216.08","2294982078356.74","2546383950314.61","2799101320149.77","3053920804712.19","3279974772131.51","3378538547689.56","3596558318399.65","3874159436848.89","4144903167243.53","4482675560161.87","4887008331370.32","5334432655857.18","5870294976601.33","6520146598703.33","7332000007053.66","7966008843225.6","8604733834878.66","9456061904053.83","10267889757878.6","11046236298041.3","11854491110210.2","12686940187247.1","13532365705740.1","14413107887176.6","15373941005749","16379064500722.8","17342941523649.8","17575907873866.6","18932757223857.9","19604701667996.6","20635921667680","21658253605914.6","22729145290902.3",
"Europe & Central Asia (IDA & IBRD countries)","TEC","GDP (constant 2015 US$)","NY.GDP.MKTP.KD","","","","","","","","","","","","","","","","","","","","","","","","","","","","","","2338039789377.85","2304338156064.76","2168679001662.19","1961823251392.85","1870836530372.24","1713421925739.25","1712861743846.51","1729755413614.92","1780200162663.43","1767716147715.54","1811803072124.86","1945429053622.2","1997161557303.38","2096835760457.3","2226526374898.71","2401842837689.43","2561321755994.65","2762837006397.41","2973607478092.34","3107226916487.79","2961831702353.26","3100896750080.45","3283241194515.64","3397101350561.11","3511698082228.77","3592571931371.29","3645031517122.17","3714108995932.73","3876773544543.18","4024664419858.18","4138608613360.96","4078801682885.16","4388678720899.94","4475185582903.49","4646671108820.37","4834009799348.25","4971445801622.93",
"Togo","TGO","GDP (constant 2015 US$)","NY.GDP.MKTP.KD","751799608.802967","843288489.197374","875111269.151055","918864157.138121","1050133194.11949","1212480768.96413","1326559678.66618","1399525389.9264","1469833232.9129","1629028935.24816","1670150555.7528","1670150555.7528","1797502166.89901","1866481024.99761","1956685236.76107","2004438945.79606","1963317428.07886","2099946364.04109","2331894564.36933","2211388254.51892","2533741349.79365","2449743109.32361","2361983449.79753","2234105481.95261","2358222441.68117","2489234719.56146","2528726535.78596","2541627142.2248","2710451415.19353","2820496330.37214","2813624018.04055","2793929564.4821","2682711978.72178","2277734406.57613","2618994013.03133","2824475891.85099","3074052559.0876","3516020702.28262","3435156565.94966","3520408613.43467","3492826929.75804","3521588220.24187","3656346110.13786","3902058836.57049","3863870739.47391","3683570962.95413","3781190459.44883","3736756295.1134","3887557323.6915","4099577351.44505","4339580301.80856","4592285181.71423","4881723795.11932","5166047627.07863","5457063353.66745","5755457836.01866","5998044851.32381","6238441246.41392","6537585941.16754","6859201998.0814","7007292259.17878","7367160812.92227","7830882103.10093","8316211177.60772","8858969845.08846","9417999786.00817",
"Thailand","THA","GDP (constant 2015 US$)","NY.GDP.MKTP.KD","15908737340.2353","16761787111.17","18028015159.5532","19470225866.57","20800236244.6861","22502041173.2635","25004834864.431","27159247018.8168","29365194461.0555","31288808475.0258","34858219809.2807","36564659955.112","38129081870.5821","42032139795.4529","43909401662.1724","46091876857.8254","50390779136.4035","55350976954.6822","61049773246.5485","64329224521.7896","67657323331.0857","71653751952.2629","75488910649.6862","79704364262.1512","84289302223.7249","88206428692.9568","93087620536.4652","101948580888.596","115495624611.618","129575125644.17","144044991708.439","156372737078.559","169012952179.513","182959758879.242","197591095927.872","213636116013.334","225710710647.58","219495596601.21","202739225305.456","212009086618.729","221454615181.944","229082063572.247","243168402250.2","260650370324.981","277043563911.345","288645146658.334","302984491694.587","319452158416.903","324964940636.733","322720673508.111","346967938038.265","349882927003.633","375224234353.836","385308369004.167","389101609925.933","401296238228.084","415081396923.293","432422173710.333","450682801200.339","460212749509.626","432171696151.217","438907447802.797","450485133397.502","460615797952.808","474197514753.712","485779667893.642",
"Tajikistan","TJK","GDP (constant 2015 US$)","NY.GDP.MKTP.KD","","","","","","","","","","","","","","","","","","","","","","","","","","6548213772.00103","6777401245.71111","6696072427.74077","7626826568.47547","7131082790.90936","7088296320.45359","6585027345.76362","4675369345.99069","3908608780.50055","3076075187.91428","2694139780.48735","2244218479.30012","2281936478.83437","2403172744.02642","2492079338.5006","2699528109.30372","2958165475.04676","3277647457.55418","3638188647.66711","4012922039.84883","4281787756.98917","4581513037.47047","4938871059.83241","5329041788.19322","5536874479.12428","5896771269.65215","6333132378.96151","6808117273.38834","7311917934.39479","7801816486.46336","8271431485.07484","8842160257.54501","9469953672.84779","10189670046.8255","10943705646.9105","11425228817.4554","12499200274.9255","13499136339.2248","14619564549.6174","15847607943.9846","17178807095.8898",
"Turkmenistan","TKM","GDP (constant 2015 US$)","NY.GDP.MKTP.KD","","","","","","","","","","","","","","","","","","","","","","","","","","","","9140308735.35342","10147901835.9798","9716076189.61265","13154066814.787","12548287415.8949","10670312395.6611","10830367116.5159","8956728712.46085","8311840579.48241","8868733232.26497","7857697632.24801","8415594190.72399","9804167192.88745","10340363396.0716","10789532801.176","10817281321.3584","11170879714.1862","11729469205.451","13258292303.4111","14713165592.5546","16340338654.1052","18742368438.6204","19885652916.649","21715132999.556","24911234035.9562","27664132453.533","30475595365.48","33629738845.7961","35799714285.7143","38029714277.7706","40483157023.3268","42995551317.7352","45717898781.4308","48401839455.0642","51379113005.0297","54582556335.3975","58031518087.8465","61677264924.8609","65562932637.9347",
"Latin America & the Caribbean (IDA & IBRD countries)","TLA","GDP (constant 2015 US$)","NY.GDP.MKTP.KD","695529979977.286","737120218440.044","769511527021.245","784693250168.81","843207831793.151","889430003640.628","931192946956.302","970288257001.382","1039836495953.91","1107346398081.42","1180367263577.25","1258696288247.25","1346996575327.92","1455895866536.22","1547927485649.89","1604300508668.68","1692360197945.48","1773829713330.51","1850511516850.85","1983729907203.65","2113088365173.25","2131518707557.54","2126173304835.96","2068544513248.35","2145985115251.43","2211766593152.16","2291563215443.36","2369786057389.23","2383607938759.69","2410150660301.45","2409333260539.58","2494318971231.45","2566953237705.05","2684458931953.47","2822005334618.18","2845114567988.89","2955828077468.29","3119189023420.13","3209354082807.92","3219162540786.04","3334991931944.12","3345480543996.23","3351230805776.14","3427454898965.91","3621006198553.74","3772870482401.09","3975655431991.21","4192593486177.98","4354187113538.81","4251901759071.9","4524943619466.34","4731467588033.39","4860065309175.1","4996435487174.46","5058826389955.42","5068412682233.61","5030450695338.15","5112012463928.23","5178863570506.58","5194149501432.08","4841899220399.23","5194193913414.48","5408395547988.17","5531738638495.28","5657742234122.17","5791060278313.32",
"Timor-Leste","TLS","GDP (constant 2015 US$)","NY.GDP.MKTP.KD","","","","","","","","","","","","","","","","","","","","","","","","","","","","","","","481437140.726312","533019666.482704","588770962.976955","648853659.198841","695070456.29264","741509953.372436","800698649.650537","832726547.636562","816072048.683828","526754666.876659","832683747.639253","968808339.079478","903891443.161577","884166144.401941","887702844.179547","914197042.513541","876567844.879737","966550939.221428","1076687532.29583","1185938525.42592","1296604318.46704","1373863213.60885","1440641509.40971","1485364306.59745","1551797202.42002","1590282400","1638148796.99007","1586016100.26827","1578617300.73352","1960846076.69825","2582939037.57985","2721637728.85821","2163090163.98075","1770794188.64907","1609639647.68265","1721918280.90359",
"Middle East, North Africa, Afghanistan & Pakistan (IDA & IBRD)","TMN","GDP (constant 2015 US$)","NY.GDP.MKTP.KD","154779616492.637","160581424178.307","164787490452.018","183277075228.848","201922405776.962","226607727525.023","242822395722.852","261217383336.664","293686093723.765","326109466255.79","354519167970.82","374220898401.513","418700761448.991","441557859412.631","474151707357.578","488936001618.653","563086362343.916","572599470782.337","562102657736.776","559266290560.175","540827007201.322","533215100630.855","591518824761.024","619547278431.634","620599320215.425","647569228417.575","636054001698.393","642596675309.995","654320162741.989","672788446499.594","739147771435.134","748117856482.154","785363351165.67","797486787876.269","815944272568.381","839927657595.796","890192206677.413","920380189063.976","969660570432.11","1010217223292.18","1069393598471.41","1101201053055.08","1138245290564.67","1168047792226.14","1257099857882.66","1318906302808.77","1390754355157.11","1471895985715.88","1522616436124.44","1565256952454.34","1640804567778.83","1633700369046.48","1691438499436.43","1709974906257.76","1751307214479.16","1770493985695.77","1868509255063.91","1932386415786.89","1973068290301.38","2000606809983.93","1949571020930.73","2033652585673.99","2121555096211.67","2183598374692.97","2236866745632.52","2281222753372.88",
"Tonga","TON","GDP (constant 2015 US$)","NY.GDP.MKTP.KD","","","","","","","","","","","","","","","","","","","","","","253486823.030233","265505306.115693","270768690.507274","275475711.818743","293542685.954668","299761859.963859","308711663.040362","302902104.831275","304083140.744361","297867403.069513","316975458.662498","317774152.489666","329652734.955131","345978856.683876","367526974.231878","367868473.595865","365659284.197676","374042303.031935","382654487.158828","397019709.503815","402945154.248613","420792496.113443","421010489.538888","412725224.542532","410010934.199826","401131477.351963","391246363.103417","410272052.926157","389228468.261627","392437255.742704","418745062.097391","422596515.972353","424261218.860344","432706298.363606","437525538.903019","466396531.36284","481332039.657085","483872645.33574","482492588.368965","491207307.514211","486614912.684838","476257076.971255","489545350.254598","497948582.594322","511891142.906963",
"South Asia (IDA & IBRD)","TSA","GDP (constant 2015 US$)","NY.GDP.MKTP.KD","168423297313.499","175171334798.073","180925298231.366","189785954287.729","204554983587.283","200758914302.849","202022118135.482","214566301440.545","223646433998.813","236654107798.047","248772858950.586","250371287376.85","244987589881.354","253272367404.553","259115583074.472","278075606790.812","284191437837.18","302946771959.171","320631719929.422","309235829181.821","327394335958.215","347607937089.102","359275390655.001","383160803979.273","398853669172.007","419057853859.702","438760946795.922","455574219604.294","494392070851.653","521431179176.376","550564433424.249","558906306877.933","589156371139.509","617569052725.916","656891689051.561","704172319259.337","753987624172.365","785735160957.047","832765688928.663","901123720900.529","937951354356.837","980846139521.345","1017843636302.76","1093833038693.23","1176374213771.82","1266302048994.85","1366278928683.61","1469218232370.93","1520356367774.79","1632707842672.23","1766498511556.15","1862792006504.79","1967949580014.23","2090617094971.79","2242092335684.84","2414503392327.99","2606918145625.28","2783774592065.34","2961759850737.65","3083030383318.14","2929264189412.53","3200121520162.37","3427367075068.75","3659909271310.59","3907231740118.18","4185575669896.82",
"Sub-Saharan Africa (IDA & IBRD countries)","TSS","GDP (constant 2015 US$)","NY.GDP.MKTP.KD","263658554688.55","266494105216.499","282606621503.205","300256305019.898","315168230773.475","329916648436.442","336602933578.081","334017596949.776","344470469242.147","375466697886.622","404785171158.919","436000063032.534","448866240565.638","468149500247.02","503405559946.593","502248170997.846","528230540077.621","542834016262.376","541878520344.48","563205016935.812","584136934003.473","579382115759.08","572411964597.251","557870735904.815","570447140426.526","581897984133.063","592775014902.429","610165851972.963","637454349742.063","652090179006.281","666832811325.315","669417183838.409","666116612424.357","659177623958.533","665954582880.823","688111073914.975","723508064601.002","752956216123.99","771915870676.397","788733239042.593","815840367858.028","850215958547.839","904574416795.196","941849449125.149","1004807259144.69","1065191452514.4","1129629820810.24","1199211153278.6","1261572064298.85","1301277118508.85","1380219102853.07","1439460053216.65","1487369078304.66","1565820517385.39","1639839043810.31","1687942836834.48","1710173104061.18","1753054922553.67","1802041076569.06","1847977614402.97","1787139859951.38","1851154160556.9","1925824363441.45","1978100228661.96","2049630863414.25","2134470853590.24",
"Trinidad and Tobago","TTO","GDP (constant 2015 US$)","NY.GDP.MKTP.KD","3624450730.31542","4133217447.77879","4246569413.04609","4484572525.4376","4826767821.77089","4860258363.87486","5057430373.08512","5160729284.36933","5429868624.91082","5578141211.79639","5775252399.82409","5835334419.68648","6172636987.20097","6274881828.09271","6513804480.11216","6610076254.67821","7033461248.43097","7675038840.50999","8443807609.17602","8747731276.84701","9656691425.14391","10098698331.5168","10482380002.2068","9402660429.00752","8861922250.24607","8496862492.17616","8218236517.09397","7843338767.44573","7535901531.41566","7473360013.58666","7586145559.69973","7822257350.80751","8611756182.67622","8554133650.40646","8859275046.97964","9196805731.42642","9852949763.81727","10594172850.9492","11454903204.1292","12374138297.5001","13228122077.6646","13779539518.821","14873181566.6564","17021016160.8097","18374195713.2386","19515038110.939","22092595781.4538","23142924113.2823","23927871251.383","22877023931.3411","23637278843.6027","23567701471.1486","25149270114.8924","25996346049.5518","26950637730.5197","26841141793.2143","24818295899.8941","23608962518.1707","23385751652.6468","23495134887.9587","21430194900.9331","21276595987.8665","21459842974.3266","21774542874.5018","22320911476.7121","22145074350.9522",
"Tunisia","TUN","GDP (constant 2015 US$)","NY.GDP.MKTP.KD","","6137821864.85152","5856090654.45666","5227498193.14901","4983062998.82816","4856658026.98952","5024449145.82199","5032586365.33396","5556464946.94255","5820275645.59092","6092061086.39443","6735394767.76173","7930436885.17406","7878520795.40394","8514694200.79636","9124014224.7617","9842699381.25978","10178443291.3376","10833983237.5806","11545507380.9607","12402038508.4733","13085895944.116","13021285955.0167","13630931805.9308","14414552710.676","15228769277.2666","15008410750.2024","16014180050.152","16025735734.7287","16305657121.1019","17601927420.1895","18289202650.5352","19716808223.242","20148572580.2729","20788977092.4047","21277865198.9901","22798398674.3337","24038846665.354","25188807992.3368","26713898245.8853","27972115617.4879","29034013115.9435","29418004531.8437","30801356639.5236","32722064779.1709","33862934470.3211","35638740560.1483","38029929333.0918","39641554633.3358","40848025576.8668","42061674642.7812","41200826152.5875","42938131960.3014","43981498924.3673","45340671513.9524","45779494041.9295","46290957182.3198","47333713938.692","48567689496.9783","49320533876.2551","44893953703.8732","47020147729.5282","48314277429.7123","48403183212.3138","49184626298.0351","50410853187.1956",
"Turkiye","TUR","GDP (constant 2015 US$)","NY.GDP.MKTP.KD","69393850611.6073","70196091673.8763","74107016788.7045","80825785366.5437","85238110897.4404","87644834140.8987","97472287281.1582","102085173261.739","109004502232.61","113453134702.055","117121651992.719","123641456553.195","132822809399.576","137155933758.934","144829087364.853","155219289299.975","171457057859.695","177298033677.47","179962704353.859","178839532694.647","174462702629.743","182935743325.048","189454160609.63","198872079969.436","212220405223.885","221221385068.134","236733497412.287","259188945262.461","265204038481.014","265973777472.869","290619297801.216","292712567686.886","307452503997.471","330976510465.766","315526039205.892","340384022644.803","364748025041.481","391585682738.779","399059372123.491","386877005103.984","413901474163.049","391304902374.343","416487363949.901","440639854394.832","484375146822.671","528509363515.706","565862429106.909","594767729617.936","600240295872.955","570932398858.345","619702577582.152","687745688381.755","720809935556.199","781994134596.37","817972077517.761","865460050683.656","894225044186.927","964205820086.089","997645953748.995","1010631549472.6","1028853867659.94","1150372769727.98","1212967141770.11","1274162834489.99","1316562171166.78","1364019302183.26",
"Tuvalu","TUV","GDP (constant 2015 US$)","NY.GDP.MKTP.KD","","","","","","","","","","","13760735.9151905","13542807.3454164","13278722.3225266","13022376.824119","12803848.0548104","12610958.063076","12504383.1406545","12036531.7619487","11815961.8983802","11769076.3345136","11693812.9762596","11997887.5060089","10077133.9458571","10981415.6338744","11800738.5926354","11584183.6896943","14200529.0052656","15941073.6947944","19018816.5113982","18648368.64583","21515741.5255962","22292283.9803553","22913968.7175773","23855921.5897719","26309115.8995502","24992488.8144881","23502593.9654287","25853629.6015543","29861243.6757046","29394252.3981792","29122360.6229148","29324945.2925804","31764000.9528165","30382017.2671746","29808362.3541326","28691547.6545121","29064835.7252677","31071900.196306","33116182.5830509","31255078.8764039","30483621.4839826","32776023.3087715","31841001.1471369","33052558.6601111","33603619.4567279","36755290.7767318","38510909.0686574","39769456.7992276","40320933.438478","45742689.695268","44356547.5832902","44356547.5832902","39505050.1913678","40891192.3033457","42277334.4153235","42970405.4713124",
"Tanzania","TZA","GDP (constant 2015 US$)","NY.GDP.MKTP.KD","8038068840.54701","8129565884.88482","8869091956.87428","9424297384.73177","9943685369.9958","10377699460.845","11586045113.7292","12225972344.4658","12994443432.1294","13418275376.6682","7187762855.63836","7468190603.76476","7999575904.34943","8494906638.14644","8674437206.56045","9020497424.96321","9318716167.23332","9323337584.19363","9517636648.2159","9755594117.19275","10022700328.2642","9924596037.39251","9888107299.54427","9849382580.7354","10309641477.2411","10437986617.413","11011628451.3937","11539803390.9647","12377066378.3137","12842994037.8272","13747792168.7767","14032644802.1466","14114640651.4198","14284835102.5474","14508773000.5317","15026723409.8503","15709592840.2077","16263399690.2487","16866529754.0874","17686894781.2905","18486481203.1543","19608760036.0732","20999647619.2893","22400909970.0774","24081832736.0715","25882267435.0187","27572954444.2321","29439239572.2798","31113277454.4947","32752668789.9028","34828049320.6343","37500111399.4432","39187673997.6272","41845219654.6812","44662433111.6494","47413919817.124","50669888784.2555","54078588995.422","57054358529.8858","60363511324.6004","61565931105.4141","64226431583.1539","67159014151.451","70563656177.7408","74463225268.4644","78821459765.6257",
"Uganda","UGA","GDP (constant 2015 US$)","NY.GDP.MKTP.KD","","","","","","","","","","","","","","","","","","","","","","","4983495458.56727","5269775231.31336","5251611544.99425","5077973310.83708","5097781821.69487","5299750981.88925","5737885293.30513","6102926184.3107","6498038178.89001","6858945424.65226","7093408658.47848","7684026612.97919","8176083687.44476","9118233745.01833","9945450357.95596","10452668511.6708","10965399652.3846","11848547279.7459","12220817656.1968","12854303430.1863","13976829355.9471","14881585674.2548","15894609936.3319","16901146460.5212","18723891904.5488","20299025448.8812","22066817213.6558","23567695614.7273","24896350765.3932","27234530259.5375","28279643267.7641","29294007439.7726","30789849487.5724","32387183730.1002","33935615078.9833","34998276801.8745","37204541496.6985","39600047064.28","40768765796.4748","42210585952.7826","44147216889.624","46503341915.459","49319389340.67","52442200144.5364",
"Ukraine","UKR","GDP (constant 2015 US$)","NY.GDP.MKTP.KD","","","","","","","","","","","","","","","","","","","","","","","","","","","","161845930095.684","165999646444.938","172428984082.68","161487959613.275","147438507127.37","132842094918.75","113978517441.132","87877436947.9924","77156389639.6884","69440750675.7195","67357528156.5426","66077735120.1257","65945579649.8151","69836368849.3183","75981969310.6229","80039138412.8861","87656150954.4385","97995502972.09","101005170642.605","108652697104.575","117579433691.217","120217318405.036","102020662582.215","106195352549.996","111977987704.028","112148546939.271","112199506223.487","100891035818.548","91030967789.0717","93253017277.0895","95453762636.0202","98783535744.1445","101944118786.821","98118341608.386","101499127457.564","72309415409.6738","76311548883.8968","78790238103.5768","80225421017.1528",
"Upper middle income","UMC","GDP (constant 2015 US$)","NY.GDP.MKTP.KD","1217828056895.41","1224251313282.12","1262990320275.44","1320500546056.38","1433533582563.34","1542606464965.32","1638336069154.92","1701248461598.51","1818444160331.98","1968766913030.96","2131397543789.8","2272337634225.94","2445442723624.66","2635518359169.37","2800919593620.21","2928657636877.09","3121779403957.89","3257761210354.24","3382912753101.88","3572921152180.8","3740236022593.07","3814285206683.03","3934313148016.53","3991702375848.39","4193284023679.64","4378358274198.58","4539329402542.31","4762229678138.56","4927709426999.2","5076345368728.79","5216216042937.35","5376470963525.49","5619503456102.29","5949341828831.63","6280641640731.16","6564973593080.96","6974697827504.65","7400460191422.82","7618445782195.68","7868237885901.64","8339496988444.38","8629024570415.87","9048188834433.96","9584911751762.4","10338111492654.4","11116665705699.8","12066695344537.1","13194433279869.7","14022493428756.3","14517585794132.4","15748643363552.4","16829044664120","17804641630837.4","18813834350035.8","19758994873980.7","20660115075151.9","21615609896634.9","22783845314056.7","23912021647246.4","24927314995028.1","24801950574602.1","26684073587307.1","27627762020352.8","28891529586797.2","30114927617862","31381361153940.3",
"Uruguay","URY","GDP (constant 2015 US$)","NY.GDP.MKTP.KD","16784217051.3852","17202653946.7252","16931789756.8334","16960651491.9083","17374579715.8112","17556249025.7395","18093971640.9766","17432305113.646","17761585972.3144","18803256921.9176","19241977028.4357","19193542753.4569","18940270547.9015","18992394099.987","19542289356.6581","20733765993.5299","21549737170.4348","21863385229.0134","23038320347.7266","24466492719.2575","25896167975.2906","26300034208.3807","23733710676.1581","21295214497.4957","21051891660.6852","21360625236.6484","23242455370.5452","25100256718.148","25471975822.888","25753161224.7828","25829737832.144","26743802791.2413","28865011154.8822","29632112135.1097","31789727752.3514","31329539981.1782","33077088488.9395","35904413225.1269","37526894198.668","36956130432.4805","36242902749.5716","34849678466.8177","32155098813.2195","32414038652.1022","34036089123.994","36575226344.6127","38074290288.9132","40564924117.3376","43475921755.0631","45320819970.7986","48857389210.184","51379472633.5779","53197370201.0395","55664418793.7377","57467273107.5946","57680327998.6689","58655009160.0858","59675827150.5481","59774159551.5863","60329073575.9906","55890466315.3236","59156857887.5914","61881758828.1137","62353142656.5034","64426857947.3311","65576691278.1303",
"United States","USA","GDP (constant 2015 US$)","NY.GDP.MKTP.KD","3431221354400.48","3510139445548","3724257952009.94","3888125302072","4113636569749.17","4376909310257.44","4661408415802.81","4777943625874.65","5007284920049.62","5162510752399.39","5173693086156.43","5344048439329.24","5624905010748.28","5942469134431.78","5910347106213.37","5898194298295.99","6215991006938.6","6503430023972.05","6863408304118.42","7080703002868.78","7062521475379.06","7241747172584.14","7111177473641.25","7437138984498.94","7975324064043.09","8307861210636.8","8595533785996.84","8892477645982.6","9263914871715.43","9604107859227.81","9785238027483.98","9774639354974.79","10118950749880","10397403618008.9","10816317372731.7","11106673921189.1","11525703481707.7","12038266260881.9","12577957790986.1","13180243872422.8","13717679619695.1","13848757307490.4","14084248131472.2","14477988212190.1","15035068144287","15558822251170.7","15992063823764.9","16312522122670.3","16331051067547.5","15910281498142.2","16339094225608.8","16594704135237.8","16974575729644.7","17334068402849.7","17771549056393.4","18295019000000","18627887993795.5","19085691123385.5","19651869117636.5","20159639089819","19740041204593.2","20954452976799.5","21483388181185","22113788823329.1","22731468331925.1","23222782186839.4",
"Uzbekistan","UZB","GDP (constant 2015 US$)","NY.GDP.MKTP.KD","","","","","","","","","","","","","","","","","","","","","","","","","","","","30905406089.1808","33729722052.1123","34772406917.0519","35328765429.7544","35154947902.016","31217593737.9337","30499589080.5909","28913610450.5146","28653387954.881","29140495550.9913","30655801318.6416","31974000775.669","33348882809.5964","34627812465.3912","36069658565.9596","37502882190.1015","39090239450.5479","42002071623.9483","44921218624.152","48268486608.4542","52840962905.7313","57612058529.871","62250366950.6188","66979631884.1971","72423694043.5058","77751775857.5986","83911096542.085","90383779619.6224","97564568986.8161","104112205483.946","109005764429.499","115244909717.475","123073854828.787","125069648539.719","135330969248.223","143567108315.461","152634850007.123","162825039488.938","175361956576.381",
"St. Vincent and the Grenadines","VCT","GDP (constant 2015 US$)","NY.GDP.MKTP.KD","159345007.065528","166559007.177394","172712132.880992","161891132.892925","167832093.276674","169317298.32464","169317298.32464","153191834.631302","163164172.621043","167832046.546046","185867093.017141","191383722.401727","240820987.171077","214086642.797826","195202934.328404","180350510.363183","199065158.56316","225400306.904304","247438763.059867","255807678.655701","262056344.769229","274147373.235624","286420537.560707","292631842.177506","311905567.345789","331179292.154605","349724473.169205","351256283.751094","400694532.739368","406326738.470468","423185993.807571","427991589.004869","455288638.440508","474641732.705092","468719991.550332","505123833.920342","511629384.408127","529562766.24073","551222915.673932","566162769.409356","575442357.828232","585502419.631668","616780702.911886","658051576.157716","685128416.494525","702178229.987386","751309123.00666","776274889.240281","779416014.229364","768674152.560189","734310821.044753","729858865.987443","738391734.91399","756574514.514743","765242794.423219","786555555.555555","819195102.035842","831877075.602191","858294259.20171","864031342.481725","827146498.160775","844461993.24839","870731795.635827","917110146.812992","954361646.832288","986735188.198088",
"Venezuela, RB","VEN","GDP (constant 2015 US$)","NY.GDP.MKTP.KD","33133349892.5121","34191138528.5873","37108645732.0154","38556235879.5755","42847292502.6985","44630968159.0471","45305007405.2179","46588891979.5617","50007227376.9873","50360296803.0062","54244039774.5944","55046467086.9233","55752605938.9613","59716592746.562","60952328027.1865","62717664569.8085","67564322525.751","71801134923.358","73486233153.8661","74047928958.1572","70774031314.7421","69880983600.9914","71667079028.4928","64745959246.925","68094888173.49","68541412030.3654","72783388670.6812","76355579525.6839","81267341951.3127","69880983600.9914","74569484098.1826","81713865808.1881","86625628233.8169","86848890162.2545","84839532806.3155","88188461732.8806","87965199804.4429","93546748015.3847","93993271872.2601","88411723661.3183","91537390659.4457","94663057657.5731","86402366305.3792","79704508452.249","94216533800.6977","103816796723.518","114086845431.651","124133632211.346","130608228136.038","126589513424.16","124580156068.221","129715180422.288","137082824060.731","138868919488.232","133510633205.728","125249941853.534","103816796723.518","87518675947.5676","70327507457.8668","50903719683.7893","35721908550.0276","35945170478.4652","38847575548.155","40410409047.2187","42643028331.5954","43312814116.9084",
"British Virgin Islands","VGB","GDP (constant 2015 US$)","NY.GDP.MKTP.KD","","","","","","","","","","","","","","","","","","","","","","","","","","","","","","","","","","","","","","","","","","","","","","","","","","","","","","","","","","","","","","","","","","",
"Virgin Islands (U.S.)","VIR","GDP (constant 2015 US$)","NY.GDP.MKTP.KD","","","","","","","","","","","","","","","","","","","","","","","","","","","","","","","","","","","","","","","","","","","4688209978.65528","4669640875.1334","4823080309.4984","4991179562.4333","5166120064.03415","5373312166.48879","5438792689.43436","5080115795.09071","5110412753.46852","4691141942.36926","3996266542.15582","3745094983.99146","3678637139.8079","3663000000","3721639274.27962","3694274279.6158","3763664087.51334","3873124066.16862","3810575506.93703","3950332443.97012","3898534418.35646","","","",
"Viet Nam","VNM","GDP (constant 2015 US$)","NY.GDP.MKTP.KD","","","","","","","","","","","","","","","","","","","","","","","","","34363462779.8136","35671286575.7778","36666262766.8568","37980187158.0424","39930474201.495","42871159122.6828","45057981854.8071","47743817832.1663","51871770980.839","56059239339.3434","61014304826.6384","66835362482.4846","73077797034.1306","79035160538.4626","83591107164.2471","87581401291.5701","93525828108.839","99317782863.096","105595482130.707","112880581486.059","121387725604.567","130549157968.493","139658819217.11","149615800998.365","158086705343.275","166620063722.291","177322478338.404","188694468366.268","199081239731.688","210137237901.389","223632762207.56","239258328381.741","255264731908.124","272980590259.187","293358610036.841","314947640805.601","323972192107.065","332245562394.77","360611028653.678","378564624231.768","405213877699.255","437707289646.964",
"Vanuatu","VUT","GDP (constant 2015 US$)","NY.GDP.MKTP.KD","","","","","","","","","","","","","","","","","","","","378031594.167899","334936723.138458","349600107.772497","356521781.277475","367251765.104468","402416090.3406","406446783.747113","405835230.264745","394090623.614734","387419131.079815","393353979.647336","439359480.25271","453188928.319884","464905737.084334","468324877.00848","510855641.918584","515984351.804802","527993038.367655","553900667.711588","560419271.875914","562309528.094141","595625293.940389","575388433.251136","545477908.386254","568869829.086811","591552903.705533","622936716.50521","675641507.531065","695072229.539014","734003168.268819","756297072.489673","765817848.294707","789863019.305977","797841012.462315","801538131.242085","826426927.990477","855360239.609869","886322640.615555","923754899.02468","946990363.680536","978021084.194179","922026415.473392","911300252.724291","962259773.708716","1018356921.69144","1056704661.50717","1088971965.11482",
"World","WLD","GDP (constant 2015 US$)","NY.GDP.MKTP.KD","11078650356186.5","11512248576346.7","12124837374807.8","12733441858139.7","13577635041682.4","14342184589594.3","15119371174428.4","15684543249429.4","16617338011296.5","17607949788446.4","18270953231134","19021702761108.1","20075079346231.8","21371473168822.6","21797173060901.1","21974707391344.7","23122051557706.6","24033395371554","25027685013912.5","26064050746546.4","26537198843810.2","27038267577082.4","27149421809913","27849028595890","29165763942448.7","30233209211757.3","31232431070054.6","32404086739527.5","33871724575563.2","35104060312854.2","36054803450838.3","36496540148779.4","37249545850069.7","37941652466089.8","39237825663961.5","40484832492067.8","41936713327029.1","43612835337831.4","44825818551442.8","46429941035573.1","48550490166230.6","49536038159389.3","50684736953402.6","52242868476707.5","54591383204955.8","56807330097271.8","59357487895115.9","61987756942770.2","63284295644439.1","62440691845650.1","65263543198396.9","67426584814614.5","69279085457391.3","71281076205614.5","73539611353222.6","75839351828606.2","77955073125299.9","80641861942532.2","83292262266946.2","85524752058522","83056326526016.6","88442603118342.5","91485038370116.5","94100947773550","96829887869984.7","99658553419775.2",
"Samoa","WSM","GDP (constant 2015 US$)","NY.GDP.MKTP.KD","","","","","","","","","","","340680797.831927","386718743.924115","392857136.650874","421502969.090635","376488089.236962","362165172.589415","395926332.80042","392857136.650874","417410707.557907","462946425.49521","434275788.370464","395064496.158969","391269845.941022","392956359.667481","398015901.274528","413616120.207007","436383943.251631","438492096.849798","432167726.720698","448189539.764517","428373059.396072","418520425.969748","417683438.918314","434808422.364804","423755155.368834","452035062.253032","484486518.417844","487603825.819919","498306192.056756","509196346.865605","535129944.383763","574676737.921687","607157232.67461","638806086.213381","658527692.510763","702248686.864592","717221521.755092","720707093.19579","746336191.822415","742293455.836928","787756851.010821","818078226.23594","787546481.622133","788391466.046139","793594248.721633","824150498.653536","889949544.378272","902464748.18719","896962897.99084","936894420.746212","907769700.504801","861986282.12791","881527968.925758","1015816470.59538","1064051361.64931","1108788407.22014",
"Kosovo","XKX","GDP (constant 2015 US$)","NY.GDP.MKTP.KD","","","","","","","","","","","","","","","","","","","","","","","","","","","","","","","","","","","","","","","","","","","","","","","","","4580658930.81897","4811288426.56325","5048963715.36105","5368048640.7013","5459960152.59947","5751565656.32741","5944174362.19959","6295845465.35898","6646635812.01545","6967379568.811","7204732569.61472","7547447329.55877","7144392850.58363","7912104735.45137","8250624054.13531","8586228667.01497","8978885247.03424","9301422197.20169",
"Yemen, Rep.","YEM","GDP (constant 2015 US$)","NY.GDP.MKTP.KD","","","","","","","","","","","","","","","","","","","","","","","","","","","","","","","23918014718.5428","25423293506.2713","27509935270.5137","28610873631.5478","30534082000.5109","32265172488.9706","33760652688.5079","35526710256.2153","37660691242.2779","39082582125.1821","41498634363.6833","43077095456.5446","44772278888.5091","46450074454.9115","48295394891.1286","50995951705.5725","52612732131.2711","54369170289.1837","56352323545.813","58531033711.6239","63038676060.5744","55023373390.1327","56340077330.5769","59057651713.0868","58946215687.1767","42444490073.8555","38465266584.2701","36514386855.1096","36789138480.0859","","","","","","","",
"South Africa","ZAF","GDP (constant 2015 US$)","NY.GDP.MKTP.KD","65652787805.9248","68176962953.7039","72388888580.9052","77726634753.2789","83897825365.4676","89034719819.5419","92986424438.8101","99678213920.999","103818221927.864","108714188432.46","114420228110.938","119316194615.533","121290674451.497","126836017069.922","134587120944.563","136868956455.659","139948316809.936","139816794618.765","144031543620.374","149491087027.625","159388269160.579","167932741243.855","167288855024.707","164199769714.136","172572564947.995","170481777771.837","170512207473.79","174094206899.749","181406354481.02","185750664997.127","185160422891.731","183275036203.752","179358388483.382","181570878123.149","187381146228.486","193189961762.588","201497130113.101","206736055498.991","207769735777.192","212756209430.574","221691970228.101","227677653424.683","236102579035.79","243065422272.369","254135982543.496","267546870424.295","282539679229.874","297685145427.081","307184409060.741","302459639039.778","311653604140.269","321528523981.702","329233094599.263","337416077838.151","342186555600.731","346709790458.563","349013858372.625","353055253707.071","358551560868.533","359483563936.676","337307318679.639","353695896167.047","360975440918.611","363885280375.697","365831497261.341","369909150542.474",
"Zambia","ZMB","GDP (constant 2015 US$)","NY.GDP.MKTP.KD","3745698444.11593","3796691708.18908","3702122212.39459","3823270196.55299","4290246254.21526","5004463110.09913","4725699010.60927","5099960030.32005","5163624360.46018","5141063668.58449","5387686297.19132","5383050756.09907","5878768640.77048","5822212020.16877","6196473039.87955","6055854684.90596","6432587907.06376","6138989402.86171","6172984906.577","5986318100.43461","6168040110.67307","6548482197.51558","6364287627.82108","6239121864.17488","6218106324.32923","6318548040.45408","6364287627.82108","6534574435.21006","6944994654.29038","6873912509.77869","6840844039.47996","6838372211.04238","6720005310.13323","7176782487.17512","6557753279.70008","6747775256.59298","7167388797.89361","7440753543.99756","7412051123.98383","7756725565.34734","8059030210.46366","8487518230.93072","8869967014.46174","9485983915.84691","10153075785.3691","10887711636.03","11748243095.7729","12729507610.1931","13719086269.626","14984033821.7868","16527123087.7163","17447560252.6576","18773117888.8094","19722575262.7917","20648211567.0616","21251216798.7762","22049221308.1088","22826646593.6169","23747586257.2512","24089861649.0155","23418945736.8993","24879098747.8861","26175604214.1895","27580695690.34","28634291574.827","29710290472.2068",
"Zimbabwe","ZWE","GDP (constant 2015 US$)","NY.GDP.MKTP.KD","4352412133.30671","4627317328.53696","4693694848.57618","4986785324.99555","4931622909.03525","5173793733.08764","5252597339.00725","5692082627.38172","5804224337.64361","6525587026.7977","7998095582.54326","8711332685.8633","9436967074.2565","9682773142.61115","10324271737.8157","10124887002.7458","10171951416.7135","9474084020.95644","9217627910.41292","9521536365.61077","10894607028.1111","12259202844.388","12582146675.1074","12781612133.5556","12537820762.2848","13408495653.6255","13689943882.6971","13847479159.9862","14893292646.4049","15667709079.858","16762655222.26","17689930170.3523","16095082948.9899","16264301854.93","17766348463.0284","17794425481.2752","19638059365.7445","20164466643.9014","20746271024.8557","20576588256.0031","19947126180.8466","20234268508.5287","18434630065.6726","15301651166.8693","14413001709.4786","13589857106.157","13119457397.7207","12640170700.3122","10406779091.4808","11787972496.3516","14107304144.8004","16109682999.8506","18794430788.9262","19168343271.8446","19623972034.3634","19973250000","20124206636.7998","21076969325.2127","22132908952.043","20731353612.1651","19110793941.1996","20729099176.6536","22001713149.7897","23178995952.2035","23567590555.905","25478147584.7432",
